time_stamp,time,cpu_freq,cpu,cpu_user_time,cpu_system_time,cpu_idle_time,memory,net_sent,net_recv,net_upload_rate,net_download_rate,gpu,gpu_mem,cpu_times_user_ipykernel,cpu_times_system_ipykernel,cpu_times_children_user_ipykernel,cpu_times_children_system_ipykernel,io_counters_read_count_ipykernel,io_counters_write_count_ipykernel,io_counters_read_bytes_ipykernel,io_counters_write_bytes_ipykernel,io_counters_read_chars_ipykernel,io_counters_write_chars_ipykernel,memory_percent_ipykernel
29-5-2021 19:20:58,1622330458.0130138,1500.0,45.3,145.88,50.86,720.46,10.5,5175670,5635555,0.0,0.0,0,0,32.73,4.06,0.02,0.06,13586,312,173654016,602112,43391717,561576,3.0326823969405825
29-5-2021 19:21:4,1622330464.5056522,1500.0,44.4,156.53,52.03,734.35,10.4,5491541,6534201,0.000486506383068011,0.001384099886088105,0,0,38.81,4.26,0.02,0.06,14645,318,173785088,602112,43472090,567828,3.0359560927943967
29-5-2021 19:21:9,1622330469.5090027,1500.0,63.5,165.85,54.33,742.36,10.4,5678797,7051687,0.0003742612078421685,0.0010342789304556993,0,0,43.94,5.67,0.02,0.06,15699,321,175796224,602112,43549343,570954,3.129653236246757
29-5-2021 19:21:14,1622330474.5338476,1500.0,91.5,176.1,59.26,747.18,10.4,5830699,7281456,0.0003023018689737251,0.00045726585648789243,0,0,50.86,10.32,0.02,0.06,16756,326,175796224,602112,43629298,576774,3.135010193098454
29-5-2021 19:21:19,1622330479.5339344,1500.0,59.9,184.72,63.92,753.65,10.4,5977557,7484276,0.00029371090209730325,0.00040563295948041673,0,0,56.03,14.15,0.02,0.06,17809,329,175796224,602112,43706911,580266,3.0856071465772517
29-5-2021 19:21:24,1622330484.538531,1500.0,65.0,195.32,69.46,757.41,10.4,6127524,7711432,0.0002996585113325838,0.00045389471550584065,0,0,62.95,18.93,0.02,0.06,18864,333,175796224,602112,43785684,584922,3.1378870773336245
29-5-2021 19:21:29,1622330489.5437536,1500.0,95.8,206.4,74.67,760.97,10.4,6285632,7959695,0.0003158860532914472,0.0004960079138835135,0,0,70.32,23.59,0.02,0.06,19923,339,175796224,602112,43866799,591906,3.133472548076208
29-5-2021 19:21:34,1622330494.5439217,1500.0,87.0,218.18,79.49,764.28,10.4,6440698,8185595,0.0003101215746369305,0.0004517848123410845,0,0,78.67,27.93,0.02,0.06,20978,343,175796224,602112,43945594,596562,3.137391062810319
29-5-2021 19:21:39,1622330499.5570934,1500.0,93.2,229.89,84.68,767.13,10.4,6594285,8425076,0.00030636692701483433,0.0004777035689767984,0,0,86.62,32.3,0.02,0.06,22035,348,175796224,602112,44025549,602382,3.13843269330926
29-5-2021 19:21:44,1622330504.5603542,1500.0,95.0,241.15,90.72,769.62,10.4,6749265,8672004,0.00030975798507872,0.0004935341317558277,0,0,94.13,37.84,0.02,0.06,23092,353,175796224,602112,44105512,608202,3.1362006279543864
29-5-2021 19:21:49,1622330509.5681438,1500.0,91.5,253.14,96.16,772.19,10.4,6906996,8915909,0.0003149712991692325,0.00048705121202472347,0,0,102.36,42.52,0.02,0.06,24151,359,175796224,602112,44186637,615186,3.1377382729766325
29-5-2021 19:21:54,1622330514.5757391,1500.0,87.7,263.93,101.37,775.78,10.4,7062619,9154347,0.00031077391573364606,0.0004761526954222647,0,0,109.64,46.86,0.02,0.06,25208,364,175796224,602112,44266577,621006,3.1382838889522686
29-5-2021 19:21:59,1622330519.5796072,1500.0,89.5,273.08,106.35,781.34,10.5,7205120,9347798,0.00028478168701886206,0.00038660291601803415,0,0,115.45,51.24,0.02,0.06,26261,367,175796224,602112,44344188,624498,3.1385318962139213
29-5-2021 19:22:4,1622330524.5834358,1500.0,61.1,285.18,111.29,784.03,10.5,7361859,9588081,0.00031323815194683253,0.00048019830970110036,0,0,123.91,55.55,0.02,0.06,27318,372,175796224,602112,44424130,630318,3.1316372943399786
29-5-2021 19:22:9,1622330529.5875905,1500.0,45.7,295.1,115.51,789.72,10.4,7512603,9809971,0.0003012376906282002,0.00044341155318613904,0,0,130.29,59.38,0.02,0.06,28337,376,175796224,602112,44501056,634972,3.1410119688304476
29-5-2021 19:22:14,1622330534.594091,1500.0,86.1,305.7,120.67,793.75,10.4,7665980,10041433,0.00030635570801263026,0.0004623229355641291,0,0,137.1,63.84,0.02,0.06,29346,381,175796224,602112,44578500,640792,3.138879106380235
29-5-2021 19:22:19,1622330539.5980577,1500.0,94.9,316.05,125.5,798.34,10.4,7816498,10260030,0.0003007973589068655,0.0004368474220024454,0,0,144.09,67.94,0.02,0.06,30342,385,175796224,602112,44654166,645448,3.0890792482403886
29-5-2021 19:22:24,1622330544.6018043,1500.0,93.6,327.47,131.04,801.26,10.4,7973422,10506671,0.0003136130091731002,0.0004929126596024993,0,0,152.0,72.67,0.02,0.06,31340,390,175796224,602112,44730993,651268,3.138879106380235
29-5-2021 19:22:29,1622330549.6039255,1500.0,67.7,338.45,135.89,805.22,10.4,8125440,10734831,0.00030390706985089955,0.0004561264919758268,0,0,159.05,76.72,0.02,0.06,32338,395,175796224,602112,44807844,657088,3.138779903475574
29-5-2021 19:22:34,1622330554.6078494,1500.0,79.1,350.05,141.19,808.17,10.4,8281653,10973691,0.00031218100702792807,0.0004773453895558686,0,0,167.15,81.34,0.02,0.06,33336,400,175796224,602112,44884681,662908,3.136597439573031
29-5-2021 19:22:39,1622330559.609733,1500.0,93.1,360.0,145.63,813.71,10.4,8432314,11198091,0.00030120851997965056,0.0004486309787100416,0,0,173.65,85.38,0.02,0.06,34332,404,175796224,602112,44960383,667562,3.135754214883412
29-5-2021 19:22:44,1622330564.6102967,1500.0,65.9,370.71,150.26,818.18,10.4,8580362,11415610,0.0002960626265464232,0.00043498896617145396,0,0,180.61,89.71,0.02,0.06,35328,408,175796224,602112,45036073,672216,3.1322325117679446
29-5-2021 19:22:49,1622330569.6139858,1500.0,87.9,381.37,155.23,822.37,10.4,8734652,11645829,0.00030835249440451046,0.000460098534638097,0,0,187.62,93.72,0.02,0.06,36326,413,175796224,602112,45112942,678036,3.123552257610103
29-5-2021 19:22:54,1622330574.617873,1500.0,91.5,394.44,160.0,824.28,10.5,8980038,11974372,0.0004903907529165482,0.0006565755549846425,0,0,197.27,97.82,0.02,0.06,37324,418,175796224,602112,45189813,683852,3.0935433789501356
29-5-2021 19:22:59,1622330579.621621,1500.0,70.9,403.83,164.61,830.21,10.5,9119784,12153839,0.00027928265307110414,0.0003586651489038101,0,0,202.58,101.98,0.02,0.06,38316,420,175796224,602112,45263167,686180,3.136101425049725
29-5-2021 19:23:4,1622330584.6239564,1500.0,60.1,412.42,168.59,837.45,10.4,9268437,12358595,0.0002971671903287668,0.0004093208022909526,0,0,207.73,104.95,0.02,0.06,39318,424,175796224,602112,45339236,690836,3.095924248662001
29-5-2021 19:23:9,1622330589.6282003,1500.0,58.0,423.59,174.06,840.65,10.4,9424050,12605226,0.0003109620646843252,0.0004928436889923065,0,0,215.15,109.94,0.02,0.06,40322,429,175796224,602112,45416464,696652,3.1408135630211254
29-5-2021 19:23:14,1622330594.63199,1500.0,65.9,433.16,178.91,846.16,10.4,9574690,12831518,0.000301051822990111,0.0004522412315990321,0,0,220.9,114.11,0.02,0.06,41326,434,175796224,602112,45493690,702472,3.130198852222393
29-5-2021 19:23:19,1622330599.6340156,1500.0,66.3,442.9,184.63,850.51,10.4,9725613,13053925,0.000301723765411809,0.0004446338695490032,0,0,227.09,119.19,0.02,0.06,42328,438,175796224,602112,45569748,707128,3.1405655557594727
29-5-2021 19:23:24,1622330604.6378381,1500.0,93.4,454.0,190.37,853.44,10.4,9878017,13289539,0.0003045751483348249,0.0004708680152736243,0,0,234.82,124.32,0.02,0.06,43337,443,175796224,602112,45647246,712946,3.137043852644005
29-5-2021 19:23:29,1622330609.6415973,1500.0,69.4,464.73,196.08,856.96,10.5,10033331,13524612,0.0003103946362652781,0.0004697927960826952,0,0,242.07,128.97,0.02,0.06,44346,448,175796224,602112,45724748,718766,3.1379862802382856
29-5-2021 19:23:34,1622330614.643927,1500.0,92.9,476.09,201.17,860.29,10.4,10187832,13761524,0.00030885808285972095,0.00047360331730190877,0,0,249.67,133.59,0.02,0.06,45355,453,175796224,602112,45802244,724586,3.135853417788073
29-5-2021 19:23:39,1622330619.648107,1500.0,59.6,485.13,204.77,867.51,10.5,10332882,13957950,0.00028985768161420537,0.0003925238536280724,0,0,255.17,136.36,0.02,0.06,46360,456,175796224,602112,45877417,728079,3.0817878347478014
29-5-2021 19:23:44,1622330624.6519244,1500.0,90.4,495.33,209.52,872.5,10.4,10482963,14180774,0.0002999330119507626,0.0004453080233668267,0,0,261.67,140.72,0.02,0.06,47367,460,175796224,602112,45953759,732739,3.1377382729766325
29-5-2021 19:23:49,1622330629.6541986,1500.0,54.9,504.14,214.02,878.95,10.5,10631569,14390890,0.0002970768731092172,0.0004200409422918071,0,0,266.81,144.39,0.02,0.06,48374,464,175796224,602112,46030121,737399,3.155148382744647
29-5-2021 19:23:54,1622330634.6590595,1500.0,90.8,515.56,218.48,883.0,10.5,10781868,14618532,0.00030030604978642246,0.00045484181388752274,0,0,274.5,148.37,0.02,0.06,49383,469,175796224,602112,46107618,743224,3.1374406642626496
29-5-2021 19:23:59,1622330639.6680036,1500.0,82.8,523.12,222.52,891.05,10.5,10924615,14799918,0.0002849842182596306,0.000362124229673768,0,0,278.7,151.82,0.02,0.06,50386,471,175796224,602112,46181669,745554,3.1039100824872152
29-5-2021 19:24:4,1622330644.6689525,1500.0,83.5,533.18,227.7,895.7,10.4,11081706,15040198,0.0003141223854802031,0.0004804688160568282,0,0,285.46,156.1,0.02,0.06,51395,476,175796224,602112,46259235,751379,3.0942874007350936
29-5-2021 19:24:9,1622330649.672723,1500.0,91.3,544.63,233.02,898.54,10.5,11233822,15275160,0.00030400274606756883,0.00046956988891062157,0,0,293.07,160.71,0.02,0.06,52404,481,175796224,602112,46336779,757204,3.1389783092848953
29-5-2021 19:24:14,1622330654.6739533,1500.0,93.0,554.19,237.59,904.25,10.4,11385576,15497666,0.00030343334084135333,0.00044490253263338147,0,0,299.48,164.86,0.02,0.06,53411,485,175796224,602112,46413168,761864,3.1424504109480327
29-5-2021 19:24:19,1622330659.6777453,1500.0,57.5,564.61,242.2,908.95,10.4,11535922,15714211,0.00030046412515303807,0.0004327617893476689,0,0,306.36,168.78,0.02,0.06,54418,489,175796224,602112,46489545,766524,3.1067373652700554
29-5-2021 19:24:24,1622330664.6815565,1500.0,75.3,575.2,247.54,912.88,10.5,11686917,15945211,0.0003017599912328788,0.0004616481206317759,0,0,313.11,173.36,0.02,0.06,55427,494,175796224,602112,46567091,772347,3.140069541236167
29-5-2021 19:24:29,1622330669.684506,1500.0,81.9,586.05,252.67,916.73,10.5,11843107,16185018,0.0003121958371590855,0.00047933124477629054,0,0,320.37,177.82,0.02,0.06,56436,499,175796224,602112,46644648,778170,3.136101425049725
29-5-2021 19:24:34,1622330674.702749,1500.0,90.9,597.03,257.6,920.66,10.5,11999180,16423806,0.0003110112397616937,0.0004758398436642809,0,0,327.86,181.95,0.02,0.06,57445,504,175796224,602112,46722190,783995,3.1392759179988787
29-5-2021 19:24:39,1622330679.7040162,1500.0,72.1,606.67,262.22,926.23,10.5,12147154,16638838,0.0002958730142540569,0.0004299550326481569,0,0,333.85,185.89,0.02,0.06,58452,508,175796224,602112,46798576,788655,3.142847222566677
29-5-2021 19:24:44,1622330684.7050018,1500.0,93.7,617.89,267.48,929.67,10.5,12303099,16878901,0.00031182853096261025,0.0004800313740644273,0,0,341.4,190.47,0.02,0.06,59461,513,175796224,602112,46876111,794480,3.142698418209685
29-5-2021 19:24:49,1622330689.7088594,1500.0,94.0,628.59,272.43,933.72,10.5,12451640,17102064,0.00029685297124696844,0.0004459819149082558,0,0,348.75,194.76,0.02,0.06,60468,517,175796224,602112,46952489,799138,3.1418551935200663
29-5-2021 19:24:54,1622330694.7126894,1500.0,36.0,638.91,276.15,939.55,10.6,12706302,17404834,0.0005089341609058004,0.0006050765167062584,0,0,354.89,197.52,0.02,0.06,61479,520,175796224,602112,47028024,802633,3.1437400487086267
29-5-2021 19:24:59,1622330699.7139487,1500.0,87.2,644.93,278.41,951.1,10.5,12833852,17556194,0.0002550357653182787,0.00030264377450862147,0,0,357.44,199.18,0.02,0.06,62486,521,175796224,602112,47101217,803798,3.143343237089982
29-5-2021 19:25:4,1622330704.7142048,1500.0,89.9,654.01,282.74,957.57,10.5,12983282,17772536,0.0002988446954725772,0.00043266184238726024,0,0,363.08,202.59,0.02,0.06,63499,525,175796224,602112,47177911,808458,3.138631099118582
29-5-2021 19:25:9,1622330709.7181232,1500.0,58.0,663.5,286.95,963.73,10.5,13130022,17982483,0.00029325018514667105,0.00041956519436410077,0,0,369.26,206.3,0.02,0.06,64512,529,175796224,602112,47254650,813116,3.142797621114346
29-5-2021 19:25:14,1622330714.7339585,1500.0,94.0,675.55,291.63,966.9,10.5,13283264,18217188,0.0003055164120970411,0.0004679280451915012,0,0,377.81,210.68,0.02,0.06,65527,534,175796224,602112,47332542,818941,3.135307801812437
29-5-2021 19:25:19,1622330719.7377098,1500.0,89.8,685.6,296.82,971.33,10.5,13431754,18433734,0.000296757356136253,0.00043276731390585923,0,0,384.5,215.33,0.02,0.06,66538,537,175796224,602112,47408082,822434,3.1405655557594727
29-5-2021 19:25:24,1622330724.7417934,1500.0,93.5,695.65,301.82,976.17,10.5,13583909,18657841,0.0003040616647246645,0.00044784823039959506,0,0,390.59,219.76,0.02,0.06,67553,542,175796224,602112,47485898,828259,3.139523925260532
29-5-2021 19:25:29,1622330729.7439494,1500.0,84.5,704.66,306.68,982.07,10.5,13736060,18877976,0.00030417084036496065,0.0004400802357115012,0,0,396.4,223.72,0.02,0.06,68566,546,175796224,602112,47562582,832919,3.138779903475574
29-5-2021 19:25:34,1622330734.7472425,1500.0,93.2,714.01,310.65,988.62,10.5,13885406,19094326,0.0002984954086902223,0.0004324152081082158,0,0,402.11,227.01,0.02,0.06,69579,550,175796224,602112,47639326,837579,3.0919065310232283
29-5-2021 19:25:39,1622330739.7502754,1500.0,48.9,723.59,315.35,994.32,10.4,14036552,19320199,0.00030210874550287524,0.00045147214397318447,0,0,407.9,231.26,0.02,0.06,70592,554,175796224,602112,47716032,842237,3.1456249038971857
29-5-2021 19:25:44,1622330744.7539504,1500.0,52.6,732.9,319.94,1000.25,10.5,14186846,19538023,0.0003003672310476604,0.0004353280352890041,0,0,413.49,235.28,0.02,0.06,71605,558,175796224,602112,47792733,846897,3.147013744562441
29-5-2021 19:25:49,1622330749.757792,1500.0,90.1,743.94,324.15,1004.87,10.5,14338905,19764599,0.00030388451710395355,0.00045280409806289256,0,0,420.91,238.61,0.02,0.06,72620,563,175796224,602112,47870635,852722,3.144632874850575
29-5-2021 19:25:54,1622330754.7616117,1500.0,20.9,751.32,326.35,1015.17,10.5,14469994,19930923,0.00026197786441775145,0.00033239407060407886,0,0,424.42,240.03,0.02,0.06,73629,565,175796224,602112,47945030,855052,3.140168744140828
29-5-2021 19:25:59,1622330759.7641513,1500.0,82.1,756.75,327.85,1028.1,10.5,14602991,20080056,0.00026585896307017217,0.0002981145795735542,0,0,426.72,241.04,0.02,0.06,74636,566,175796224,602112,48018214,856217,3.1277187796058668
29-5-2021 19:26:4,1622330764.768107,1500.0,19.2,761.64,329.11,1041.83,10.4,14726458,20205225,0.00024673879987007884,0.00025014010902458064,0,0,427.92,241.64,0.02,0.06,75635,566,175796224,602112,48089903,856217,3.0829286681514034
29-5-2021 19:26:9,1622330769.7720294,1500.0,69.1,770.5,333.59,1048.29,10.6,14878241,20441245,0.00030332804142868113,0.000471669978442891,0,0,433.63,245.68,0.02,0.06,76642,570,175796224,602112,48166274,860875,3.1369446497393443
29-5-2021 19:26:14,1622330774.7746582,1500.0,61.7,781.95,338.65,1051.44,10.5,15039363,20703381,0.0003220746658141486,0.000523996503257517,0,0,441.99,250.2,0.02,0.06,77653,576,175796224,602112,48244957,867863,3.1407143601164647
29-5-2021 19:26:19,1622330779.7759411,1500.0,72.1,792.72,343.3,1055.61,10.5,15186558,20917332,0.00029431448300204114,0.00042779223446971505,0,0,449.3,254.42,0.02,0.06,78660,580,175796224,602112,48321317,872523,3.1606045425010048
29-5-2021 19:26:24,1622330784.7797658,1500.0,61.4,803.9,348.44,1059.12,10.4,15342360,21158269,0.0003113658231518268,0.0004815056760037207,0,0,457.29,258.99,0.02,0.06,79675,585,175796224,602112,48399122,878348,3.084763921887633
29-5-2021 19:26:29,1622330789.7859178,1500.0,93.2,813.95,353.37,1063.99,10.5,15497943,21396388,0.0003107836171458619,0.00047565276496246687,0,0,463.6,263.21,0.02,0.06,80690,590,175796224,602112,48476927,884169,3.136647041025361
29-5-2021 19:26:34,1622330794.791009,1500.0,55.8,823.47,357.34,1070.14,10.5,15650221,21616444,0.000304246204932207,0.000439664317055397,0,0,470.1,266.53,0.02,0.06,81703,594,175796224,602112,48553584,888829,3.1389287078325654
29-5-2021 19:26:39,1622330799.7964852,1500.0,64.4,832.51,361.52,1076.89,10.4,15799110,21831511,0.00029745221627256564,0.00042966341232120484,0,0,475.59,269.85,0.02,0.06,82716,598,175796224,602112,48630265,893489,3.1225602285634926
29-5-2021 19:26:44,1622330804.800316,1500.0,94.5,844.19,366.84,1079.64,10.5,15964349,22102740,0.0003302249875764666,0.0005420426966719567,0,0,483.76,274.51,0.02,0.06,83733,604,175796224,602112,48709251,900477,3.1510810636535433
29-5-2021 19:26:49,1622330809.8040607,1500.0,93.2,855.08,371.14,1084.21,10.5,16120387,22336950,0.0003118424548113219,0.0004680694532188294,0,0,490.92,278.23,0.02,0.06,84748,609,175796224,602112,48787091,906302,3.0889800453357275
29-5-2021 19:26:54,1622330814.8078125,1500.0,86.0,865.9,375.88,1088.41,10.6,16404944,22703455,0.0005686872849542599,0.0007324603976432174,0,0,497.5,282.12,0.02,0.06,85763,614,175796224,602112,48864941,912125,3.144533671945914
29-5-2021 19:26:59,1622330819.8118744,1500.0,74.3,876.21,380.99,1092.8,10.5,16551772,22915244,0.0002934176311939882,0.00042323416986503646,0,0,504.36,286.7,0.02,0.06,86774,617,175796224,602112,48940438,915620,3.1438888530656177
29-5-2021 19:27:4,1622330824.816207,1500.0,93.5,887.77,385.91,1096.32,10.5,16711305,23157736,0.0003187897659632166,0.0004845641210780987,0,0,512.58,290.79,0.02,0.06,87789,622,175796224,602112,49018301,921445,3.150287440416255
29-5-2021 19:27:9,1622330829.8200395,1500.0,91.4,900.13,390.36,1099.38,10.5,16871470,23411800,0.0003200846500802021,0.0005077388102143194,0,0,521.48,294.82,0.02,0.06,88806,628,175796224,602112,49097299,928435,3.149394614274306
29-5-2021 19:27:14,1622330834.823713,1500.0,87.9,910.62,394.68,1104.28,10.5,17026180,23640894,0.0003091928327194909,0.00045785161152504073,0,0,528.33,298.34,0.02,0.06,89819,632,175796224,602112,49173959,933095,3.1240978735857383
29-5-2021 19:27:19,1622330839.82814,1500.0,70.3,921.74,399.73,1107.79,10.5,17184041,23890364,0.00031544270978949685,0.000498498633678906,0,0,535.88,302.92,0.02,0.06,90828,637,175796224,602112,49251475,938920,3.1524699043187985
29-5-2021 19:27:24,1622330844.8318932,1500.0,79.8,934.1,404.41,1110.6,10.5,17344923,24142760,0.0003215226531826781,0.0005044133686347462,0,0,544.42,306.74,0.02,0.06,91839,643,175796224,602112,49330159,945910,3.147162548919433
29-5-2021 19:27:29,1622330849.8339255,1500.0,77.7,944.17,409.08,1115.59,10.5,17502478,24384078,0.0003149819736889017,0.0004824399094072443,0,0,550.8,310.72,0.02,0.06,92854,648,175796224,602112,49408032,951735,3.1509818607488826
29-5-2021 19:27:34,1622330854.8419616,1500.0,74.5,955.01,413.39,1120.24,10.5,17658809,24624836,0.00031216028745608353,0.0004807433361735789,0,0,558.45,314.37,0.02,0.06,93874,653,175796224,602112,49486211,957560,3.150089034606933
29-5-2021 19:27:39,1622330859.8439467,1500.0,57.7,966.02,417.06,1125.37,10.5,17810541,24856377,0.00030334356816918485,0.00046289822263900315,0,0,565.7,317.65,0.02,0.06,94894,658,175796224,602112,49564392,963383,3.1467657373007887
29-5-2021 19:27:44,1622330864.853971,1500.0,94.5,977.49,422.03,1128.82,10.5,17971903,25105490,0.0003220782775545225,0.0004972291243070844,0,0,573.51,321.87,0.02,0.06,95914,663,175796224,602112,49642571,969208,3.0919561324755587
29-5-2021 19:27:49,1622330869.857696,1500.0,60.6,990.22,426.73,1131.36,10.5,18126653,25352352,0.00030926959094577136,0.0004933564443299193,0,0,582.37,326.34,0.02,0.06,96936,669,175796224,602112,49721918,976198,3.144434469041254
29-5-2021 19:27:54,1622330874.8662372,1500.0,94.7,1001.56,431.57,1135.05,10.4,18285329,25607064,0.0003168108169714363,0.0005085552749781219,0,0,590.17,330.21,0.02,0.06,97956,674,175796224,602112,49800121,982023,3.1434424399946432
29-5-2021 19:27:59,1622330879.8700354,1500.0,81.3,1010.91,437.06,1139.98,10.5,18433591,25816934,0.0002962989167421999,0.0004194213868468353,0,0,595.8,334.88,0.02,0.06,98974,678,175796224,602112,49877141,986683,3.1450296864692193
29-5-2021 19:28:4,1622330884.8739452,1500.0,94.3,1020.31,441.09,1146.31,10.5,18589859,26044796,0.0003122917986637932,0.000455367918109461,0,0,601.99,338.24,0.02,0.06,99986,682,175796224,602112,49953817,991343,3.148700193941679
29-5-2021 19:28:9,1622330889.8777483,1500.0,72.1,1029.89,445.19,1152.33,10.5,18742660,26275264,0.00030536973487849014,0.0004605856771747296,0,0,607.72,341.61,0.02,0.06,101000,687,175796224,602112,50031710,997168,3.1484025852276956
29-5-2021 19:28:14,1622330894.8817985,1500.0,81.6,1039.9,449.93,1157.36,10.5,18902603,26520095,0.0003196270857709371,0.0004892656698722939,0,0,614.68,345.77,0.02,0.06,102014,692,175796224,602112,50109564,1002991,3.134266171313496
29-5-2021 19:28:19,1622330899.8838935,1500.0,57.1,1050.68,454.79,1161.44,10.5,19049800,26739997,0.00029427070151452026,0.00043961980070549017,0,0,621.92,350.2,0.02,0.06,103026,696,175796224,602112,50186268,1007651,3.151924288343163
29-5-2021 19:28:24,1622330904.8876603,1500.0,65.4,1060.98,459.73,1166.07,10.5,19201342,26968479,0.0003028558420291796,0.0004566200030256366,0,0,628.38,354.14,0.02,0.06,104034,701,175796224,602112,50263787,1013476,3.151577078176849
29-5-2021 19:28:29,1622330909.8884966,1500.0,70.1,1072.76,464.18,1169.84,10.4,19361016,27216906,0.00031929459016502863,0.0004967709029079722,0,0,637.02,358.05,0.02,0.06,105042,706,175796224,602112,50341304,1019299,3.1466169329437967
29-5-2021 19:28:34,1622330914.8922079,1500.0,94.3,1084.59,469.07,1172.97,10.5,19516425,27460497,0.0003105874680915683,0.0004868206599353526,0,0,644.86,362.19,0.02,0.06,106050,711,175796224,602112,50418839,1025124,3.1491962084649843
29-5-2021 19:28:39,1622330919.8939216,1500.0,57.6,1095.61,474.05,1176.77,10.4,19674453,27701207,0.00031594770874927093,0.0004812550495673995,0,0,652.29,366.76,0.02,0.06,107060,717,175796224,602112,50497505,1032114,3.1434424399946432
29-5-2021 19:28:44,1622330924.8983793,1500.0,61.4,1104.97,478.1,1183.17,10.5,19827217,27929773,0.00030525585145498973,0.00045672481045050655,0,0,657.78,370.0,0.02,0.06,108066,721,175796224,602112,50573842,1036774,3.147311353276424
29-5-2021 19:28:49,1622330929.902256,1500.0,95.0,1115.97,482.69,1187.41,10.5,19991018,28193754,0.0003273481947609514,0.0005275529685483648,0,0,665.51,374.07,0.02,0.06,109082,727,175796224,602112,50652836,1043764,3.166705521137659
29-5-2021 19:28:54,1622330934.9065423,1500.0,67.9,1127.73,486.79,1191.38,10.6,20290161,28567978,0.0005977735539325429,0.0007478069366385037,0,0,673.34,377.64,0.02,0.06,110094,731,175796224,602112,50729520,1048424,3.1447320777552363
29-5-2021 19:28:59,1622330939.9103491,1500.0,68.5,1136.18,491.58,1197.93,10.6,20437848,28772355,0.00029514928340301056,0.0004084430254122373,0,0,678.01,381.44,0.02,0.06,111106,735,175796224,602112,50806256,1053084,3.1464681285868052
29-5-2021 19:29:4,1622330944.9144664,1500.0,93.1,1147.45,495.84,1202.22,10.5,20598199,29015681,0.00032043813518921934,0.00048625159608017403,0,0,685.62,385.07,0.02,0.06,112120,740,175796224,602112,50884127,1058909,3.1466169329437967
29-5-2021 19:29:9,1622330949.9185781,1500.0,94.8,1159.86,500.5,1205.09,10.5,20754796,29257180,0.0003129366554889411,0.0004826011313366398,0,0,694.45,389.04,0.02,0.06,113134,745,175796224,602112,50961961,1064734,3.131984504506292
29-5-2021 19:29:14,1622330954.9224617,1500.0,96.3,1170.97,505.82,1208.6,10.5,20911036,29503826,0.00031223747889072177,0.0004929091475837235,0,0,701.92,393.82,0.02,0.06,114148,750,175796224,602112,51039825,1070557,3.1469641431101105
29-5-2021 19:29:19,1622330959.9239132,1500.0,74.4,1182.02,510.98,1212.18,10.5,21063039,29731347,0.0003039177731379097,0.0004549099403440087,0,0,709.03,398.11,0.02,0.06,115162,755,175796224,602112,51117679,1076382,3.141656787710744
29-5-2021 19:29:24,1622330964.9342022,1500.0,93.8,1195.01,515.79,1214.19,10.5,21217970,29969712,0.0003092256782576937,0.0004757510039817413,0,0,718.87,402.42,0.02,0.06,116181,760,175796224,602112,51195831,1082207,3.1694336010158377
29-5-2021 19:29:29,1622330969.9380267,1500.0,83.7,1206.49,520.71,1217.64,10.6,21374926,30210249,0.00031367207396038065,0.00048070631039404723,0,0,726.41,406.52,0.02,0.06,117200,765,175796224,602112,51273971,1088030,3.1485017881323567
29-5-2021 19:29:34,1622330974.9419706,1500.0,92.2,1218.36,525.37,1220.96,10.5,21537659,30473070,0.00032520947995674874,0.0005252277087727299,0,0,735.04,410.67,0.02,0.06,118221,771,175796224,602112,51353316,1095020,3.1502378389639247
29-5-2021 19:29:39,1622330979.9439397,1500.0,72.7,1228.78,530.16,1225.6,10.5,21693961,30713182,0.0003124809388163717,0.0004800349527266231,0,0,741.67,414.59,0.02,0.06,119240,776,175796224,602112,51431488,1100845,3.150287440416255
29-5-2021 19:29:44,1622330984.9478881,1500.0,93.0,1239.55,534.94,1229.77,10.5,21852030,30956114,0.0003158885459685428,0.00048548062079996736,0,0,749.16,419.02,0.02,0.06,120259,781,175796224,602112,51509654,1106668,3.1256355186079845
29-5-2021 19:29:49,1622330989.9536846,1500.0,95.7,1250.53,540.47,1233.14,10.5,22009532,31203110,0.0003146392429735578,0.0004934199848731881,0,0,756.5,423.72,0.02,0.06,121278,786,175796224,602112,51587842,1112491,3.1451288893738805
29-5-2021 19:29:54,1622330994.9539418,1500.0,75.1,1263.44,545.07,1235.54,10.5,22170822,31458130,0.00032256340387760236,0.000510013759420089,0,0,765.33,427.46,0.02,0.06,122299,792,175796224,602112,51667149,1119481,3.14408725887494
29-5-2021 19:29:59,1622330999.9578474,1500.0,69.9,1272.85,550.25,1240.89,10.5,22319101,31673611,0.00029632653728259913,0.0004306256353238945,0,0,771.19,431.91,0.02,0.06,123310,796,175796224,602112,51743828,1124141,3.1539579478887143
29-5-2021 19:30:4,1622331004.961798,1500.0,82.0,1282.86,554.69,1246.35,10.5,22475198,31900599,0.0003119475242806754,0.00045361758804731637,0,0,777.78,435.92,0.02,0.06,124321,800,175796224,602112,51820516,1128801,3.1483033823230344
29-5-2021 19:30:9,1622331009.9647453,1500.0,70.6,1295.11,559.13,1249.54,10.5,22635264,32155624,0.0003199434042109082,0.0005097495199410672,0,0,786.41,439.4,0.02,0.06,125336,806,175796224,602112,51899525,1135787,3.135754214883412
29-5-2021 19:30:14,1622331014.9685972,1500.0,70.1,1306.92,563.41,1253.15,10.5,22790693,32394730,0.00031061870614736,0.000477843879533875,0,0,794.24,443.03,0.02,0.06,126349,811,175796224,602112,51977375,1141612,3.1460217155158303
29-5-2021 19:30:19,1622331019.9724193,1500.0,68.5,1316.94,567.88,1258.38,10.5,22942215,32613782,0.000302812524761941,0.00043776936137427373,0,0,801.03,446.86,0.02,0.06,127360,815,175796224,602112,52054038,1146272,3.1313892870783255
29-5-2021 19:30:24,1622331024.973935,1500.0,82.3,1327.41,572.6,1263.01,10.5,23092547,32839186,0.0003005728887284447,0.00045067139006296964,0,0,807.92,451.09,0.02,0.06,128371,819,175796224,602112,52130723,1150932,3.1459721140635
29-5-2021 19:30:29,1622331029.9778526,1500.0,69.4,1336.78,577.27,1268.81,10.5,23247162,33068690,0.00030898789598908933,0.0004586486309936291,0,0,813.53,454.79,0.02,0.06,129384,824,175796224,602112,52208567,1156755,3.1469145416577797
29-5-2021 19:30:34,1622331034.981804,1500.0,71.1,1345.53,581.9,1275.4,10.5,23397566,33285858,0.0003005704705120184,0.00043399303170230856,0,0,818.75,458.56,0.02,0.06,130395,828,175796224,602112,52285242,1161415,3.146120918420491
29-5-2021 19:30:39,1622331039.9840226,1500.0,92.2,1357.52,587.2,1277.91,10.5,23559598,33548608,0.0003239202621136079,0.0005252669156114254,0,0,827.41,463.19,0.02,0.06,131410,834,175796224,602112,52364293,1168405,3.162142187523251
29-5-2021 19:30:44,1622331044.987905,1500.0,80.8,1366.31,591.62,1284.51,10.5,23709308,33765422,0.0002991876862581717,0.0004332915570661895,0,0,832.47,466.95,0.02,0.06,132421,838,175796224,602112,52440978,1173061,3.151378672367527
29-5-2021 19:30:49,1622331049.9917831,1500.0,70.7,1376.83,595.98,1289.48,10.6,23866158,34006033,0.00031345687553703853,0.0004808490422686795,0,0,839.41,470.52,0.02,0.06,133434,843,175796224,602112,52518852,1178886,3.150833056391891
29-5-2021 19:30:54,1622331054.995698,1500.0,81.7,1388.44,600.29,1293.31,10.6,24186135,34403847,0.0006394533293920222,0.0007950055372066054,0,0,847.51,474.42,0.02,0.06,134447,848,175796224,602112,52596718,1184711,3.1499402302499417
29-5-2021 19:30:59,1622331059.9996247,1500.0,75.0,1397.3,605.92,1298.76,10.6,24343898,34631242,0.0003152783958597274,0.0004544331105932488,0,0,853.06,479.43,0.02,0.06,135458,852,175796224,602112,52673445,1189371,3.1657630935433794
29-5-2021 19:31:5,1622331065.0035272,1500.0,95.0,1407.6,611.14,1303.11,10.6,24503128,34885744,0.0003182116399325173,0.0005086070387873234,0,0,860.6,484.48,0.02,0.06,136473,858,175796224,602112,52752502,1196361,3.16397744125948
29-5-2021 19:31:10,1622331070.007046,1500.0,89.5,1416.63,616.01,1309.02,10.6,24669012,35155475,0.00033153467784165073,0.0005390826130844825,0,0,867.26,488.98,0.02,0.06,137488,864,175796224,602112,52831539,1203351,3.1523707014141373
29-5-2021 19:31:15,1622331075.0109377,1500.0,94.3,1426.03,621.84,1313.83,10.5,24836384,35426573,0.00033448365755737737,0.0005417743146792169,0,0,874.22,494.27,0.02,0.06,138503,870,175796224,602112,52910608,1210341,3.117500880425779
29-5-2021 19:31:20,1622331080.013934,1500.0,51.5,1433.74,626.65,1321.19,10.5,24988452,35650323,0.0003039538583079645,0.00044723200013419695,0,0,879.71,498.79,0.02,0.06,139514,874,175796224,602112,52987353,1214999,3.1518250854385017
29-5-2021 19:31:25,1622331085.0179596,1500.0,46.1,1442.56,631.85,1326.9,10.6,25150990,35906615,0.00032481447901924895,0.0005121716303682915,0,0,886.44,503.59,0.02,0.06,140529,880,175796224,602112,53066458,1221989,3.1094158436959036
29-5-2021 19:31:30,1622331090.0217714,1500.0,92.0,1451.12,636.32,1333.75,10.6,25307927,36148318,0.0003136348950280329,0.00048303774784123964,0,0,892.33,507.66,0.02,0.06,141542,885,175796224,602112,53144398,1227814,3.147162548919433
29-5-2021 19:31:35,1622331095.023942,1500.0,90.4,1462.86,641.1,1337.04,10.7,25765541,36412137,0.0009148308604434263,0.0005274090451151501,0,0,900.55,512.07,0.02,0.06,142557,891,175796224,602112,53223431,1234802,3.1627374049512174
29-5-2021 19:31:40,1622331100.0239947,1500.0,58.7,1475.06,645.27,1340.47,10.5,25921720,36639593,0.000312354708374474,0.00045490720614182675,0,0,909.07,515.68,0.02,0.06,143568,895,175796224,602112,53300146,1239462,3.132182910315614
29-5-2021 19:31:45,1622331105.027779,1500.0,93.1,1485.7,649.77,1345.38,10.6,26071237,36869748,0.0002988078372421005,0.00045996186239996556,0,0,915.84,519.46,0.02,0.06,144581,900,175796224,602112,53378018,1245287,3.1532635275560867
29-5-2021 19:31:50,1622331110.0325716,1500.0,61.7,1495.12,653.8,1351.72,10.6,26224001,37091459,0.00030523543477466554,0.0004429973912657817,0,0,921.43,522.63,0.02,0.06,145592,904,175796224,602112,53454717,1249945,3.1482041794183733
29-5-2021 19:31:55,1622331115.0339625,1500.0,69.7,1506.6,658.64,1355.3,10.6,26389205,37357085,0.00033031611041888317,0.000531104253808178,0,0,929.3,526.86,0.02,0.06,146607,910,175796224,602112,53533748,1256935,3.154701969673672
29-5-2021 19:32:0,1622331120.0378187,1500.0,79.9,1516.96,664.1,1359.3,10.5,26536681,37571657,0.0002947246975794482,0.0004288132835784627,0,0,936.29,531.97,0.02,0.06,147618,914,175796224,602112,53610458,1261595,3.1141775831196337
29-5-2021 19:32:5,1622331125.0422108,1500.0,61.2,1527.11,669.36,1363.78,10.5,26692373,37804080,0.00031111071120063123,0.0004644380239792945,0,0,942.99,536.31,0.02,0.06,148631,919,175796224,602112,53688334,1267420,3.152817114485112
29-5-2021 19:32:10,1622331130.0461018,1500.0,69.3,1538.57,674.2,1367.33,10.5,26847168,38044285,0.0003093492649457972,0.00048003643648893835,0,0,950.71,540.51,0.02,0.06,149644,924,175796224,602112,53766224,1273245,3.155942005981935
29-5-2021 19:32:15,1622331135.0499067,1500.0,54.9,1548.84,678.68,1372.48,10.5,27009259,38295010,0.0003239354901386679,0.0005010686945297241,0,0,957.58,544.13,0.02,0.06,150657,929,175796224,602112,53844108,1279070,3.1572812451948593
29-5-2021 19:32:20,1622331140.053337,1500.0,75.4,1559.2,683.91,1376.81,10.5,27161280,38521748,0.0003038335479141527,0.00045316509552600725,0,0,964.13,548.64,0.02,0.06,151668,933,175796224,602112,53920795,1283730,3.161745375904607
29-5-2021 19:32:25,1622331145.054004,1500.0,73.4,1569.12,688.77,1381.89,10.5,27315149,38750935,0.00030769696203981277,0.00045831287419180326,0,0,970.53,552.64,0.02,0.06,152681,938,175796224,602112,53998667,1289553,3.175980992723467
29-5-2021 19:32:30,1622331150.0655496,1500.0,62.2,1578.35,692.95,1388.28,10.6,27464933,38967123,0.00029887785170142685,0.00043137988706155574,0,0,976.2,556.08,0.02,0.06,153686,942,175796224,602112,54075068,1294213,3.1204769675656103
29-5-2021 19:32:35,1622331155.069362,1500.0,93.6,1589.83,698.17,1391.41,10.6,27622903,39222182,0.0003156992910926546,0.0005097293504260391,0,0,983.86,560.83,0.02,0.06,154694,948,175796224,602112,54153769,1301201,3.1614973686429537
29-5-2021 19:32:40,1622331160.0840077,1500.0,88.4,1600.07,702.81,1396.42,10.6,27777175,39446651,0.00030764286391223597,0.00044762682806676323,0,0,990.13,564.5,0.02,0.06,155700,952,175796224,602112,54230198,1305861,3.1583724771461306
29-5-2021 19:32:45,1622331165.0893753,1500.0,62.9,1609.77,707.34,1401.93,10.6,27928004,39674020,0.000301334516343763,0.00045425036065057154,0,0,996.58,568.62,0.02,0.06,156706,956,175796224,602112,54306651,1310521,3.1624893976895643
29-5-2021 19:32:50,1622331170.101638,1500.0,85.5,1620.99,712.29,1405.67,10.6,28089673,39926828,0.00032254693292674285,0.0005043789781550205,0,0,1003.83,572.61,0.02,0.06,157716,962,175796224,602112,54385418,1317509,3.163481426736175
29-5-2021 19:32:55,1622331175.1051872,1500.0,91.7,1631.69,715.62,1411.44,10.6,28426879,40321335,0.0006739336285707996,0.000788454339503391,0,0,1010.96,575.61,0.02,0.06,158725,965,175796224,602112,54461010,1321004,3.163481426736175
29-5-2021 19:33:0,1622331180.1089766,1500.0,90.9,1641.42,720.74,1416.3,10.6,28577933,40535223,0.0003018792102809808,0.00042745204051914163,0,0,1017.4,579.96,0.02,0.06,159738,970,175796224,602112,54538916,1326825,3.1627870064035473
29-5-2021 19:33:5,1622331185.133949,1500.0,95.0,1654.76,725.83,1417.89,10.6,28740614,40790147,0.00032374505926335514,0.000507314225309972,0,0,1027.0,584.07,0.02,0.06,160751,975,175796224,602112,54616864,1332650,3.150188237511594
29-5-2021 19:33:10,1622331190.1377335,1500.0,80.3,1665.87,730.77,1421.54,10.5,28893519,41025948,0.00030557871247753355,0.0004712453221341021,0,0,1034.15,588.43,0.02,0.06,161764,980,175796224,602112,54694809,1338475,3.1614973686429537
29-5-2021 19:33:15,1622331195.1416276,1500.0,52.5,1675.94,734.22,1427.78,10.6,29044104,41244624,0.00030093562587845454,0.0004370116474057637,0,0,1041.15,591.32,0.02,0.06,162775,984,175796224,602112,54771541,1343133,3.1518250854385017
29-5-2021 19:33:20,1622331200.1439474,1500.0,91.8,1685.24,739.42,1433.06,10.5,29188662,41453421,0.0002889819232085791,0.0004174003418709562,0,0,1046.61,595.9,0.02,0.06,163786,988,175796224,602112,54848275,1347793,3.1645230572351157
29-5-2021 19:33:25,1622331205.1478045,1500.0,92.7,1697.06,744.41,1436.13,10.6,29348585,41699717,0.0003195994523039163,0.000492212294070555,0,0,1054.88,600.22,0.02,0.06,164793,993,175796224,602112,54925862,1353618,3.15162667962918
29-5-2021 19:33:30,1622331210.159982,1500.0,94.5,1709.75,749.4,1438.24,10.5,29513436,41968802,0.0003289009638505159,0.0005368624749483842,0,0,1063.95,604.63,0.02,0.06,165808,999,175796224,602112,55004922,1360604,3.1593149047404108
29-5-2021 19:33:35,1622331215.1637416,1500.0,73.9,1721.57,755.0,1440.49,10.5,29675907,42226345,0.00032469785172539435,0.0005146989852152891,0,0,1071.58,609.34,0.02,0.06,166823,1005,175796224,602112,55084018,1367594,3.16209258607092
29-5-2021 19:33:40,1622331220.1739688,1500.0,66.7,1731.28,759.94,1445.68,10.6,29824505,42443093,0.0002965893440921699,0.00043261111961997897,0,0,1078.12,613.77,0.02,0.06,167834,1009,175796224,602112,55160785,1372254,3.1570828393855375
29-5-2021 19:33:45,1622331225.1777306,1500.0,92.6,1742.19,765.1,1449.43,10.6,29987095,42705285,0.00032493553355939387,0.0005239897743711459,0,0,1085.37,617.85,0.02,0.06,168849,1015,175796224,602112,55239844,1379242,3.1660607022573624
29-5-2021 19:33:50,1622331230.1816387,1500.0,73.1,1751.36,769.25,1455.86,10.6,30137732,42924102,0.00030103869867950656,0.0004372921986560645,0,0,1091.31,621.76,0.02,0.06,169860,1019,175796224,602112,55316613,1383902,3.112987148263701
29-5-2021 19:33:55,1622331235.1839752,1500.0,90.5,1762.94,774.07,1459.16,10.5,30291987,43161926,0.00030836590048671867,0.0004754258333107736,0,0,1099.28,626.01,0.02,0.06,170873,1024,175796224,602112,55394547,1389727,3.1423512080433715
29-5-2021 19:34:0,1622331240.1877313,1500.0,72.6,1772.01,779.73,1464.22,10.6,30440986,43376815,0.0002977743091818404,0.0004294553891353398,0,0,1104.7,630.79,0.02,0.06,171884,1028,175796224,602112,55471368,1394387,3.16397744125948
29-5-2021 19:34:5,1622331245.1913605,1500.0,57.3,1781.81,783.74,1470.28,10.5,30594240,43602842,0.00030628568513207054,0.00045172611842657617,0,0,1111.18,634.01,0.02,0.06,172895,1032,175796224,602112,55548155,1399047,3.1630350136652003
29-5-2021 19:34:10,1622331250.1939473,1500.0,93.2,1792.52,788.38,1474.65,10.5,30748639,43834893,0.0003086383203117665,0.00046386201249143925,0,0,1118.46,637.94,0.02,0.06,173908,1037,175796224,602112,55626115,1404872,3.115318416523236
29-5-2021 19:34:15,1622331255.1978018,1500.0,84.9,1802.51,793.23,1479.49,10.5,30906600,44081249,0.00031567864250310195,0.0004923324596102467,0,0,1125.03,642.28,0.02,0.06,174921,1042,175796224,602112,55704072,1410697,3.1660607022573624
29-5-2021 19:34:20,1622331260.2014894,1500.0,68.3,1812.16,797.82,1485.05,10.5,31055873,44298277,0.00029832597742210446,0.00043373610919566493,0,0,1131.12,646.08,0.02,0.06,175932,1046,175796224,602112,55780852,1415357,3.1611501584766404
29-5-2021 19:34:25,1622331265.203965,1500.0,77.1,1821.63,803.02,1490.13,10.6,31209803,44529275,0.00030770765393396395,0.0004617673789608121,0,0,1136.85,650.34,0.02,0.06,176945,1051,175796224,602112,55858802,1421182,3.162142187523251
29-5-2021 19:34:30,1622331270.207998,1500.0,64.9,1831.45,806.86,1496.15,10.5,31358956,44746383,0.00029806557502045413,0.00043386603595999245,0,0,1143.14,653.63,0.02,0.06,177951,1055,175796224,602112,55935287,1425842,3.1540075493410447
29-5-2021 19:34:35,1622331275.2119436,1500.0,87.6,1843.86,811.72,1498.78,10.6,31522187,45008725,0.00032620458615035045,0.0005242702889760845,0,0,1151.62,657.68,0.02,0.06,178961,1061,175796224,602112,56014050,1432832,3.161249361381301
29-5-2021 19:34:40,1622331280.2153265,1500.0,73.2,1854.57,816.27,1503.21,10.6,31680464,45251572,0.0003163399693610542,0.00048536560927629367,0,0,1159.3,661.65,0.02,0.06,179969,1066,175796224,602112,56091660,1438657,3.162638202046556
29-5-2021 19:34:45,1622331285.2343557,1500.0,68.8,1864.78,820.05,1509.06,10.5,31829980,45468733,0.0002978982504690677,0.00043267531214126383,0,0,1165.99,664.7,0.02,0.06,180975,1070,175796224,602112,56168125,1443317,3.113631967143998
29-5-2021 19:34:50,1622331290.2410247,1500.0,61.5,1876.61,824.38,1512.74,10.5,31984065,45706514,0.0003077595076299941,0.00047492853609220644,0,0,1174.23,668.49,0.02,0.06,181983,1075,175796224,602112,56245755,1449142,3.150585049130238
29-5-2021 19:34:55,1622331295.2533045,1500.0,93.2,1889.67,829.2,1514.78,10.7,32351847,46171357,0.0007337619175775132,0.000927408331708686,0,0,1183.26,672.58,0.02,0.06,182999,1081,175796224,602112,56324893,1456130,3.1564380205052402
29-5-2021 19:35:0,1622331300.2564056,1500.0,92.2,1900.76,833.37,1519.34,10.6,32499318,46369837,0.0002947591838424569,0.00039671394924460293,0,0,1191.05,676.03,0.02,0.06,184009,1084,175796224,602112,56400523,1459625,3.1304964609363766
29-5-2021 19:35:5,1622331305.2601228,1500.0,91.7,1911.42,838.32,1523.58,10.6,32654636,46608619,0.00031040523332249016,0.0004772092250943925,0,0,1197.95,680.26,0.02,0.06,185028,1089,175796224,602112,56478817,1465450,3.146368925682144
29-5-2021 19:35:10,1622331310.2660851,1500.0,91.9,1924.18,843.23,1525.8,10.6,32812377,46865805,0.0003151062438818456,0.0005137593551390973,0,0,1206.95,684.54,0.02,0.06,186049,1095,175796224,602112,56558280,1472438,3.1655150862817263
29-5-2021 19:35:15,1622331315.2705214,1500.0,65.0,1935.24,847.75,1530.13,10.6,32970550,47108287,0.00031606557053799627,0.0004845340966865041,0,0,1214.42,688.23,0.02,0.06,187068,1100,175796224,602112,56636576,1478263,3.1178976920444232
29-5-2021 19:35:20,1622331320.27396,1500.0,75.6,1945.64,853.03,1534.3,10.6,33116016,47320627,0.00029073205128976094,0.0004243881303594506,0,0,1221.12,692.84,0.02,0.06,188091,1104,175796224,602112,56714071,1482923,3.119782547232983
29-5-2021 19:35:25,1622331325.2799692,1500.0,58.2,1955.82,858.27,1538.64,10.6,33272860,47561778,0.00031331145590902655,0.0004817230554175975,0,0,1227.8,697.4,0.02,0.06,189116,1109,175796224,602112,56792680,1488748,3.1210721849935763
29-5-2021 19:35:30,1622331330.2837598,1500.0,92.9,1966.49,862.89,1543.25,10.6,33430273,47802916,0.0003145875038526653,0.0004819106522588604,0,0,1234.87,701.3,0.02,0.06,190141,1114,175796224,602112,56871289,1494571,3.157777259718165
29-5-2021 19:35:35,1622331335.2840085,1500.0,74.1,1978.76,867.35,1546.42,10.6,33584715,48041099,0.0003088686386914179,0.0004763423095365121,0,0,1243.47,705.19,0.02,0.06,191166,1119,175796224,602112,56949938,1500396,3.1536603391747313
29-5-2021 19:35:40,1622331340.2863898,1500.0,73.9,1990.85,872.64,1548.93,10.6,33746277,48303133,0.00032297018062190763,0.0005238185235951581,0,0,1252.12,709.75,0.02,0.06,192193,1125,175796224,602112,57029708,1507386,3.1868437107838514
29-5-2021 19:35:45,1622331345.3054144,1500.0,94.0,2002.43,877.54,1552.38,10.6,33900688,48540217,0.00030765141034847464,0.00047237066641015065,0,0,1259.89,714.2,0.02,0.06,193218,1130,175796224,602112,57108315,1513211,3.166903926946981
29-5-2021 19:35:50,1622331350.3092349,1500.0,74.2,2013.8,882.71,1555.79,10.6,34054605,48777862,0.00030759896859203727,0.0004749271158550043,0,0,1267.9,718.43,0.02,0.06,194243,1135,175796224,602112,57186928,1519036,3.114028778762642
29-5-2021 19:35:55,1622331355.3117363,1500.0,91.8,2025.54,886.46,1560.23,10.5,34204362,48996007,0.00029936422881085,0.0004360718343312357,0,0,1275.7,721.87,0.02,0.06,195266,1139,175796224,602112,57264382,1523696,3.142896824019007
29-5-2021 19:36:0,1622331360.3140595,1500.0,68.0,2035.28,891.64,1565.08,10.6,34355259,49212443,0.0003016538425368462,0.0004326709680331938,0,0,1281.69,726.16,0.02,0.06,196289,1143,175796224,602112,57341820,1528356,3.1877365369258013
29-5-2021 19:36:5,1622331365.317848,1500.0,92.6,2046.75,895.35,1569.72,10.6,34507489,49431707,0.0003042294870686759,0.00043819598142696026,0,0,1289.57,729.3,0.02,0.06,197312,1147,175796224,602112,57419262,1533016,3.117699286235101
29-5-2021 19:36:10,1622331370.3217359,1500.0,55.3,2057.83,899.79,1574.0,10.5,34663358,49676009,0.0003114957876182227,0.00048822436730014976,0,0,1296.99,733.24,0.02,0.06,198337,1152,175796224,602112,57497891,1538841,3.1595629120020634
29-5-2021 19:36:15,1622331375.3239863,1500.0,94.7,2069.57,904.54,1577.27,10.6,34816407,49908290,0.00030596029137466976,0.0004643530009395662,0,0,1305.12,737.32,0.02,0.06,199362,1157,175796224,602112,57576506,1544666,3.165068673210752
29-5-2021 19:36:20,1622331380.328912,1500.0,70.4,2080.81,910.22,1580.19,10.6,34963274,50127398,0.0002934449140432294,0.00043778471832463326,0,0,1312.76,742.29,0.02,0.06,200385,1161,175796224,602112,57653956,1549326,3.1656638906387182
29-5-2021 19:36:25,1622331385.332773,1500.0,87.5,2092.42,914.97,1583.64,10.5,35119382,50367506,0.00031197509592135667,0.0004798454680828984,0,0,1320.86,746.37,0.02,0.06,201410,1166,175796224,602112,57732559,1555151,3.1640766441641412
29-5-2021 19:36:30,1622331390.333937,1500.0,93.9,2103.74,919.66,1587.47,10.5,35276309,50606999,0.0003137809543352573,0.0004788745218898837,0,0,1328.78,750.28,0.02,0.06,202429,1171,175796224,602112,57810779,1560976,3.162142187523251
29-5-2021 19:36:35,1622331395.3439436,1500.0,83.1,2115.62,924.72,1590.46,10.6,35436375,50861666,0.0003194925888630309,0.0005083166889157066,0,0,1336.5,754.5,0.02,0.06,203450,1177,175796224,602112,57890177,1567964,3.1627374049512174
29-5-2021 19:36:40,1622331400.3477845,1500.0,92.3,2128.66,929.29,1592.63,10.5,35594404,51108429,0.00031581539545722886,0.0004931471719064992,0,0,1346.29,758.44,0.02,0.06,204469,1182,175796224,602112,57968404,1573789,3.165267079020074
29-5-2021 19:36:45,1622331405.3515635,1500.0,61.1,2140.01,933.81,1596.66,10.5,35748938,51345677,0.0003088345868662915,0.0004741376529750988,0,0,1353.87,762.32,0.02,0.06,205488,1187,175796224,602112,58046645,1579614,3.171120050395076
29-5-2021 19:36:50,1622331410.35392,1500.0,94.7,2151.21,938.44,1600.52,10.6,35903848,51587107,0.00030967404881007964,0.00048263253246541555,0,0,1361.59,766.31,0.02,0.06,206507,1192,175796224,602112,58124880,1585439,3.1721616808940167
29-5-2021 19:36:55,1622331415.357727,1500.0,92.8,2162.73,943.11,1604.02,10.7,36291096,52058471,0.000773906736905341,0.0009420107402353249,0,0,1369.23,770.27,0.02,0.06,207526,1197,175796224,602112,58203142,1591264,3.16680472404232
29-5-2021 19:37:0,1622331420.357927,1500.0,66.2,2172.13,948.53,1609.01,10.6,36442481,52270286,0.00030275788767491536,0.0004236130526661307,0,0,1375.18,775.0,0.02,0.06,208543,1201,175796224,602112,58280268,1595924,3.16209258607092
29-5-2021 19:37:5,1622331425.393075,1500.0,56.6,2183.21,952.84,1613.54,10.6,36602920,52515935,0.00031863810759071677,0.00048786848890576475,0,0,1382.81,778.67,0.02,0.06,209562,1206,175796224,602112,58358531,1601747,3.163779035450158
29-5-2021 19:37:10,1622331430.3939571,1500.0,71.7,2194.14,957.54,1617.68,10.5,36757557,52752570,0.00030921944449116627,0.0004731865158220033,0,0,1390.13,782.6,0.02,0.06,210581,1211,175796224,602112,58436790,1607572,3.14884899829867
29-5-2021 19:37:15,1622331435.3977518,1500.0,62.1,2204.72,961.75,1622.71,10.6,36913775,52988722,0.00031219906151089635,0.0004719458242579036,0,0,1396.99,786.22,0.02,0.06,211602,1217,175796224,602112,58516182,1614562,3.1180464964014147
29-5-2021 19:37:20,1622331440.4091065,1500.0,77.5,2213.67,966.78,1628.49,10.6,37064053,53205853,0.0002998750027710452,0.000433278052853244,0,0,1402.25,790.41,0.02,0.06,212617,1220,175796224,602112,58592086,1618057,3.1720128765370252
29-5-2021 19:37:25,1622331445.4108875,1500.0,82.8,2224.74,971.81,1632.3,10.6,37213849,53422737,0.00029948532411903526,0.00043361354800016587,0,0,1409.74,794.74,0.02,0.06,213640,1224,175796224,602112,58669503,1622717,3.1686399777785494
29-5-2021 19:37:30,1622331450.416515,1500.0,90.6,2234.61,975.93,1638.1,10.6,37365439,53642304,0.00030283914653707214,0.00043864029875127195,0,0,1416.36,798.51,0.02,0.06,214663,1228,175796224,602112,58746924,1627377,3.1376390700719714
29-5-2021 19:37:35,1622331455.420179,1500.0,62.8,2246.13,980.75,1641.55,10.6,37525631,53899942,0.0003201494087083997,0.0005148987050590209,0,0,1424.06,802.73,0.02,0.06,215690,1234,175796224,602112,58826660,1634365,3.1685407748738883
29-5-2021 19:37:40,1622331460.423928,1500.0,92.0,2256.45,984.92,1646.99,10.6,37679583,54123937,0.0003076732984286408,0.0004476543369460832,0,0,1430.67,806.15,0.02,0.06,216713,1238,175796224,602112,58904060,1639025,3.1142271845719645
29-5-2021 19:37:45,1622331465.4278316,1500.0,93.7,2268.37,989.78,1650.06,10.6,37838963,54376721,0.00031851133008920906,0.0005051735981005811,0,0,1439.18,810.53,0.02,0.06,217740,1244,175796224,602112,58983826,1646015,3.1672015356609644
29-5-2021 19:37:50,1622331470.4314904,1500.0,94.3,2280.28,994.09,1653.75,10.6,37988861,54599908,0.00029957678339967485,0.00044604760274735635,0,0,1447.2,813.81,0.02,0.06,218763,1248,175796224,602112,59061298,1650673,3.1194353370666694
29-5-2021 19:37:55,1622331475.433935,1500.0,66.4,2291.98,998.85,1657.07,10.7,38151542,54862010,0.0003252030078792674,0.0005239478413039737,0,0,1454.66,817.86,0.02,0.06,219790,1254,175796224,602112,59141056,1657663,3.1679951588982527
29-5-2021 19:38:0,1622331480.4384043,1500.0,69.4,2300.79,1003.75,1663.15,10.6,38300882,55077338,0.0002984132546771918,0.000430271389467861,0,0,1460.17,822.39,0.02,0.06,220807,1258,175796224,602112,59218199,1662323,3.170326427157787
29-5-2021 19:38:5,1622331485.453973,1500.0,93.4,2312.69,1008.16,1666.64,10.5,38454228,55303701,0.000305740003091722,0.0004513207016801969,0,0,1468.86,826.12,0.02,0.06,221824,1262,175796224,602112,59295366,1666983,3.1704752315147786
29-5-2021 19:38:10,1622331490.4577165,1500.0,72.9,2323.15,1012.56,1671.55,10.6,38608542,55535581,0.0003083971086291034,0.0004634130509799273,0,0,1475.52,829.5,0.02,0.06,222843,1267,175796224,602112,59373654,1672808,3.1716656663707115
29-5-2021 19:38:15,1622331495.4673123,1500.0,95.5,2335.18,1017.61,1674.36,10.6,38769941,55797871,0.00032217968107015076,0.0005235751680486858,0,0,1484.1,834.01,0.02,0.06,223864,1273,175796224,602112,59453115,1679798,3.1704752315147786
29-5-2021 19:38:20,1622331500.4711306,1500.0,57.0,2344.64,1022.22,1680.11,10.5,38916300,55998438,0.00029249463509459304,0.0004008279058822296,0,0,1490.16,837.86,0.02,0.06,224879,1276,175796224,602112,59529061,1683293,3.163580629640836
29-5-2021 19:38:25,1622331505.4941206,1500.0,56.7,2355.27,1027.55,1684.14,10.6,39071386,56241474,0.00030875235738157114,0.00048384727137580137,0,0,1497.4,842.31,0.02,0.06,225898,1281,175796224,602112,59607345,1689118,3.169880014086812
29-5-2021 19:38:30,1622331510.4979873,1500.0,95.7,2366.88,1032.28,1687.66,10.6,39234753,56497756,0.0003264815205754903,0.0005121679228738228,0,0,1505.17,846.34,0.02,0.06,226919,1287,175796224,602112,59686820,1696108,3.1253379098940015
29-5-2021 19:38:35,1622331515.501702,1500.0,93.7,2377.57,1036.91,1692.21,10.6,39388705,56734716,0.0003076754094850928,0.0004735681578127441,0,0,1511.84,850.41,0.02,0.06,227938,1292,175796224,602112,59765130,1701933,3.162638202046556
29-5-2021 19:38:40,1622331520.5039725,1500.0,56.8,2387.11,1041.32,1698.23,10.5,39542472,56956181,0.00030739441464754634,0.0004427289603095518,0,0,1517.63,854.06,0.02,0.06,228955,1296,175796224,602112,59842251,1706593,3.119584141423661
29-5-2021 19:38:45,1622331525.5067503,1500.0,95.2,2400.16,1046.18,1700.18,10.7,39703895,57218079,0.0003226667383075704,0.000523505159916964,0,0,1526.71,858.16,0.02,0.06,229976,1302,175796224,602112,59921767,1713583,3.192250269087879
29-5-2021 19:38:50,1622331530.510588,1500.0,62.9,2411.1,1050.92,1704.38,10.6,39859386,57456131,0.0003107434990539183,0.0004757388622928874,0,0,1534.0,862.08,0.02,0.06,230989,1307,175796224,602112,59999786,1719408,3.165267079020074
29-5-2021 19:38:55,1622331535.5139205,1500.0,91.5,2423.3,1055.47,1707.48,10.7,40257375,57935403,0.0007954478157516205,0.0009579055339492062,0,0,1542.59,866.19,0.02,0.06,232002,1312,175796224,602112,60077760,1725231,3.167945557445922
29-5-2021 19:39:0,1622331540.5177705,1500.0,92.2,2434.02,1060.77,1711.26,10.6,40413066,58159973,0.00031114242138002184,0.0004487944297956305,0,0,1549.89,870.73,0.02,0.06,233013,1316,175796224,602112,60154561,1729891,3.1527675130327815
29-5-2021 19:39:5,1622331545.521666,1500.0,27.7,2439.05,1061.91,1725.15,10.6,40534169,58283195,0.00024201744318560553,0.00024625214391234474,0,0,1550.85,871.24,0.02,0.06,234023,1317,175796224,602112,60228209,1731056,3.1080270030306485
29-5-2021 19:39:10,1622331550.5255523,800.0,25.0,2442.88,1062.66,1740.32,10.5,40651147,58400651,0.00023377430019506552,0.00023472955772633843,0,0,1551.33,871.32,0.02,0.06,235031,1317,175796224,602112,60300697,1731056,3.1080270030306485
29-5-2021 19:39:15,1622331555.5294507,1500.0,22.8,2446.91,1063.31,1755.49,10.6,40768511,58518219,0.00023454513068810076,0.00023495281282794237,0,0,1551.78,871.38,0.02,0.06,236045,1317,175796224,602112,60373476,1731056,3.1080270030306485
29-5-2021 19:39:20,1622331560.5333664,1500.0,23.6,2450.97,1064.01,1770.59,10.6,40885643,58635479,0.00023408067799685382,0.00023433647766546355,0,0,1552.26,871.42,0.02,0.06,237059,1317,175796224,602112,60446271,1731056,3.1080270030306485
29-5-2021 19:39:25,1622331565.537294,1500.0,21.8,2454.89,1064.59,1785.84,10.6,41000567,58750747,0.00022966759751444552,0.00023035505751883945,0,0,1552.75,871.48,0.02,0.06,238073,1317,175796224,602112,60519034,1731056,3.1080270030306485
29-5-2021 19:39:30,1622331570.5407705,1500.0,22.6,2458.9,1065.21,1801.03,10.6,41118202,58868702,0.00023510652480389165,0.00023574608010577667,0,0,1553.17,871.58,0.02,0.06,239087,1317,175796224,602112,60591855,1731056,3.1080270030306485
29-5-2021 19:39:35,1622331575.5439334,1500.0,21.3,2462.78,1065.84,1816.25,10.6,41236012,58986570,0.00023547104756750916,0.00023558697423552472,0,0,1553.62,871.64,0.02,0.06,240102,1317,175796224,602112,60664652,1731056,3.1080270030306485
29-5-2021 19:39:40,1622331580.5467238,1500.0,24.2,2466.98,1066.58,1831.19,10.5,41354064,59104380,0.0002359723061661068,0.00023548857613110358,0,0,1554.04,871.73,0.02,0.06,241117,1317,175796224,602112,60737447,1731056,3.1080270030306485
29-5-2021 19:39:45,1622331585.5506494,1500.0,25.2,2471.03,1067.36,1846.29,10.6,41471389,59222033,0.00023446591790493465,0.00023512140327525488,0,0,1554.42,871.85,0.02,0.06,242132,1317,175796224,602112,60810257,1731056,3.1080270030306485
29-5-2021 19:39:50,1622331590.5541189,1500.0,22.4,2474.98,1068.18,1861.35,10.5,41588675,59339601,0.00023440934489503323,0.00023497295381050824,0,0,1554.88,871.92,0.02,0.06,243147,1317,175796224,602112,60883056,1731056,3.1080270030306485
29-5-2021 19:39:55,1622331595.5553951,1500.0,22.0,2479.25,1068.81,1876.36,10.6,41705543,59456837,0.00023367635389316606,0.0002344121660764214,0,0,1555.34,871.97,0.02,0.06,244162,1317,175796224,602112,60955839,1731056,3.1080270030306485
29-5-2021 19:40:0,1622331600.5564814,1500.0,21.6,2483.11,1069.35,1891.72,10.6,41824707,59575654,0.0002382762352005208,0.00023758238593719818,0,0,1555.81,872.01,0.02,0.06,245171,1317,175796224,602112,61028304,1731056,3.1080270030306485
29-5-2021 19:40:5,1622331605.5604408,1500.0,36.4,2487.39,1070.17,1906.41,10.6,41946772,59697324,0.00024393683045657194,0.0002431474555495114,0,0,1556.27,872.07,0.02,0.06,246175,1317,175796224,602112,61100529,1731056,3.1080270030306485
29-5-2021 19:40:10,1622331610.5639632,900.0,23.1,2491.87,1070.97,1921.15,10.7,42077703,59822445,0.0002616776535313953,0.00025006583381706173,0,0,1556.64,872.1,0.02,0.06,247181,1331,175796224,634880,61172773,1756180,3.1080270030306485
