time_stamp,time,cpu_freq,cpu,cpu_user_time,cpu_system_time,cpu_idle_time,memory,net_sent,net_recv,net_upload_rate,net_download_rate,temp,gpu,gpu_mem,memory_percent_ipykernel,io_counters_read_count_ipykernel,io_counters_write_count_ipykernel,io_counters_read_bytes_ipykernel,io_counters_write_bytes_ipykernel,io_counters_read_chars_ipykernel,io_counters_write_chars_ipykernel,cpu_times_user_ipykernel,cpu_times_system_ipykernel,cpu_times_children_user_ipykernel,cpu_times_children_system_ipykernel
8-6-2021 19:31:20,1623195080.6086426,1500.0,46.7,249.58,72.25,1655.44,10.6,11353128,9155100,0.0,0.0,59.887,0,0,2.9637859796534842,12902,163,171487232,237568,40705939,287374,42.48,4.23,0.01,0.07
8-6-2021 19:31:28,1623195088.447966,1500.0,94.2,266.7,76.11,1665.1,10.6,13047047,10037663,0.002160797415154134,0.0011258152539234036,61.348,0,0,3.0940889949257713,13947,167,173707264,237568,40783820,291664,50.51,6.54,0.01,0.07
8-6-2021 19:31:33,1623195093.4576468,1500.0,80.9,279.85,80.5,1667.4,10.7,13323187,10380963,0.00055121276961815,0.0006852732085533095,62.322,0,0,3.082035842009454,14992,172,174010368,237568,40863262,297484,59.52,10.42,0.01,0.07
8-6-2021 19:31:38,1623195098.4678361,1500.0,67.8,289.18,85.12,1673.31,10.6,13475803,10595322,0.0003046112452436458,0.0004278461099700075,62.322,0,0,3.0212244614522312,16033,175,174010368,237568,40940395,300976,64.79,14.21,0.01,0.07
8-6-2021 19:31:43,1623195103.471636,1500.0,95.4,298.99,90.57,1677.82,10.6,13628557,10820323,0.000305275995414023,0.00044966026581399235,63.296,0,0,3.079357363583606,17076,179,174010368,237568,41018659,305630,71.22,19.22,0.01,0.07
8-6-2021 19:31:48,1623195108.4770708,1500.0,77.0,308.86,95.59,1682.78,10.6,13787348,11057472,0.00031723717895249263,0.0004737830214017461,62.322,0,0,3.0745956241598753,18121,184,174010368,237568,41098088,311450,77.3,23.18,0.01,0.07
8-6-2021 19:31:53,1623195113.4781618,1500.0,53.8,318.63,99.57,1689.0,10.5,13942539,11284253,0.0003103142892099655,0.00045346305405162145,62.809,0,0,3.0778197185613596,19164,188,174010368,237568,41176377,316106,83.9,26.69,0.01,0.07
8-6-2021 19:31:58,1623195118.4819236,1500.0,69.4,328.85,104.17,1693.93,10.6,14098479,11514621,0.00031164553234056143,0.0004603896241774429,62.322,0,0,3.081936639104793,20209,193,174010368,237568,41255865,321926,90.34,30.5,0.01,0.07
8-6-2021 19:32:3,1623195123.4858673,1500.0,87.1,339.63,108.17,1698.97,10.5,14254167,11735463,0.00031113059998825045,0.0004413359023341889,64.27,0,0,3.0773733054903847,21252,197,174010368,237568,41334171,326578,97.88,34.11,0.01,0.07
8-6-2021 19:32:8,1623195128.4893472,1000.0,59.2,348.66,112.24,1705.65,10.6,14407649,11954845,0.0003067505042514775,0.00043845883636972177,63.296,0,0,3.0733059863992818,22295,201,174010368,237568,41412494,331232,103.56,37.49,0.01,0.07
8-6-2021 19:32:13,1623195133.4930832,1500.0,92.2,360.14,117.16,1709.06,10.5,14571923,12209389,0.00032830269097292204,0.0005087078915166824,64.27,0,0,3.0825318565327593,23340,206,174010368,237568,41491986,337052,111.05,41.83,0.01,0.07
8-6-2021 19:32:18,1623195138.4968727,1500.0,85.4,369.69,122.01,1714.49,10.6,14719301,12415637,0.0002945327780316336,0.00041218361223159744,64.27,0,0,3.0753396459448332,24383,210,174010368,237568,41570340,341708,116.8,45.96,0.01,0.07
8-6-2021 19:32:23,1623195143.4977026,1500.0,51.8,379.29,126.02,1720.74,10.5,14876714,12636869,0.0003147737516446364,0.000442390568910104,63.783,0,0,3.0653201525740674,25426,214,174010368,237568,41648664,346364,123.25,49.27,0.01,0.07
8-6-2021 19:32:28,1623195148.5014403,1500.0,92.5,391.35,131.13,1723.36,10.5,15039660,12894574,0.00032564856544873525,0.000515024999441326,66.218,0,0,3.076133269182122,26473,220,174010368,237568,41729310,353348,131.68,53.89,0.01,0.07
8-6-2021 19:32:33,1623195153.5069983,1500.0,92.7,403.64,135.71,1726.28,10.6,15203695,13146848,0.00032770572140801126,0.0005039877657968399,65.244,0,0,3.031789570798633,27518,225,174010368,237568,41808823,359170,140.04,57.64,0.01,0.07
8-6-2021 19:32:38,1623195158.5076246,1500.0,75.8,414.79,140.49,1730.11,10.6,15356809,13374898,0.00030618964511691465,0.00045604287373403075,64.757,0,0,3.0764804793484353,28561,229,174010368,237568,41887156,363830,147.65,62.03,0.01,0.07
8-6-2021 19:32:43,1623195163.5115008,1500.0,79.4,425.0,145.36,1734.87,10.6,15515209,13606970,0.0003165545936306359,0.0004637844548803594,65.244,0,0,3.068593848427882,29606,234,174010368,237568,41966666,369655,154.89,66.12,0.01,0.07
8-6-2021 19:32:48,1623195168.5153053,1500.0,76.0,436.37,149.89,1738.7,10.5,15674664,13845552,0.00031866752936524957,0.00047680120718083456,65.244,0,0,3.0784645374416564,30651,239,174010368,237568,42046159,375480,162.47,69.87,0.01,0.07
8-6-2021 19:32:53,1623195173.5176806,1500.0,92.9,447.65,154.72,1742.48,10.5,15836720,14088943,0.00032395809630043784,0.0004865508528944308,65.731,0,0,3.0800021824639026,31696,244,174010368,237568,42125662,381305,170.47,74.39,0.01,0.07
8-6-2021 19:32:58,1623195178.521334,1500.0,94.0,459.8,159.43,1745.39,10.5,15998309,14342693,0.0003229420399514115,0.0005071294620157972,67.192,0,0,3.07687729096708,32743,250,174010368,237568,42206348,388295,179.22,78.48,0.01,0.07
8-6-2021 19:33:3,1623195183.52498,1500.0,80.1,471.83,164.85,1747.78,10.5,16165948,14600144,0.00033503368436932276,0.0005145267931362423,66.705,0,0,3.0574335216535142,33765,255,174010368,237568,42284593,394116,187.61,83.1,0.01,0.07
8-6-2021 19:33:8,1623195188.528145,1500.0,93.3,483.35,169.72,1751.27,10.6,16324946,14851066,0.0003177948354472846,0.0005015265330388026,67.192,0,0,3.0795061679405973,34789,261,174010368,237568,42364017,401106,195.67,87.2,0.01,0.07
8-6-2021 19:33:13,1623195193.5318804,1500.0,87.6,493.26,174.97,1755.93,10.5,16480764,15078556,0.00031140336276224155,0.00045464035602293913,66.218,0,0,3.0789605519649617,35809,265,174010368,237568,42441101,405766,202.1,91.46,0.01,0.07
8-6-2021 19:33:18,1623195198.535716,1500.0,87.8,503.83,180.46,1759.77,10.6,16633941,15295964,0.0003061191650844632,0.00043448269284999036,66.705,0,0,3.0691394644035177,36806,269,174010368,237568,42516921,410424,209.24,96.31,0.01,0.07
8-6-2021 19:33:23,1623195203.5586746,1500.0,93.7,514.63,185.42,1763.9,10.6,16795777,15555689,0.0003221925871971061,0.0005170757415517461,67.679,0,0,3.080250189725555,37813,275,174010368,237568,42595412,417414,216.55,100.61,0.01,0.07
8-6-2021 19:33:28,1623195208.5632806,1500.0,95.7,524.98,189.9,1768.94,10.5,16956110,15791537,0.00032037087380452017,0.0004712618727588735,67.192,0,0,3.078712544703309,38810,279,174010368,237568,42671251,422074,223.22,104.53,0.01,0.07
8-6-2021 19:33:33,1623195213.5761883,1000.0,56.4,535.32,194.39,1773.97,10.7,17254647,16160005,0.0005955365932872782,0.0007350384624196559,66.218,0,0,3.067552217928941,39809,284,174010368,237568,42748264,427899,230.14,108.12,0.01,0.07
8-6-2021 19:33:38,1623195218.5784473,1500.0,81.9,544.58,198.74,1780.1,10.6,17403950,16372154,0.00029847114977721507,0.0004241063873739067,66.705,0,0,3.07692689241941,40812,288,174010368,237568,42824422,432559,235.81,111.79,0.01,0.07
8-6-2021 19:33:43,1623195223.582318,1500.0,91.0,555.28,203.96,1784.01,10.5,17556613,16605142,0.00030508981620568754,0.00046561554599431905,67.679,0,0,3.0753892473971636,41827,293,174010368,237568,42902349,438382,243.27,116.63,0.01,0.07
8-6-2021 19:33:48,1623195228.5860727,1500.0,95.0,566.53,209.05,1787.46,10.5,17724601,16862191,0.00033572389715135864,0.0005137122415818962,68.166,0,0,3.0409658394797803,42842,298,174010368,237568,42980345,444203,251.02,121.19,0.01,0.07
8-6-2021 19:33:53,1623195233.5876784,1500.0,96.2,577.72,214.02,1791.12,10.6,17885899,17111507,0.00032249243161168553,0.0004984719158309402,67.679,0,0,3.07687729096708,43859,304,174010368,237568,43059506,451193,258.66,125.6,0.01,0.07
8-6-2021 19:33:58,1623195238.595735,1500.0,91.0,588.57,217.87,1796.24,10.5,18045408,17342712,0.0003185047842831375,0.0004616661044215863,67.679,0,0,3.0493484849236387,44872,308,174010368,237568,43136272,455853,266.1,128.78,0.01,0.07
8-6-2021 19:34:3,1623195243.613429,1500.0,93.2,599.86,222.42,1800.29,10.6,18202972,17581899,0.00031401675772201623,0.0004766871000308186,68.653,0,0,3.080895008605852,45875,313,174010368,237568,43213565,461678,273.47,132.79,0.01,0.07
8-6-2021 19:34:8,1623195248.6241636,1500.0,94.0,611.49,227.8,1803.13,10.5,18359311,17822718,0.00031200814608529356,0.00048060618100483125,68.653,0,0,3.0784149359893256,46884,318,174010368,237568,43291212,467503,281.33,137.49,0.01,0.07
8-6-2021 19:34:13,1623195253.638016,1500.0,94.8,622.53,232.06,1807.68,10.8,18541037,18450409,0.0003624478485389727,0.0012519136089347497,68.653,0,0,3.075240443040172,47891,322,174010368,237568,43367686,472161,286.77,140.62,0.01,0.07
8-6-2021 19:34:18,1623195258.641857,1500.0,81.0,634.12,236.95,1810.77,10.9,18680954,18639381,0.000279619200818768,0.0003776538920726161,69.14,0,0,3.031243954822997,48906,325,174010368,237568,43443591,475654,293.3,144.41,0.01,0.07
8-6-2021 19:34:23,1623195263.647248,1500.0,91.2,646.88,241.78,1813.14,10.6,18843616,18895638,0.0003249736055998886,0.0005119619902018335,68.653,0,0,3.0776709142043677,49927,331,174010368,237568,43523005,482644,302.08,148.76,0.01,0.07
8-6-2021 19:34:28,1623195268.6476202,1500.0,93.2,658.6,246.56,1816.36,10.6,19014018,19171409,0.0003407786343875752,0.0005515009494236922,69.14,0,0,3.0777205156566985,50948,337,174010368,237568,43602414,489632,310.21,152.62,0.01,0.07
8-6-2021 19:34:33,1623195273.6536095,1500.0,94.2,669.34,250.93,1820.96,10.6,19175681,19414207,0.0003229391632461592,0.0004850150186365524,69.14,0,0,3.0281190633261743,51967,342,174010368,237568,43680626,495457,317.95,156.38,0.01,0.07
8-6-2021 19:34:38,1623195278.66602,1500.0,66.8,678.44,255.66,1827.12,10.6,19327462,19629171,0.0003028104002226453,0.0004288635262217321,67.679,0,0,3.0742980154458923,52984,346,174010368,237568,43757717,500117,323.03,160.26,0.01,0.07
8-6-2021 19:34:43,1623195283.667684,1500.0,91.9,688.67,260.76,1831.55,10.6,19484072,19860701,0.0003131157849417261,0.00046290592993779344,69.14,0,0,3.0707267108780947,54001,350,174010368,237568,43834822,504777,330.17,165.02,0.01,0.07
8-6-2021 19:34:48,1623195288.6714063,1500.0,90.7,698.49,265.14,1837.31,10.6,19640932,20096291,0.00031348662858746016,0.000470829496550553,68.653,0,0,3.051630151730843,55020,355,174010368,237568,43913078,510602,336.5,168.37,0.01,0.07
8-6-2021 19:34:53,1623195293.674328,1500.0,93.2,710.73,270.2,1839.81,10.6,19811148,20362348,0.000340233179999309,0.0005318032333686384,69.627,0,0,3.0289126865634626,56041,361,174010368,237568,43992487,517588,345.17,172.65,0.01,0.07
8-6-2021 19:34:58,1623195298.6776383,1500.0,76.1,721.84,275.27,1843.57,10.6,19965069,20595506,0.000307638330900849,0.0004660074840741689,69.14,0,0,3.0751908415878417,57060,366,174010368,237568,44070727,523413,352.27,176.87,0.01,0.07
8-6-2021 19:35:3,1623195303.681594,1500.0,65.8,734.36,279.72,1846.45,10.6,20123145,20833350,0.0003159020833766317,0.0004753119709420252,68.653,0,0,3.0250437732816815,58079,371,174010368,237568,44148985,529232,361.79,180.94,0.01,0.07
8-6-2021 19:35:8,1623195308.686025,1500.0,71.2,744.84,284.38,1851.12,10.6,20284357,21081076,0.00032213852024465814,0.0004950133182773502,68.166,0,0,3.083275878317717,59098,376,174010368,237568,44227247,535057,368.32,184.75,0.01,0.07
8-6-2021 19:35:13,1623195313.6876342,1500.0,69.4,755.43,288.48,1856.09,10.6,20444347,21323308,0.0003198770427494736,0.0004843081181279486,67.679,0,0,3.0763812764437746,60117,381,174010368,237568,44305532,540882,375.55,188.35,0.01,0.07
8-6-2021 19:35:18,1623195318.6917098,1500.0,75.7,765.64,293.89,1860.26,10.6,20585885,21511953,0.00028284545113460086,0.0003769827193353501,68.166,0,0,3.0746452256122057,61132,384,174010368,237568,44381431,544377,381.16,192.72,0.01,0.07
8-6-2021 19:35:23,1623195323.7029521,1500.0,95.5,776.1,298.77,1864.82,10.5,20745716,21752082,0.0003189448595206339,0.0004791805730542279,69.14,0,0,3.09488261816306,62151,389,174010368,237568,44459660,550202,388.44,197.03,0.01,0.07
8-6-2021 19:35:28,1623195328.7067454,1500.0,95.6,788.4,303.68,1867.46,10.6,20911259,22021338,0.00033083501270617696,0.0005381037686958336,70.114,0,0,3.0485052602340197,63172,395,174010368,237568,44539092,557190,397.06,201.31,0.01,0.07
8-6-2021 19:35:33,1623195333.708281,1500.0,93.0,801.03,309.27,1869.19,10.7,21231196,22427284,0.000639677535318137,0.0008116427195112051,70.601,0,0,3.0796053708452584,64193,401,174010368,237568,44618482,564180,405.76,206.38,0.01,0.07
8-6-2021 19:35:38,1623195338.7120712,1500.0,65.9,810.44,313.4,1875.24,10.6,21381324,22631510,0.0003000285699340705,0.00040814261645632713,69.627,0,0,3.0228613093791386,65208,404,174010368,237568,44694400,567675,411.67,209.87,0.01,0.07
8-6-2021 19:35:43,1623195343.7158945,1500.0,74.9,820.81,318.33,1879.86,10.6,21537069,22866676,0.00031125199927042483,0.00046997263257522693,68.653,0,0,3.080994211510513,66227,409,174010368,237568,44772641,573500,418.23,214.04,0.01,0.07
8-6-2021 19:35:48,1623195348.717621,1500.0,89.0,832.63,322.95,1883.29,10.5,21697115,23114315,0.00031998150223735793,0.0004951070269332385,70.601,0,0,3.07598446482513,67246,414,174010368,237568,44850864,579325,426.38,218.0,0.01,0.07
8-6-2021 19:35:53,1623195353.721509,1500.0,75.7,844.28,328.58,1885.91,10.6,21865293,23379103,0.00033609466006747626,0.000529164533113409,69.627,0,0,3.074843631421528,68267,420,174010368,237568,44930312,586313,434.54,222.78,0.01,0.07
8-6-2021 19:35:58,1623195358.7254105,1500.0,84.7,853.48,332.99,1892.2,10.6,22017176,23596191,0.00030352915731381017,0.00043383747820980906,69.627,0,0,3.102372437464969,69284,424,174010368,237568,45007410,590971,440.7,226.45,0.01,0.07
8-6-2021 19:36:3,1623195363.7276454,1500.0,62.8,864.29,337.53,1896.69,10.6,22174269,23832652,0.00031404562564016575,0.0004727107043884784,70.114,0,0,3.0776213127520373,70303,429,174010368,237568,45085673,596792,447.94,230.44,0.01,0.07
8-6-2021 19:36:8,1623195368.7314894,1500.0,94.5,874.87,341.98,1901.43,10.5,22329574,24065281,0.0003103713850669177,0.00046490058231693764,70.114,0,0,3.080150986820894,71320,433,174010368,237568,45162761,601452,455.25,234.18,0.01,0.07
8-6-2021 19:36:13,1623195373.7352953,1500.0,91.6,885.26,346.64,1906.26,10.6,22488490,24298240,0.0003175902581857958,0.00046556362453563393,70.601,0,0,3.089674465668355,72345,438,174010368,237568,45241360,607275,462.09,237.96,0.01,0.07
8-6-2021 19:36:18,1623195378.7388752,1500.0,93.9,898.75,351.15,1908.05,10.7,22629800,24681587,0.0002824177970493938,0.0007661454620727052,70.114,0,0,3.0788613490603005,73366,441,174010368,237568,45317579,610768,469.17,241.4,0.01,0.07
8-6-2021 19:36:23,1623195383.7426257,1500.0,79.8,909.31,355.72,1912.76,10.7,22787077,24913181,0.00031431822595917873,0.00046284081730189436,70.114,0,0,3.0800021824639026,74389,445,174010368,237568,45395035,615428,476.56,245.2,0.01,0.07
8-6-2021 19:36:28,1623195388.7463322,1500.0,70.2,921.01,361.15,1915.58,10.7,22951696,25174491,0.00032899411960490333,0.0005222328734469125,69.627,0,0,3.0374937378166433,75416,451,174010368,237568,45474781,622418,484.58,249.92,0.01,0.07
8-6-2021 19:36:33,1623195393.747945,1500.0,94.1,934.07,366.08,1917.56,10.7,23117548,25438585,0.0003315970333170705,0.0005280176718811858,70.601,0,0,3.101628415680011,76443,457,174010368,237568,45554585,629408,493.68,253.92,0.01,0.07
8-6-2021 19:36:38,1623195398.7580216,1500.0,78.5,945.43,371.71,1920.35,10.7,23268425,25664975,0.00030114709688079026,0.0004518693456447444,69.627,0,0,3.088831240978736,77466,461,174010368,237568,45632019,634066,501.44,258.88,0.01,0.07
8-6-2021 19:36:43,1623195403.7624826,1500.0,78.2,954.31,375.67,1927.34,10.7,23414409,25863003,0.0002917077354394051,0.00039570294986844117,69.627,0,0,3.077522109847376,78489,465,174010368,237568,45709435,638726,506.83,262.27,0.01,0.07
8-6-2021 19:36:48,1623195408.7663944,1500.0,63.9,964.88,380.27,1931.93,10.8,23572717,26103903,0.000316368490147693,0.00048142336001073376,70.601,0,0,3.0864007698145404,79514,470,174010368,237568,45788030,644551,513.76,266.49,0.01,0.07
8-6-2021 19:36:53,1623195413.7676804,1500.0,90.7,974.61,384.77,1937.5,10.7,23733554,26340187,0.00032159128480385626,0.0004724464839470668,70.114,0,0,3.083474284127039,80537,474,174010368,237568,45865465,649209,520.35,270.26,0.01,0.07
8-6-2021 19:36:58,1623195418.7713904,1500.0,73.3,985.26,389.6,1941.76,10.7,23897652,26593365,0.00032795265706174194,0.0005059805592364179,71.088,0,0,3.0954282341386956,81564,480,174010368,237568,45945189,656199,527.2,274.19,0.01,0.07
8-6-2021 19:37:3,1623195423.7747576,1500.0,74.3,996.12,394.26,1946.02,10.6,24062308,26839171,0.00032909037832388555,0.0004912811530359113,71.088,0,0,3.0782165301800037,82589,485,174010368,237568,46023794,662024,535.0,278.45,0.01,0.07
8-6-2021 19:37:8,1623195428.7777262,1500.0,73.6,1008.72,399.39,1948.14,10.7,24228887,27103270,0.00033296031814759945,0.0005278845896689431,71.088,0,0,3.1031660607022573,83616,491,174010368,237568,46103557,669014,543.98,282.55,0.01,0.07
8-6-2021 19:37:13,1623195433.7815695,1500.0,90.9,1020.02,404.25,1951.71,10.7,24388535,27347145,0.0003190507579661172,0.0004873753733149606,72.062,0,0,3.0383369625062624,84641,496,174010368,237568,46182156,674837,551.73,286.71,0.01,0.07
8-6-2021 19:37:18,1623195438.7870378,1500.0,73.1,1029.69,409.58,1956.5,10.7,24543221,27565559,0.00030903401762065187,0.0004363507746311693,71.575,0,0,3.091708125213906,85664,500,174010368,237568,46259601,679497,557.96,291.4,0.01,0.07
8-6-2021 19:37:23,1623195443.7880015,1500.0,60.5,1041.11,414.17,1960.24,10.7,24704121,27807757,0.0003217379889988168,0.00048430265667828113,70.601,0,0,3.0709251166874165,86689,505,174010368,237568,46338229,685320,565.81,295.53,0.01,0.07
8-6-2021 19:37:28,1623195448.7918155,1500.0,90.8,1052.6,418.87,1963.79,10.6,24861729,28049810,0.00031497573764061753,0.0004837370071514415,71.575,0,0,3.083176675413056,87714,510,174010368,237568,46416842,691145,573.86,299.4,0.01,0.07
8-6-2021 19:37:33,1623195453.7955315,1500.0,79.9,1063.5,423.27,1968.35,10.7,25194242,28447240,0.0006645321207945489,0.000794269700033916,71.575,0,0,3.088087219193778,88737,514,174010368,237568,46494291,695805,581.08,302.93,0.01,0.07
8-6-2021 19:37:38,1623195458.7976842,1500.0,90.4,1073.56,428.47,1972.84,10.7,25346455,28674401,0.00030429498996999556,0.0004541264820782335,70.601,0,0,3.0952298283293733,89762,519,174010368,237568,46572886,701630,587.49,307.41,0.01,0.07
8-6-2021 19:37:43,1623195463.7991934,1500.0,76.9,1083.09,432.9,1978.68,10.8,25502880,28897376,0.00031275559850032293,0.00044581543599558584,70.601,0,0,3.0840695015550055,90785,523,174010368,237568,46650312,706290,593.5,311.1,0.01,0.07
8-6-2021 19:37:48,1623195468.7999258,1500.0,85.6,1093.01,437.3,1984.21,10.7,25658102,29117864,0.0003103985314651174,0.00044091141336718255,71.088,0,0,3.087045588694837,91808,527,174010368,237568,46727752,710948,600.14,314.92,0.01,0.07
8-6-2021 19:37:53,1623195473.8038464,1500.0,93.4,1104.92,442.04,1987.4,10.6,25818737,29367596,0.0003210182860233608,0.0004990726716169325,71.575,0,0,3.0884344293600914,92833,532,174010368,237568,46806358,716773,608.91,319.16,0.01,0.07
8-6-2021 19:37:58,1623195478.8075387,1500.0,70.0,1114.72,446.97,1992.3,10.7,25978919,29608287,0.00032012759290927,0.00048102677245211764,72.062,0,0,3.072264355900341,93863,537,174010368,237568,46885288,722598,615.28,323.14,0.01,0.07
8-6-2021 19:38:3,1623195483.8093224,1500.0,53.5,1123.88,450.96,1999.07,10.7,26132610,29825650,0.0003072723892162453,0.0004345709790242157,70.601,0,0,3.1146239961906086,94891,541,174010368,237568,46963034,727258,620.67,326.42,0.01,0.07
8-6-2021 19:38:8,1623195488.8131692,1500.0,91.4,1134.35,455.42,2003.97,10.7,26292385,30064600,0.0003193043346672127,0.00047753259751982775,71.088,0,0,3.0806470013441993,95921,546,174010368,237568,47041955,733083,627.5,330.15,0.01,0.07
8-6-2021 19:38:13,1623195493.8170726,1500.0,93.4,1144.88,459.83,2008.83,10.7,26446871,30297366,0.000308730980578707,0.0004651688530053423,71.088,0,0,3.0824822550804285,96949,550,174010368,237568,47119737,737743,634.77,334.23,0.01,0.07
8-6-2021 19:38:18,1623195498.8178904,1500.0,63.5,1154.02,465.14,2014.14,10.7,26599118,30511244,0.00030444420658356754,0.00042768604974600656,70.114,0,0,3.0882856250031,97977,554,174010368,237568,47197525,742401,640.11,338.66,0.01,0.07
8-6-2021 19:38:23,1623195503.826735,1500.0,53.8,1164.12,469.23,2019.83,10.7,26757152,30743455,0.0003155098873647894,0.0004636019239838586,71.088,0,0,3.10341406796391,99007,559,174010368,237568,47276457,748226,646.82,342.39,0.01,0.07
8-6-2021 19:38:28,1623195508.8276317,1500.0,72.5,1175.36,474.05,2023.56,10.7,26919796,30991319,0.00032522967381271316,0.0004956391128471652,70.601,0,0,3.0859047552912346,100037,564,174010368,237568,47355384,754049,653.96,346.13,0.01,0.07
8-6-2021 19:38:33,1623195513.8315399,1500.0,94.5,1187.77,479.01,2026.0,10.7,27082400,31252177,0.00032495400572291327,0.0005213085288484152,71.575,0,0,3.087690407575134,101069,570,174010368,237568,47435477,761037,663.14,350.7,0.01,0.07
8-6-2021 19:38:38,1623195518.835286,1500.0,77.7,1198.49,484.46,2029.57,10.7,27239273,31479810,0.0003135111154210331,0.00045492516708825633,70.601,0,0,3.0808454071535216,102097,574,174010368,237568,47513232,765697,670.17,355.24,0.01,0.07
8-6-2021 19:38:43,1623195523.8390732,1500.0,75.4,1208.96,488.97,2034.45,10.6,27394983,31706887,0.00031118429164539397,0.00045381025877568,72.549,0,0,3.0945850094490766,103120,578,174010368,237568,47590681,770357,677.61,359.28,0.01,0.07
8-6-2021 19:38:48,1623195528.8505251,1500.0,88.4,1220.12,493.61,2038.43,10.7,27559539,31960789,0.0003283599270755187,0.0005066435876195845,72.549,0,0,3.0890792482403886,104147,584,174010368,237568,47670456,777347,684.76,362.98,0.01,0.07
8-6-2021 19:38:53,1623195533.8557749,1500.0,71.0,1230.38,497.85,2043.74,10.7,27714641,32181006,0.0003098786436188772,0.000439972052338579,71.575,0,0,3.1033644665115796,105170,588,174010368,237568,47747889,782007,691.94,366.54,0.01,0.07
8-6-2021 19:38:58,1623195538.8576717,1500.0,60.2,1242.62,502.63,2046.51,10.6,27874295,32430494,0.0003191869095376834,0.0004987867744418402,71.088,0,0,3.0813910231291572,106195,593,174010368,237568,47826513,787832,700.76,370.68,0.01,0.07
8-6-2021 19:39:3,1623195543.8615038,1500.0,49.4,1253.2,506.9,2051.47,10.7,28032424,32666215,0.0003160157990561376,0.00047108095396361077,70.601,0,0,3.0577311303674968,107220,598,174010368,237568,47905113,793657,708.0,374.37,0.01,0.07
8-6-2021 19:39:8,1623195548.8652217,1500.0,61.6,1263.41,511.81,2056.19,10.7,28194304,32909145,0.00032351943746052937,0.00048549899272477386,71.575,0,0,3.079158957774284,108245,603,174010368,237568,47983723,799482,714.51,378.48,0.01,0.07
8-6-2021 19:39:13,1623195553.8680596,1500.0,94.2,1276.07,516.8,2058.41,10.6,28355857,33161229,0.0003229227157609128,0.000503882007018588,72.549,0,0,3.085210334958608,109270,608,174010368,237568,48062317,805303,723.59,383.02,0.01,0.07
8-6-2021 19:39:18,1623195558.87084,1500.0,56.9,1285.21,521.43,2064.52,10.7,28506701,33368030,0.0003015203283162678,0.00041337212892877733,70.601,0,0,3.0879384148367865,110288,612,174010368,237568,48139416,809963,729.18,386.74,0.01,0.07
8-6-2021 19:39:23,1623195563.8725429,1500.0,89.0,1296.14,526.57,2068.28,10.7,28664565,33608072,0.0003156205131938348,0.0004799205596467496,72.062,0,0,3.0888808424310663,111303,617,174010368,237568,48217374,815788,736.21,391.2,0.01,0.07
8-6-2021 19:39:28,1623195568.8785899,1500.0,57.9,1305.25,530.84,2074.74,10.6,28820555,33834532,0.0003116031465051265,0.00045237289927271585,71.575,0,0,3.090616893262635,112316,621,174010368,237568,48294191,820448,742.39,394.94,0.01,0.07
8-6-2021 19:39:33,1623195573.882317,1500.0,62.1,1316.05,536.32,2078.27,10.7,29175300,34280596,0.0007089615120640709,0.0008914634678920004,71.088,0,0,3.084664718982972,113333,627,174010368,237568,48373342,827438,749.36,399.67,0.01,0.07
8-6-2021 19:39:38,1623195578.88615,1500.0,75.9,1326.3,541.52,2082.61,10.6,29330504,34500750,0.000310170234845382,0.0004399707345310058,72.549,0,0,3.0391305857435507,114346,631,174010368,237568,48450189,832098,756.3,404.31,0.01,0.07
8-6-2021 19:39:43,1623195583.88821,1500.0,95.8,1336.17,547.05,2087.06,10.6,29480623,34720726,0.0003001143423904135,0.0004397707990439158,71.575,0,0,3.0879384148367865,115361,636,174010368,237568,48528193,837923,762.95,409.16,0.01,0.07
8-6-2021 19:39:48,1623195588.8940554,1500.0,57.8,1346.29,551.78,2091.97,10.7,29638075,34955279,0.00031453628768514743,0.0004685582265415135,71.088,0,0,3.0989995387064933,116374,640,174010368,237568,48605006,842583,769.32,412.87,0.01,0.07
8-6-2021 19:39:53,1623195593.89764,1500.0,67.8,1356.93,556.37,2096.49,10.6,29798340,35201152,0.00032030036876466863,0.000491393707729544,72.062,0,0,3.0849127262446245,117389,645,174010368,237568,48683005,848406,776.62,416.83,0.01,0.07
8-6-2021 19:39:58,1623195598.9015217,1500.0,93.2,1368.03,560.78,2100.81,10.6,29956966,35439293,0.0003170058960936403,0.00047591253074297777,72.549,0,0,3.08263105943742,118404,650,174010368,237568,48760977,854229,784.15,420.74,0.01,0.07
8-6-2021 19:40:3,1623195603.9052663,1500.0,62.4,1378.57,565.29,2105.53,10.6,30115166,35670241,0.0003161632189027745,0.0004615503355193297,72.549,0,0,3.087392798861151,119419,655,174010368,237568,48838945,860054,790.95,424.75,0.01,0.07
8-6-2021 19:40:8,1623195608.9081993,1500.0,53.8,1389.21,569.3,2110.71,10.6,30273868,35901245,0.00031721791836015383,0.0004617371426501807,71.088,0,0,3.0510845357552068,120432,659,174010368,237568,48915721,864714,798.14,428.01,0.01,0.07
8-6-2021 19:40:13,1623195613.917643,1500.0,82.5,1400.34,574.42,2114.47,10.7,30439337,36168057,0.0003303141185533572,0.0005326180166645012,72.062,0,0,3.0905176903579736,121449,665,174010368,237568,48994847,871702,805.24,432.32,0.01,0.07
8-6-2021 19:40:18,1623195618.922189,1500.0,57.1,1409.84,579.18,2119.92,10.6,30587682,36376169,0.000296420498807394,0.0004158459189578643,73.036,0,0,3.0534158040147417,122471,668,174010368,237568,49071121,875197,811.35,436.4,0.01,0.07
8-6-2021 19:40:23,1623195623.9261193,1500.0,91.3,1420.31,583.4,2125.13,10.6,30743708,36602337,0.00031180689918074633,0.0004519807133036227,73.036,0,0,3.093592980402466,123495,672,174010368,237568,49148571,879853,818.39,440.17,0.01,0.07
8-6-2021 19:40:28,1623195628.9276605,1500.0,76.2,1429.64,587.82,2131.21,10.7,30902464,36835529,0.00031741416421330096,0.0004662402919022152,71.088,0,0,3.097065082065603,124521,677,174010368,237568,49227238,885678,824.0,443.7,0.01,0.07
8-6-2021 19:40:33,1623195633.9382,1500.0,88.5,1441.43,592.04,2135.02,10.6,31050256,37054886,0.00029496224720859036,0.0004377911772013015,70.601,0,0,3.073851602374918,125545,681,174010368,237568,49304673,890338,832.09,447.78,0.01,0.07
8-6-2021 19:40:38,1623195638.9415584,1500.0,76.7,1452.73,597.47,2138.18,10.6,31196278,37264914,0.00029184797364822343,0.0004197740491801857,72.062,0,0,3.0419578685263904,126569,685,174010368,237568,49382110,894998,839.05,451.88,0.01,0.07
8-6-2021 19:40:43,1623195643.9454257,1500.0,94.8,1464.04,602.4,2141.72,10.6,31356323,37509693,0.000319842608921084,0.0004891796305357494,71.575,0,0,3.101132401156706,127595,690,174010368,237568,49460700,900823,847.13,456.17,0.01,0.07
8-6-2021 19:40:48,1623195648.9533725,1500.0,89.6,1475.82,607.71,2144.5,10.7,31523651,37767799,0.0003341249598542737,0.0005153928624506786,72.062,0,0,3.1163600470221766,128623,696,174010368,237568,49540453,907813,855.27,460.64,0.01,0.07
8-6-2021 19:40:53,1623195653.96479,1500.0,93.3,1488.35,612.88,2146.78,10.7,31687581,38033858,0.0003271130290675632,0.0005309056633971012,72.549,0,0,3.0960730530189924,129651,702,174010368,237568,49620200,914803,863.88,465.26,0.01,0.07
8-6-2021 19:40:58,1623195658.9701529,1500.0,93.5,1499.95,618.03,2149.8,10.6,31846733,38272229,0.00031796296887498353,0.0004762312182925675,72.062,0,0,3.096965879160942,130677,707,174010368,237568,49698772,920628,871.94,469.79,0.01,0.07
8-6-2021 19:41:3,1623195663.9717915,1500.0,72.6,1509.56,622.09,2155.87,10.7,32004035,38494483,0.0003145009285544417,0.0004443623690413274,71.088,0,0,3.0985531256355188,131701,711,174010368,237568,49776225,925288,877.55,472.98,0.01,0.07
8-6-2021 19:41:8,1623195668.9759755,1500.0,95.6,1519.7,627.21,2160.58,10.7,32164796,38735307,0.0003212531748521099,0.00048124529320285717,72.062,0,0,3.0511341372075376,132727,716,174010368,237568,49854833,931113,884.61,477.46,0.01,0.07
8-6-2021 19:41:13,1623195673.9778152,1500.0,63.8,1529.46,631.78,2166.14,10.6,32317112,38960652,0.00030451995871727647,0.0004505242397196924,73.036,0,0,3.08263105943742,133745,720,174010368,237568,49932012,935771,890.63,481.28,0.01,0.07
8-6-2021 19:41:18,1623195678.9876697,1500.0,71.1,1539.02,637.59,2170.66,10.7,32466855,39172708,0.0002988969008025707,0.00042327775720127104,71.088,0,0,3.095577038495687,134763,724,174010368,237568,50009135,940427,896.52,486.13,0.01,0.07
8-6-2021 19:41:23,1623195683.9915805,1500.0,66.9,1548.89,643.2,2174.98,10.6,32622967,39404180,0.000311979982987359,0.0004625821885700648,72.549,0,0,3.0968170748039503,135783,729,174010368,237568,50087395,946252,903.37,491.36,0.01,0.07
8-6-2021 19:41:28,1623195688.995299,1500.0,82.0,1561.03,648.43,2177.52,10.7,32789205,39656031,0.0003322289137436076,0.0005033276636824391,72.549,0,0,3.0884344293600914,136803,734,174010368,237568,50165693,952077,911.87,495.6,0.01,0.07
8-6-2021 19:41:33,1623195693.997629,1500.0,66.1,1572.05,653.69,2180.96,10.7,33163890,40112732,0.0007490209822350311,0.0009129765846183352,72.549,0,0,3.100388379371748,137823,739,174010368,237568,50243971,957902,919.45,500.13,0.01,0.07
8-6-2021 19:41:39,1623195699.0013735,1500.0,87.2,1581.87,658.5,2186.19,10.7,33311647,40326049,0.0002952928491492873,0.00042631472418889474,71.575,0,0,3.0988507343495018,138839,742,174010368,237568,50319969,961397,925.55,504.39,0.01,0.07
8-6-2021 19:41:44,1623195704.0053716,1500.0,62.0,1592.55,662.97,2190.96,10.7,33468429,40550243,0.0003133134719690586,0.00044802975172297273,71.575,0,0,3.0604096087933454,139859,747,174010368,237568,50398277,967222,932.84,508.3,0.01,0.07
8-6-2021 19:41:49,1623195709.0098562,1500.0,81.6,1604.58,668.82,2192.8,10.7,33628684,40798526,0.00032022278235739984,0.0004961210138344657,74.01,0,0,3.0968170748039503,140886,753,174010368,237568,50478058,974210,941.29,513.48,0.01,0.07
8-6-2021 19:41:54,1623195714.0135765,1500.0,72.4,1614.14,673.33,2198.54,10.7,33783425,41024770,0.00030925189905200924,0.00045215157359150305,71.575,0,0,3.0968170748039503,141909,757,174010368,237568,50555542,978870,946.93,516.76,0.01,0.07
8-6-2021 19:41:59,1623195719.0174737,1500.0,78.9,1625.78,677.61,2202.31,10.7,33952735,41271263,0.00033835627225750343,0.0004926020472362459,73.523,0,0,3.090616893262635,142934,762,174010368,237568,50634171,984695,955.17,520.41,0.01,0.07
8-6-2021 19:42:4,1623195724.0176432,1500.0,83.5,1636.89,682.47,2206.17,10.7,34112115,41509179,0.00031874919340722503,0.0004758158683565902,72.549,0,0,3.0989995387064933,143959,767,174010368,237568,50712800,990520,962.31,524.57,0.01,0.07
8-6-2021 19:42:9,1623195729.0215302,1500.0,70.3,1647.92,687.29,2210.15,10.7,34273399,41750470,0.0003223174344170903,0.0004822071381410068,72.062,0,0,3.0998427633961123,144984,772,174010368,237568,50791471,996345,969.92,528.76,0.01,0.07
8-6-2021 19:42:14,1623195734.0276709,1500.0,64.6,1657.69,691.08,2216.38,10.7,34426749,41970400,0.0003063237909526931,0.00043932045219579913,71.575,0,0,3.096519466089967,146007,776,174010368,237568,50868965,1001003,976.33,532.0,0.01,0.07
8-6-2021 19:42:19,1623195739.0314586,1500.0,91.5,1668.05,696.83,2220.16,10.7,34583593,42382795,0.000313450545165489,0.0008241656523266548,72.549,0,0,3.0497452965422824,147030,780,174010368,237568,50946466,1005663,983.5,537.09,0.01,0.07
8-6-2021 19:42:24,1623195744.0327437,1500.0,89.6,1682.81,700.84,2221.28,11.0,34725843,42699725,0.0002844268979558953,0.0006336971301874299,73.523,0,0,3.0554990650126235,148051,783,174010368,237568,51022779,1009158,991.06,539.69,0.01,0.07
8-6-2021 19:42:29,1623195749.0366247,1500.0,55.2,1694.08,705.38,2225.13,10.9,34883488,42937903,0.0003150454631210001,0.0004759865413760891,73.036,0,0,3.0420570714310515,149076,788,174010368,237568,51101433,1014981,998.3,543.49,0.01,0.07
8-6-2021 19:42:34,1623195754.0376353,1500.0,92.7,1705.31,710.11,2228.9,10.7,35042153,43182177,0.0003172658706462064,0.0004884492691282352,73.036,0,0,3.095725842852679,150101,793,174010368,237568,51180054,1020802,1006.06,547.7,0.01,0.07
8-6-2021 19:42:39,1623195759.0454443,1500.0,87.2,1716.42,715.27,2232.48,10.7,35197567,43417038,0.00031034331055209574,0.0004689895392923145,72.062,0,0,3.095081023972382,151126,798,174010368,237568,51258669,1026627,1013.07,552.14,0.01,0.07
8-6-2021 19:42:44,1623195764.0477319,1500.0,91.9,1727.32,720.08,2236.49,10.7,35352030,43648476,0.000308784723191308,0.0004626643193900801,73.036,0,0,3.095081023972382,152149,802,174010368,237568,51336123,1031287,1020.36,556.61,0.01,0.07
8-6-2021 19:42:49,1623195769.0514784,1500.0,91.4,1738.17,724.63,2240.89,10.7,35510294,43878645,0.00031629100254754866,0.0004599933261219654,73.036,0,0,3.0846151175306415,153174,807,174010368,237568,51414774,1037112,1027.79,560.12,0.01,0.07
8-6-2021 19:42:54,1623195774.057545,1500.0,95.0,1751.75,729.81,2242.05,10.7,35676807,44146635,0.00033262242517049487,0.0005353304770284658,74.497,0,0,3.1027196476312824,154201,813,174010368,237568,51494582,1044100,1037.86,564.98,0.01,0.07
8-6-2021 19:42:59,1623195779.0579705,1500.0,56.1,1763.05,734.49,2246.03,10.7,35837836,44399768,0.00032203059022695754,0.00050622291261773,74.497,0,0,3.1006859880857314,155228,819,174010368,237568,51574410,1051090,1045.49,568.9,0.01,0.07
8-6-2021 19:43:4,1623195784.0613382,1500.0,75.4,1776.22,739.18,2248.03,10.7,36007918,44671774,0.0003399350427056209,0.0005436458368680115,73.036,0,0,3.0973130893272556,156250,825,174010368,237568,51653922,1058080,1054.65,572.51,0.01,0.07
8-6-2021 19:43:9,1623195789.065262,1500.0,90.8,1787.65,743.87,2251.92,10.7,36165232,44910762,0.0003143812803005606,0.0004776011888100893,73.523,0,0,3.0994955532297985,157270,830,174010368,237568,51732235,1063905,1062.64,576.58,0.01,0.07
8-6-2021 19:43:14,1623195794.0676455,1500.0,66.8,1796.99,748.67,2257.63,10.7,36315955,45115791,0.0003013023709353332,0.0004098626209039127,73.523,0,0,3.1017772200370026,158286,833,174010368,237568,51808238,1067400,1068.62,580.47,0.01,0.07
8-6-2021 19:43:19,1623195799.0714471,1500.0,60.2,1806.11,753.57,2263.46,10.7,36466762,45328397,0.00030138485201905045,0.0004248889497726381,74.01,0,0,3.052225369158809,159304,837,174010368,237568,51885468,1072060,1074.61,584.55,0.01,0.07
8-6-2021 19:43:24,1623195804.0856473,1500.0,84.4,1818.61,758.18,2266.26,10.7,36631641,45590965,0.00032882412563501256,0.0005236488153114343,73.036,0,0,3.1020252272986553,160326,843,174010368,237568,51964976,1079050,1082.99,588.5,0.01,0.07
8-6-2021 19:43:29,1623195809.0958602,1500.0,80.2,1828.68,762.73,2271.52,10.7,36787256,45819825,0.00031059558378091623,0.00045678697621759145,74.01,0,0,3.098602727087849,161338,847,174010368,237568,52041840,1083710,1089.83,592.58,0.01,0.07
8-6-2021 19:43:34,1623195814.0976715,1500.0,73.4,1841.27,767.74,2273.63,10.7,37182694,46299308,0.0007905896063938249,0.0009586187373052927,74.01,0,0,3.097858705302891,162360,853,174010368,237568,52121338,1090700,1098.49,596.81,0.01,0.07
8-6-2021 19:43:39,1623195819.1015158,1500.0,90.8,1851.84,772.39,2278.23,10.7,37332096,46508740,0.00029857444037453655,0.00041854220289233037,73.036,0,0,3.099941966300773,163376,856,174010368,237568,52197349,1094193,1105.44,600.82,0.01,0.07
8-6-2021 19:43:44,1623195824.1053367,1500.0,68.9,1860.78,776.78,2284.61,10.7,37492968,46745163,0.0003214983176632466,0.0004724849368249151,74.01,0,0,3.0973130893272556,164396,861,174010368,237568,52275686,1100018,1110.96,604.42,0.01,0.07
8-6-2021 19:43:49,1623195829.1076353,1500.0,69.9,1871.56,781.08,2289.26,10.7,37646208,46965884,0.00030633917015364403,0.0004412391541078208,74.01,0,0,3.090964103428948,165414,865,174010368,237568,52352848,1104678,1118.57,607.88,0.01,0.07
8-6-2021 19:43:54,1623195834.1115494,1500.0,59.4,1881.79,785.6,2294.26,10.7,37806644,47207107,0.000320621010318451,0.00048206862532129767,74.497,0,0,3.0953290312340345,166434,870,174010368,237568,52431185,1110503,1125.22,612.05,0.01,0.07
8-6-2021 19:43:59,1623195839.1166828,1500.0,94.3,1891.86,789.93,2299.63,10.7,37968262,47447693,0.0003229044810456565,0.00048067849792009747,74.01,0,0,3.088484030812422,167454,875,174010368,237568,52509536,1116328,1132.22,615.59,0.01,0.07
8-6-2021 19:44:4,1623195844.117635,1500.0,54.8,1902.24,794.06,2305.02,10.7,38121743,47681005,0.0003069035505990461,0.0004665351489589242,72.549,0,0,3.098751531444841,168474,880,174010368,237568,52587891,1122153,1138.86,619.1,0.01,0.07
8-6-2021 19:44:9,1623195849.121398,1500.0,76.5,1912.91,798.16,2310.1,10.7,38279956,47912067,0.0003161880393836216,0.0004617764706822978,73.036,0,0,3.0660145729066945,169492,884,174010368,237568,52665081,1126811,1145.83,622.59,0.01,0.07
8-6-2021 19:44:14,1623195854.125141,1500.0,90.8,1925.41,802.86,2312.76,10.7,38441159,48163083,0.0003221648317063828,0.00050165646666383,74.01,0,0,3.0961722559236535,170512,889,174010368,237568,52743434,1132636,1154.72,626.55,0.01,0.07
8-6-2021 19:44:19,1623195859.128292,1500.0,64.7,1934.47,807.73,2318.56,10.6,38593530,48372002,0.00030455006168721583,0.00041757482944675454,73.036,0,0,3.078266131632334,171530,893,174010368,237568,52820574,1137296,1160.14,630.95,0.01,0.07
8-6-2021 19:44:24,1623195864.1321945,1500.0,82.1,1946.6,813.31,2320.72,10.7,38762213,48646917,0.00033710289555194883,0.0005494011994727626,74.01,0,0,3.0494476878282994,172552,899,174010368,237568,52900086,1144286,1168.87,635.58,0.01,0.07
8-6-2021 19:44:29,1623195869.1359437,1500.0,69.3,1957.51,818.1,2324.87,10.7,38924162,48891155,0.0003236553146904227,0.0004881100022189668,73.523,0,0,3.0916089223092453,173572,904,174010368,237568,52978425,1150111,1175.65,639.71,0.01,0.07
8-6-2021 19:44:34,1623195874.1376562,1500.0,94.4,1969.48,822.58,2328.19,10.7,39082649,49130731,0.00031686546973280473,0.00047898794081979235,73.036,0,0,3.0746452256122057,174592,909,174010368,237568,53056790,1155936,1184.22,643.65,0.01,0.07
8-6-2021 19:44:39,1623195879.1527083,1500.0,79.4,1979.11,827.31,2333.65,10.7,39233647,49345374,0.00030108959505631015,0.00042799754931635906,73.036,0,0,3.097263487874925,175605,913,174010368,237568,53133652,1160596,1189.93,647.51,0.01,0.07
8-6-2021 19:44:44,1623195884.15661,1500.0,94.3,1988.81,832.24,2338.87,10.7,39387592,49572693,0.0003076499272222999,0.0004542835025901848,73.523,0,0,3.091757726666237,176618,917,174010368,237568,53210566,1165256,1196.6,651.89,0.01,0.07
8-6-2021 19:44:49,1623195889.157647,1500.0,70.0,1998.84,836.86,2344.09,10.7,39542679,49801408,0.0003101096905439293,0.0004573351594444073,72.549,0,0,3.098305118373866,177633,922,174010368,237568,53288619,1171081,1202.89,655.81,0.01,0.07
8-6-2021 19:44:54,1623195894.1614704,1500.0,92.0,2010.38,841.95,2347.14,10.6,39704047,50055160,0.0003224893911530532,0.0005071162063350203,73.523,0,0,3.0946346109014073,178648,927,174010368,237568,53366679,1176906,1211.37,660.29,0.01,0.07
8-6-2021 19:44:59,1623195899.165591,1500.0,58.0,2021.31,846.2,2351.69,10.7,39862453,50290193,0.000316551124627736,0.00046967892929958895,73.036,0,0,3.0942874007350936,179662,932,174010368,237568,53444704,1182729,1218.3,663.65,0.01,0.07
8-6-2021 19:45:4,1623195904.1742127,1500.0,69.2,2032.85,850.94,2355.08,10.7,40025603,50540237,0.00032573831686903866,0.000499227163366239,74.01,0,0,3.0954778355910264,180682,937,174010368,237568,53523095,1188554,1226.73,667.7,0.01,0.07
8-6-2021 19:45:9,1623195909.177674,1500.0,94.7,2045.6,856.47,2356.61,10.7,40191669,50803825,0.0003319022333153118,0.0005268113031873859,74.497,0,0,3.0929481615221697,181704,943,174010368,237568,53602589,1195544,1235.73,672.65,0.01,0.07
8-6-2021 19:45:14,1623195914.1813862,1500.0,85.0,2057.03,860.77,2360.71,10.7,40357593,51064838,0.0003316018070613887,0.0005216387169216885,74.01,0,0,3.094436205092085,182726,949,174010368,237568,53682139,1202534,1243.08,676.22,0.01,0.07
8-6-2021 19:45:19,1623195919.1976607,1500.0,66.1,2067.3,865.66,2365.4,10.7,40510345,51281547,0.00030451284405445307,0.00043201184876267716,74.01,0,0,3.0421562743357127,183739,953,174010368,237568,53758991,1207194,1250.22,680.44,0.01,0.07
8-6-2021 19:45:24,1623195924.2014375,1500.0,64.0,2077.6,870.22,2370.27,10.7,40667370,51518553,0.0003138129589518187,0.00047365422161652434,74.01,0,0,3.0953290312340345,184754,958,174010368,237568,53837027,1213019,1256.6,684.39,0.01,0.07
8-6-2021 19:45:29,1623195929.2053049,1500.0,95.0,2088.91,874.8,2374.32,10.7,40825579,51752342,0.000316173446935523,0.0004672166184326365,73.523,0,0,3.0963706617329754,185769,963,174010368,237568,53915083,1218842,1264.34,688.4,0.01,0.07
8-6-2021 19:45:34,1623195934.2076926,1500.0,79.4,2100.52,879.16,2378.11,10.8,41239319,52239789,0.0008270850235504695,0.0009744286592415664,74.497,0,0,3.098305118373866,186782,967,174010368,237568,53992006,1223502,1272.08,691.81,0.01,0.07
8-6-2021 19:45:39,1623195939.2117083,1500.0,68.9,2112.48,883.81,2381.23,10.7,41386528,52450384,0.0002941817318177697,0.00042085199826208457,72.549,0,0,3.088831240978736,187795,971,174010368,237568,54068913,1228162,1280.48,695.96,0.01,0.07
8-6-2021 19:45:44,1623195944.2151134,1500.0,80.1,2123.83,888.44,2385.16,10.7,41535669,52664171,0.00029807900258660593,0.00042728301222321645,72.549,0,0,3.051282941564529,188806,974,174010368,237568,54144643,1231657,1287.46,699.9,0.01,0.07
8-6-2021 19:45:49,1623195949.2176628,1500.0,82.8,2135.64,893.77,2387.8,10.7,41704169,52928702,0.00033682825734349374,0.0005287923782987047,73.523,0,0,3.1171040688071345,189823,980,174010368,237568,54223844,1238645,1295.48,704.23,0.01,0.07
8-6-2021 19:45:54,1623195954.2214975,1500.0,68.5,2146.05,898.15,2392.97,10.7,41863911,53171818,0.000319239161158177,0.00048585937263920167,72.549,0,0,3.1018764229416638,190838,985,174010368,237568,54301904,1244470,1302.14,707.87,0.01,0.07
8-6-2021 19:45:59,1623195959.225407,1500.0,74.4,2155.92,902.3,2398.72,10.7,42021655,53399767,0.0003152415221462902,0.00045554182556372796,72.062,0,0,3.1017276185846723,191858,990,174010368,237568,54380272,1250293,1308.48,711.31,0.01,0.07
8-6-2021 19:46:4,1623195964.2276301,1500.0,86.7,2167.22,907.04,2402.37,10.7,42183118,53643131,0.0003227824745628691,0.0004865116722686813,73.523,0,0,3.1006363866334006,192878,995,174010368,237568,54458692,1256118,1316.51,715.34,0.01,0.07
8-6-2021 19:46:9,1623195969.231908,1500.0,71.8,2179.37,911.38,2405.77,10.6,42345434,53886397,0.00032435448589799556,0.000486116084467716,74.984,0,0,3.053862217085716,193898,1000,174010368,237568,54537086,1261943,1325.31,719.24,0.01,0.07
8-6-2021 19:46:14,1623195974.2346847,1500.0,64.0,2188.45,915.83,2412.15,10.7,42498430,54102962,0.00030582216944001684,0.0004328896057725512,72.062,0,0,3.096321060280645,194916,1004,174010368,237568,54614305,1266603,1330.52,722.7,0.01,0.07
8-6-2021 19:46:19,1623195979.2376115,1500.0,76.5,2198.53,920.82,2416.91,10.7,42649409,54320763,0.0003017813476722705,0.00043534716287939513,73.523,0,0,3.0950314225200515,195934,1008,174010368,237568,54691528,1271263,1336.82,727.03,0.01,0.07
8-6-2021 19:46:24,1623195984.2416122,1500.0,71.5,2208.25,925.44,2422.52,10.7,42806478,54592110,0.0003138868488519794,0.0005422601199182402,73.036,0,0,3.0955274370433568,196952,1012,174010368,237568,54768735,1275921,1342.86,731.26,0.01,0.07
8-6-2021 19:46:29,1623195989.2453153,1500.0,92.6,2220.58,930.56,2424.82,10.7,42973710,54869759,0.00033421647143581674,0.0005548870376344424,74.01,0,0,3.098949937254163,197976,1019,174010368,237568,54849459,1284076,1351.62,735.61,0.01,0.07
8-6-2021 19:46:34,1623195994.2542453,1500.0,93.4,2232.04,934.72,2429.03,10.7,43138283,55116196,0.0003285591953876855,0.0004919952995555471,73.523,0,0,3.1148720034522612,198996,1024,174010368,237568,54927802,1289901,1359.42,739.05,0.01,0.07
8-6-2021 19:46:39,1623195999.2576125,1500.0,65.9,2242.46,939.38,2433.75,10.7,43289852,55339014,0.0003029339930046461,0.00044533609414398217,73.036,0,0,3.0480588471630448,200014,1028,174010368,237568,55004996,1294561,1366.18,743.17,0.01,0.07
8-6-2021 19:46:44,1623196004.2614515,1500.0,95.7,2252.68,944.36,2438.41,10.9,43715628,55559422,0.0008508986772793983,0.00044047779973929393,73.523,0,0,3.098602727087849,201032,1032,174010368,237568,55082237,1299221,1372.76,747.48,0.01,0.07
8-6-2021 19:46:49,1623196009.2661781,1500.0,78.2,2263.99,948.3,2442.78,10.8,44967552,55790044,0.0025014832736520694,0.00046080838416404476,73.523,0,0,3.1010331982520447,202050,1036,174010368,237568,55159426,1303881,1378.68,750.42,0.01,0.07
8-6-2021 19:46:54,1623196014.2676528,1500.0,67.8,2275.67,953.1,2446.13,10.7,45129602,56033041,0.0003240044433840594,0.00048585071107063425,74.497,0,0,3.054953449036988,203065,1041,174010368,237568,55237511,1309706,1387.26,754.62,0.01,0.07
8-6-2021 19:46:59,1623196019.2716634,1500.0,94.3,2286.31,958.7,2449.84,10.7,45286353,56271299,0.00031325073047885346,0.0004761340759703649,74.01,0,0,3.093493777497805,204080,1046,174010368,237568,55315572,1315531,1393.83,759.46,0.01,0.07
8-6-2021 19:47:4,1623196024.277164,1500.0,77.8,2296.69,963.07,2454.9,10.7,45452480,56503477,0.00033188888538385913,0.00046384571821951663,74.01,0,0,3.1024716403696297,205093,1050,174010368,237568,55392461,1320191,1400.87,763.45,0.01,0.07
8-6-2021 19:47:9,1623196029.277656,1500.0,94.2,2306.43,967.91,2460.07,10.7,45612059,56724216,0.0003191265918195002,0.0004414345543689624,74.01,0,0,3.1085230175539538,206106,1054,174010368,237568,55469404,1324851,1406.87,767.54,0.01,0.07
8-6-2021 19:47:14,1623196034.2898438,1500.0,51.1,2317.16,972.59,2464.49,10.8,45768651,56956341,0.00031242245655647706,0.00046312112194858126,73.523,0,0,3.0657665656450424,207121,1059,174010368,237568,55547463,1330674,1414.32,771.24,0.01,0.07
8-6-2021 19:47:19,1623196039.29371,1500.0,92.7,2328.22,978.4,2467.51,10.7,45921818,57180845,0.0003060973135777961,0.00044866107769604116,74.984,0,0,3.1044556984628513,208134,1063,174010368,237568,55624336,1335332,1422.13,776.35,0.01,0.07
8-6-2021 19:47:24,1623196044.2988164,1500.0,54.5,2338.74,982.76,2472.48,10.7,46081562,57423723,0.0003191620430527637,0.0004852604084821286,73.523,0,0,3.1050013144384865,209149,1068,174010368,237568,55702385,1341155,1429.15,779.98,0.01,0.07
8-6-2021 19:47:29,1623196049.3025243,1500.0,65.3,2348.52,987.19,2478.06,10.7,46235089,57655027,0.00030682646450538696,0.0004622651946950961,74.01,0,0,3.129504431889766,210164,1073,174010368,237568,55780445,1346980,1435.9,783.81,0.01,0.07
8-6-2021 19:47:34,1623196054.30622,1500.0,79.3,2360.54,991.77,2481.27,10.8,46676213,58169134,0.0008815963722035633,0.0010274545618113213,74.497,0,0,3.126329938940612,211179,1078,174010368,237568,55858488,1352805,1443.46,787.6,0.01,0.07
8-6-2021 19:47:39,1623196059.3084316,1500.0,58.8,2371.64,996.41,2485.41,10.7,46827718,58384302,0.00030287603364524397,0.0004301457404533174,73.523,0,0,3.045132361475544,212192,1082,174010368,237568,55935367,1357465,1451.14,791.73,0.01,0.07
8-6-2021 19:47:44,1623196064.3134124,1500.0,86.0,2383.25,1001.31,2488.74,10.7,46987832,58630257,0.0003199093189705556,0.0004914204663390023,74.01,0,0,3.1014796113230196,213207,1087,174010368,237568,56013425,1363290,1458.79,795.75,0.01,0.07
8-6-2021 19:47:49,1623196069.3186843,1500.0,94.6,2394.77,1005.52,2492.82,10.7,47151210,58877530,0.0003264118371285159,0.000494025108657711,73.523,0,0,3.099991567753104,214222,1092,174010368,237568,56091465,1369115,1466.89,799.43,0.01,0.07
8-6-2021 19:47:54,1623196074.3211694,1500.0,66.3,2406.29,1010.06,2496.62,10.7,47315503,59135608,0.00032842277146210913,0.000515899594099555,74.497,0,0,3.1067869667223857,215239,1098,174010368,237568,56170719,1376105,1474.75,803.25,0.01,0.07
8-6-2021 19:47:59,1623196079.3250012,1500.0,72.2,2418.44,1014.99,2499.35,10.7,47476569,59375227,0.00032188531588759684,0.0004788710063431765,74.497,0,0,3.1080270030306485,216254,1103,174010368,237568,56248794,1381930,1483.17,807.16,0.01,0.07
8-6-2021 19:48:4,1623196084.3278542,1500.0,77.9,2429.92,1020.0,2502.75,10.8,47643938,59619609,0.0003345471129897101,0.0004884852784365763,73.036,0,0,3.1035628723209014,217269,1108,174010368,237568,56326847,1387755,1491.03,811.46,0.01,0.07
8-6-2021 19:48:9,1623196089.3280616,1500.0,66.4,2440.79,1024.37,2507.45,10.7,47801638,59853079,0.0003153869162265245,0.0004669206298757557,73.523,0,0,3.1051005173431476,218282,1112,174010368,237568,56403757,1392415,1498.41,815.38,0.01,0.07
8-6-2021 19:48:14,1623196094.3318708,1500.0,50.9,2451.27,1028.44,2512.72,10.7,47960536,60083735,0.00031755407373828333,0.00046096082035127867,73.523,0,0,3.049100477661986,219297,1117,174010368,237568,56481838,1398238,1505.73,818.57,0.01,0.07
8-6-2021 19:48:19,1623196099.3356428,1500.0,93.0,2462.05,1033.51,2516.67,10.7,48113983,60306958,0.00030666265244749206,0.00044610945321372537,74.01,0,0,3.102372437464969,220310,1121,174010368,237568,56558720,1402898,1512.82,822.98,0.01,0.07
8-6-2021 19:48:24,1623196104.3378673,1500.0,78.7,2473.47,1038.18,2520.39,10.7,48282961,60620746,0.0003378057139305605,0.0006272969224564305,73.036,0,0,3.1076301914120044,221327,1127,174010368,237568,56637966,1409888,1520.3,826.92,0.01,0.07
8-6-2021 19:48:29,1623196109.3416939,1500.0,68.4,2483.79,1042.36,2525.77,10.7,48440702,60849359,0.00031524073881063886,0.0004568763417356083,74.497,0,0,3.1044556984628513,222340,1131,174010368,237568,56714880,1414548,1526.92,830.48,0.01,0.07
8-6-2021 19:48:34,1623196114.3479304,1500.0,62.3,2494.47,1047.31,2529.94,10.7,48594864,61073685,0.00030793990328263914,0.0004480930887234293,74.01,0,0,3.104554901367512,223349,1136,174010368,237568,56792639,1420373,1534.02,834.89,0.01,0.07
8-6-2021 19:48:39,1623196119.351671,1500.0,69.0,2503.96,1052.4,2535.04,10.7,48742162,61279627,0.0002943757745929914,0.00041157609588202035,72.549,0,0,3.1018764229416638,224360,1139,174010368,237568,56868416,1423868,1540.17,839.29,0.01,0.07
8-6-2021 19:48:44,1623196124.3522825,1500.0,72.3,2513.46,1057.33,2540.32,10.7,48899776,61510537,0.00031518944957837253,0.00046176352228953016,72.549,0,0,3.1020748287509856,225369,1144,174010368,237568,56946191,1429693,1545.91,843.26,0.01,0.07
8-6-2021 19:48:49,1623196129.3561726,1500.0,81.0,2523.84,1062.58,2544.49,10.7,49057311,61747746,0.00031482506373691887,0.0004740491861743154,74.984,0,0,3.1050509158908173,226376,1148,174010368,237568,57022785,1434350,1553.12,848.14,0.01,0.07
8-6-2021 19:48:54,1623196134.3583865,1500.0,92.5,2535.57,1067.72,2547.42,10.7,49217864,61995037,0.00032096388008735223,0.0004943631004757395,74.984,0,0,3.1020748287509856,227393,1154,174010368,237568,57102040,1441340,1561.09,852.43,0.01,0.07
8-6-2021 19:48:59,1623196139.3617642,1500.0,93.8,2547.51,1071.61,2551.36,10.7,49375764,62229632,0.0003155868100005494,0.00046887325960784604,74.01,0,0,3.104902111533826,228413,1159,174010368,237568,57180457,1447165,1569.88,855.72,0.01,0.07
8-6-2021 19:49:4,1623196144.3654845,1500.0,66.7,2558.36,1075.98,2555.95,10.7,49534394,62458612,0.0003170241160818414,0.0004576195051403899,73.036,0,0,3.081837436200132,229431,1163,174010368,237568,57257719,1451823,1577.37,859.4,0.01,0.07
8-6-2021 19:49:9,1623196149.3676183,1500.0,22.3,2564.25,1078.0,2567.8,10.7,49658150,62605707,0.00024740641454838714,0.0002940645023109587,71.575,0,0,3.045330767284866,230443,1164,174010368,237568,57331492,1452988,1579.14,860.59,0.01,0.07
8-6-2021 19:49:14,1623196154.371522,1500.0,21.0,2568.22,1078.64,2582.83,10.7,49778507,62729708,0.00024052621505550844,0.00024780852956702226,70.114,0,0,3.045330767284866,231455,1165,174010368,237568,57405235,1454153,1579.59,860.68,0.01,0.07
8-6-2021 19:49:19,1623196159.3742967,1500.0,20.4,2571.94,1079.25,2598.17,10.7,49896293,62847564,0.00023544134345459343,0.00023558126580565232,70.114,0,0,3.045330767284866,232465,1165,174010368,237568,57477823,1454153,1580.03,860.76,0.01,0.07
8-6-2021 19:49:24,1623196164.3777094,1500.0,22.6,2575.69,1079.93,2613.56,10.7,50014047,62965682,0.00023534736490148545,0.00023607486834785788,68.653,0,0,3.045330767284866,233475,1165,174010368,237568,57550427,1454153,1580.46,860.84,0.01,0.07
8-6-2021 19:49:29,1623196169.3816164,1500.0,21.9,2579.65,1080.6,2628.72,10.7,50131199,63090880,0.0002341210594310333,0.00025020049507175725,69.14,0,0,3.045330767284866,234485,1165,174010368,237568,57623037,1454153,1580.89,860.92,0.01,0.07
8-6-2021 19:49:34,1623196174.382433,1500.0,23.7,2583.87,1081.38,2643.46,10.8,50537698,63492989,0.0008128652455088679,0.0008040866791955831,67.679,0,0,3.045330767284866,235495,1165,174010368,237568,57695637,1454153,1581.33,861.0,0.01,0.07
8-6-2021 19:49:39,1623196179.3863082,1500.0,23.5,2588.14,1082.02,2658.38,10.7,50654984,63610873,0.0002343903355086633,0.0002355854092654133,67.192,0,0,3.045330767284866,236505,1165,174010368,237568,57768195,1454153,1581.78,861.08,0.01,0.07
8-6-2021 19:49:44,1623196184.387661,1500.0,23.0,2591.95,1082.68,2673.55,10.7,50772136,63728597,0.00023424062446483548,0.00023538431503088543,67.192,0,0,3.045330767284866,237515,1165,174010368,237568,57840785,1454153,1582.24,861.14,0.01,0.07
8-6-2021 19:49:49,1623196189.3915973,1500.0,23.3,2596.13,1083.48,2688.68,10.7,50890957,63855072,0.00023745506156795087,0.0002527510197002768,67.679,0,0,3.045330767284866,238525,1165,174010368,237568,57913359,1454153,1582.69,861.23,0.01,0.07
8-6-2021 19:49:54,1623196194.3954575,1500.0,19.7,2600.03,1084.22,2703.75,10.7,51008510,63973642,0.00023492462713632753,0.0002369570580040863,67.192,0,0,3.045330767284866,239535,1165,174010368,237568,57985965,1454153,1583.15,861.28,0.01,0.07
8-6-2021 19:49:59,1623196199.3986275,1500.0,22.8,2603.99,1084.97,2718.9,10.7,51126580,64091326,0.00023599038146438834,0.00023521887060434554,67.192,0,0,3.045330767284866,240534,1165,174010368,237568,58057873,1454153,1583.57,861.39,0.01,0.07
8-6-2021 19:50:4,1623196204.4025574,800.0,23.2,2607.87,1085.64,2734.07,10.7,51244728,64209186,0.00023611042412753608,0.0002355348764911078,67.192,0,0,3.045330767284866,241532,1165,174010368,237568,58129768,1454153,1584.06,861.47,0.01,0.07
8-6-2021 19:50:9,1623196209.4053888,1500.0,22.0,2611.95,1086.37,2749.02,10.7,51362176,64334428,0.0002347630556045361,0.00025034223324384673,67.679,0,0,3.045330767284866,242530,1165,174010368,237568,58201688,1454153,1584.52,861.54,0.01,0.07
8-6-2021 19:50:14,1623196214.408069,1500.0,22.0,2615.93,1087.09,2764.12,10.7,51479328,64453918,0.0002341784773738785,0.00023885197232146905,66.218,0,0,3.045330767284866,243528,1165,174010368,237568,58273614,1454153,1584.95,861.65,0.01,0.07
8-6-2021 19:50:19,1623196219.4110994,1500.0,23.0,2619.97,1087.91,2779.18,10.7,51597290,64571950,0.0002357810912622912,0.00023592100645861171,66.218,0,0,3.045330767284866,244532,1165,174010368,237568,58345836,1454153,1585.4,861.75,0.01,0.07
8-6-2021 19:50:24,1623196224.4149802,1500.0,20.7,2624.13,1088.42,2794.32,10.7,51712698,64688486,0.00023063699159659302,0.0002328912419650333,67.192,0,0,3.045330767284866,245536,1165,174010368,237568,58418074,1454153,1585.84,861.84,0.01,0.07
8-6-2021 19:50:29,1623196229.4188623,1500.0,22.2,2630.49,1089.43,2806.8,11.0,51829961,64806210,0.0002343440473269165,0.00023526533201021564,66.705,0,0,3.045330767284866,246540,1165,174010368,237568,58490302,1454153,1586.36,861.89,0.01,0.07
8-6-2021 19:50:34,1623196234.4227402,1500.0,21.6,2634.77,1090.14,2821.62,11.0,51947113,64923934,0.00023412242035450621,0.00023526553378357934,66.705,0,0,3.045330767284866,247544,1165,174010368,237568,58562490,1454153,1586.77,861.98,0.01,0.07
8-6-2021 19:50:39,1623196239.4266303,1500.0,21.9,2638.51,1090.77,2836.94,10.9,52064735,65047370,0.00023506112068342826,0.0002466800810450396,65.731,0,0,3.045330767284866,248548,1165,174010368,237568,58634718,1454153,1587.27,862.04,0.01,0.07
8-6-2021 19:50:44,1623196244.4283366,1500.0,21.6,2642.24,1091.4,2852.25,11.0,52181711,65168198,0.00023387218588855722,0.0002415735576232953,65.731,0,0,3.045330767284866,249552,1165,174010368,237568,58706960,1454153,1587.71,862.12,0.01,0.07
8-6-2021 19:50:49,1623196249.429628,1500.0,22.1,2646.23,1092.15,2867.31,11.0,52299431,65286780,0.00023537921214041935,0.00023710276702374456,64.757,0,0,3.045330767284866,250556,1165,174010368,237568,58779184,1454153,1588.1,862.25,0.01,0.07
8-6-2021 19:50:54,1623196254.4335403,800.0,20.4,2649.86,1092.76,2882.78,11.0,52416900,65404779,0.00023475430715463603,0.00023581347836399303,65.244,0,0,3.045330767284866,251560,1165,174010368,237568,58851433,1454153,1588.55,862.36,0.01,0.07
8-6-2021 19:50:59,1623196259.4374053,1500.0,23.3,2653.8,1093.4,2898.03,11.0,52534118,65528239,0.00023425492077823945,0.00024672927809109047,65.244,0,0,3.045330767284866,252559,1165,174010368,237568,58923373,1454153,1588.97,862.43,0.01,0.07
8-6-2021 19:51:4,1623196264.441334,800.0,22.7,2657.83,1094.04,2913.11,11.0,52652305,65648767,0.0002361884191374518,0.00024086674322724825,65.731,0,0,3.045330767284866,253558,1165,174010368,237568,58995296,1454153,1589.42,862.55,0.01,0.07
8-6-2021 19:51:9,1623196269.4452093,1500.0,21.6,2661.74,1094.91,2928.26,10.9,52769245,65766181,0.0002336988714286708,0.00023464613724923853,65.244,0,0,3.045330767284866,254557,1165,174010368,237568,59067202,1454153,1589.92,862.59,0.01,0.07
8-6-2021 19:51:14,1623196274.4490998,1500.0,24.0,2665.7,1095.56,2943.42,11.0,52885009,65882301,0.00023134798746588382,0.00023205943388737802,66.218,0,0,3.045330767284866,255556,1165,174010368,237568,59139148,1454153,1590.36,862.67,0.01,0.07
8-6-2021 19:51:19,1623196279.4530072,800.0,22.5,2669.55,1096.24,2958.69,11.0,53002729,66004973,0.00023525615004334161,0.00024515241622593273,64.757,0,0,3.045330767284866,256555,1165,174010368,237568,59211069,1454153,1590.88,862.73,0.01,0.07
8-6-2021 19:51:24,1623196284.456707,900.0,22.2,2673.48,1096.86,2973.99,11.0,53120405,66126175,0.00023517797866664177,0.0002422247643559801,65.731,0,0,3.045330767284866,257554,1165,174010368,237568,59283010,1454153,1591.33,862.82,0.01,0.07
8-6-2021 19:51:29,1623196289.4576232,900.0,23.0,2677.64,1097.4,2989.14,11.0,53237731,66244011,0.00023460900824648421,0.00023562882136723927,65.731,0,0,3.045330767284866,258553,1165,174010368,237568,59354949,1454153,1591.77,862.89,0.01,0.07
8-6-2021 19:51:34,1623196294.461538,900.0,22.8,2681.91,1098.24,3003.92,11.1,53644678,66647426,0.0008132572467274063,0.0008061987732764626,65.731,0,0,3.045330767284866,259552,1165,174010368,237568,59426888,1454153,1592.23,862.99,0.01,0.07
8-6-2021 19:51:39,1623196299.4628642,1500.0,21.3,2685.77,1099.1,3019.06,11.0,53761952,66767000,0.00023448581041729256,0.0002390845907433646,63.783,0,0,3.045330767284866,260551,1165,174010368,237568,59498842,1454153,1592.62,863.1,0.01,0.07
8-6-2021 19:51:44,1623196304.4667737,1500.0,23.8,2689.9,1099.78,3034.16,11.0,53879104,66890093,0.00023412093672559614,0.0002459936532399259,64.757,0,0,3.045330767284866,261550,1165,174010368,237568,59570796,1454153,1593.06,863.18,0.01,0.07
8-6-2021 19:51:49,1623196309.4669645,1500.0,24.0,2693.9,1100.48,3049.31,11.0,53996922,67009068,0.0002356270115428336,0.00023794092327410606,64.757,0,0,3.045330767284866,262549,1165,174010368,237568,59642743,1454153,1593.49,863.25,0.01,0.07
8-6-2021 19:51:54,1623196314.4676385,1500.0,23.2,2697.93,1101.24,3064.51,11.0,54114391,67127067,0.00023490633418813943,0.0002359661913174222,64.27,0,0,3.045330767284866,263548,1165,174010368,237568,59714657,1454153,1593.92,863.33,0.01,0.07
8-6-2021 19:51:59,1623196319.4715617,1500.0,20.7,2701.66,1101.85,3079.91,11.0,54233414,67246816,0.0002378593670861529,0.00023931022868857048,64.757,0,0,3.045330767284866,264547,1165,174010368,237568,59786591,1454153,1594.36,863.41,0.01,0.07
8-6-2021 19:52:4,1623196324.475446,1500.0,21.4,2705.54,1102.53,3095.23,11.0,54351150,67370926,0.00023528921249342237,0.0002480273167303004,64.757,0,0,3.045330767284866,265546,1165,174010368,237568,59858546,1454153,1594.79,863.5,0.01,0.07
8-6-2021 19:52:9,1623196329.4776287,1500.0,20.5,2709.5,1103.2,3110.4,11.0,54468598,67488946,0.00023479350220715015,0.0002359370030182537,64.757,0,0,3.045330767284866,266545,1165,174010368,237568,59930496,1454153,1595.29,863.53,0.01,0.07
8-6-2021 19:52:14,1623196334.4816713,1500.0,20.8,2713.34,1103.71,3125.73,11.0,54585750,67606670,0.00023411471238216628,0.00023525778817671183,64.27,0,0,3.045330767284866,267544,1165,174010368,237568,60002390,1454153,1595.75,863.6,0.01,0.07
8-6-2021 19:52:19,1623196339.4856431,1500.0,21.9,2717.25,1104.4,3141.04,11.0,54703614,67726320,0.00023554089502286025,0.00023911005981033418,63.783,0,0,3.045330767284866,268543,1165,174010368,237568,60074284,1454153,1596.27,863.6,0.01,0.07
8-6-2021 19:52:24,1623196344.4876144,1000.0,23.4,2721.28,1104.99,3156.16,11.0,54821290,67850475,0.00023525924928507382,0.00024821214262031626,63.783,0,0,3.045330767284866,269542,1165,174010368,237568,60146248,1454153,1596.68,863.73,0.01,0.07
8-6-2021 19:52:29,1623196349.4915113,1500.0,21.0,2725.19,1105.54,3171.5,11.0,54936234,67966529,0.0002297089670511984,0.00023192723815214171,64.27,0,0,3.045330767284866,270541,1165,174010368,237568,60218184,1454153,1597.15,863.78,0.01,0.07
8-6-2021 19:52:34,1623196354.4954047,1500.0,27.4,2729.28,1106.14,3186.63,11.0,55053484,68084313,0.00023431754276879242,0.00023538471179086949,64.27,0,0,3.045330767284866,271540,1165,174010368,237568,60290148,1454153,1597.6,863.86,0.01,0.07
8-6-2021 19:52:39,1623196359.4976113,1500.0,22.5,2733.0,1106.8,3202.05,11.0,55171034,68204083,0.00023499629313025852,0.00023943433456581083,64.27,0,0,3.045330767284866,272539,1165,174010368,237568,60362082,1454153,1597.98,863.98,0.01,0.07
8-6-2021 19:52:44,1623196364.5015173,1500.0,21.0,2736.83,1107.41,3217.35,11.0,55288186,68327603,0.00023412110405122418,0.00024684716242494547,64.757,0,0,3.048604463138681,273538,1165,174010368,237568,60434052,1454153,1598.38,864.08,0.01,0.07
8-6-2021 19:52:49,1623196369.5050995,1000.0,24.9,2740.96,1108.11,3232.38,11.0,55405834,68447515,0.00023512754338172385,0.00023965230162849578,63.296,0,0,3.048604463138681,274537,1165,174010368,237568,60505986,1454153,1598.82,864.15,0.01,0.07
8-6-2021 19:52:54,1623196374.5076785,1500.0,22.0,2744.82,1108.65,3247.66,11.0,55523375,68565586,0.00023496080844760046,0.0002360202619870227,64.27,0,0,3.048604463138681,275536,1165,174010368,237568,60577912,1454153,1599.27,864.19,0.01,0.07
8-6-2021 19:52:59,1623196379.5115924,1500.0,21.8,2748.63,1109.32,3263.02,11.0,55640521,68685536,0.00023410874532112162,0.00023971235894754015,64.27,0,0,3.048604463138681,276535,1165,174010368,237568,60649850,1454153,1599.7,864.26,0.01,0.07
8-6-2021 19:53:4,1623196384.5148575,1500.0,22.5,2752.57,1109.96,3278.17,11.0,55758603,68809401,0.00023600987882563986,0.00024756833082720383,64.757,0,0,3.048604463138681,277534,1165,174010368,237568,60721804,1454153,1600.14,864.34,0.01,0.07
8-6-2021 19:53:9,1623196389.5176375,1500.0,20.8,2756.22,1110.6,3293.55,11.0,55876195,68927565,0.00023505331220911226,0.00023619667650756463,64.27,0,0,3.048604463138681,278533,1165,174010368,237568,60793742,1454153,1600.54,864.44,0.01,0.07
8-6-2021 19:53:14,1623196394.5215697,1500.0,26.4,2760.11,1111.35,3308.72,11.0,55993171,69045113,0.00023376815361416062,0.00023491125462519964,63.783,0,0,3.048604463138681,279532,1165,174010368,237568,60865713,1454153,1600.98,864.54,0.01,0.07
8-6-2021 19:53:19,1623196399.52548,1500.0,21.0,2763.95,1112.12,3324.03,11.0,56110891,69164619,0.0002352560155338873,0.00023882522419633656,63.783,0,0,3.048604463138681,280531,1165,174010368,237568,60937627,1454153,1601.38,864.67,0.01,0.07
8-6-2021 19:53:24,1623196404.5276365,1500.0,20.8,2767.64,1112.85,3339.38,11.0,56228567,69287205,0.00023525053662949496,0.0002450663030971759,63.296,0,0,3.048604463138681,281530,1165,174010368,237568,61009563,1454153,1601.78,864.78,0.01,0.07
8-6-2021 19:53:29,1623196409.5315604,1500.0,20.9,2773.18,1114.21,3352.13,10.8,56345719,69404929,0.00023412026742547566,0.00023526337034277434,64.27,0,0,3.048604463138681,282534,1165,174010368,237568,61081765,1454153,1602.25,864.88,0.01,0.07
8-6-2021 19:53:34,1623196414.5359645,1500.0,23.9,2777.51,1114.86,3366.94,10.9,56753828,69808788,0.0008154996967773975,0.0008070071771042124,64.27,0,0,3.048604463138681,283538,1165,174010368,237568,61154019,1454153,1602.67,864.98,0.01,0.07
8-6-2021 19:53:39,1623196419.537651,1500.0,22.0,2781.54,1115.65,3382.13,10.8,56871276,69926808,0.0002348167928660996,0.0002359604071083124,62.809,0,0,3.048604463138681,284541,1165,174010368,237568,61226217,1454153,1603.11,865.06,0.01,0.07
8-6-2021 19:53:44,1623196424.5415528,1500.0,24.3,2785.6,1116.45,3397.13,10.8,56988428,70044532,0.00023412130484229353,0.00023526441282482728,64.27,0,0,3.048604463138681,285544,1165,174010368,237568,61298469,1454153,1603.54,865.14,0.01,0.07
8-6-2021 19:53:49,1623196429.545472,1500.0,22.3,2789.47,1117.29,3412.2,10.8,57106148,70163021,0.0002352556007973715,0.00023679239621882223,63.783,0,0,3.048604463138681,286553,1165,174010368,237568,61371043,1454153,1603.95,865.24,0.01,0.07
8-6-2021 19:53:54,1623196434.547653,1500.0,22.2,2793.4,1118.07,3427.31,10.8,57221409,70278830,0.00023042148769715054,0.00023151700981875314,63.296,0,0,3.048604463138681,287562,1165,174010368,237568,61443583,1454153,1604.42,865.31,0.01,0.07
8-6-2021 19:53:59,1623196439.5491416,1500.0,22.1,2797.52,1118.82,3442.25,10.8,57339493,70396632,0.00023609770494891638,0.0002355338728226707,62.809,0,0,3.048604463138681,288565,1165,174010368,237568,61515849,1454153,1604.84,865.4,0.01,0.07
8-6-2021 19:54:4,1623196444.5530539,1500.0,23.0,2801.44,1119.58,3457.27,10.8,57456934,70514356,0.00023469836212234186,0.0002352639196063604,64.27,0,0,3.048604463138681,289563,1165,174010368,237568,61587747,1454153,1605.28,865.48,0.01,0.07
8-6-2021 19:54:9,1623196449.5569706,1500.0,27.8,2805.67,1120.12,3472.39,10.8,57574382,70632566,0.00023471213869597925,0.00023623494580794654,63.783,0,0,3.048604463138681,290561,1165,174010368,237568,61659685,1454153,1605.76,865.5,0.01,0.07
8-6-2021 19:54:14,1623196454.5578504,1500.0,20.8,2809.68,1120.69,3487.62,10.8,57692494,70750637,0.000236182443011536,0.0002361004574371365,63.296,0,0,3.048604463138681,291559,1165,174010368,237568,61731585,1454153,1606.2,865.57,0.01,0.07
8-6-2021 19:54:19,1623196459.5606449,1500.0,22.4,2813.61,1121.43,3502.83,10.8,57810568,70868715,0.00023601609041043754,0.00023602408594172844,63.783,0,0,3.048604463138681,292562,1165,174010368,237568,61803817,1454153,1606.66,865.63,0.01,0.07
8-6-2021 19:54:24,1623196464.564538,1500.0,22.2,2817.66,1122.06,3517.93,10.8,57928244,70986923,0.0002351688910588217,0.0002362320632438322,62.809,0,0,3.048604463138681,293566,1165,174010368,237568,61876035,1454153,1607.04,865.75,0.01,0.07
8-6-2021 19:54:29,1623196469.5685015,1500.0,21.2,2821.59,1122.66,3533.32,10.8,58045486,71104711,0.00023429827314316122,0.00023538940820684289,63.296,0,0,3.048604463138681,294570,1165,174010368,237568,61948255,1454153,1607.45,865.86,0.01,0.07
8-6-2021 19:54:34,1623196474.5723796,900.0,22.9,2825.47,1123.32,3548.56,10.8,58162534,71222331,0.00023391457040394827,0.00023505768377855577,62.809,0,0,3.048604463138681,295574,1165,174010368,237568,62020512,1454153,1607.89,865.98,0.01,0.07
8-6-2021 19:54:39,1623196479.5762656,1500.0,22.3,2829.48,1124.13,3563.59,10.8,58279982,71340351,0.0002347135813359168,0.00023585669291316071,64.27,0,0,3.048604463138681,296578,1165,174010368,237568,62092764,1454153,1608.3,866.08,0.01,0.07
8-6-2021 19:54:44,1623196484.5776565,1500.0,22.7,2833.39,1124.71,3578.99,10.8,58397134,71458075,0.00023423883784770948,0.00023538251969051959,63.296,0,0,3.048604463138681,297582,1165,174010368,237568,62165008,1454153,1608.76,866.14,0.01,0.07
8-6-2021 19:54:49,1623196489.5816057,1500.0,26.6,2838.12,1125.62,3593.3,11.0,58587849,71589328,0.0003811289717346281,0.0002622988277119531,62.809,0,0,3.048604463138681,298588,1179,174010368,270336,62237264,1479277,1609.19,866.17,0.01,0.07
