time_stamp,time,cpu_freq,cpu,cpu_user_time,cpu_system_time,cpu_idle_time,memory,net_sent,net_recv,net_upload_rate,net_download_rate,temp,gpu,gpu_mem,cpu_times_user_ipykernel,cpu_times_system_ipykernel,cpu_times_children_user_ipykernel,cpu_times_children_system_ipykernel,io_counters_read_count_ipykernel,io_counters_write_count_ipykernel,io_counters_read_bytes_ipykernel,io_counters_write_bytes_ipykernel,io_counters_read_chars_ipykernel,io_counters_write_chars_ipykernel,memory_percent_ipykernel
12-6-2021 18:14:6,1623536046.335544,1500.0,60.5,142.44,51.69,912.61,10.5,5211962,5041964,0.0,0.0,66.705,0,0,24.83,3.1,0.02,0.08,12937,233,172965888,438272,40777463,426590,2.9942908728367565
12-6-2021 18:14:14,1623536054.0371933,1500.0,45.5,156.16,53.18,927.64,10.4,6050934,6324489,0.0010893407105568766,0.0016652602170357988,66.705,0,0,31.07,3.34,0.02,0.08,14019,242,173096960,438272,40861708,435968,3.0019294964956575
12-6-2021 18:14:19,1623536059.047161,1500.0,43.9,165.84,54.33,936.98,10.4,6511235,7091783,0.0009187703754036486,0.0015315347922880184,68.166,0,0,36.24,3.54,0.02,0.08,15089,245,173359104,438272,40939722,439094,2.998953409355826
12-6-2021 18:14:24,1623536064.0553584,1500.0,47.9,174.48,55.23,946.75,10.4,6732528,7845042,0.00044186158493551,0.0015040521643564747,68.166,0,0,41.2,3.81,0.02,0.08,16165,251,173359104,438272,41020880,445346,2.999598228236123
12-6-2021 18:14:29,1623536069.058243,1500.0,78.7,184.28,59.27,952.66,10.4,6891386,8130739,0.0003175328072969682,0.0005710645384325745,68.653,0,0,46.09,7.18,0.02,0.08,17192,253,175108096,438272,41095895,447674,3.097908306755222
12-6-2021 18:14:34,1623536074.058936,1500.0,82.8,193.16,63.17,959.78,10.4,7034302,8320665,0.0002857923844422544,0.0003797993535194072,68.653,0,0,50.88,10.44,0.02,0.08,18208,256,175108096,438272,41171438,451166,3.103810879582554
12-6-2021 18:14:39,1623536079.0628388,1500.0,50.6,204.6,66.65,964.58,10.4,7191322,8547481,0.0003137950720436915,0.00045327820061560263,69.14,0,0,58.33,13.42,0.02,0.08,19231,260,175108096,438272,41248445,455822,3.0641297177181346
12-6-2021 18:14:44,1623536084.0785258,1500.0,95.8,216.07,71.58,968.08,10.4,7348428,8778973,0.00031322927517179474,0.0004615359780534741,71.088,0,0,65.89,17.63,0.02,0.08,20250,265,175108096,438272,41326265,461642,3.121766605326204
12-6-2021 18:14:49,1623536089.0830688,1500.0,77.1,227.68,76.0,971.96,10.4,7503235,9012257,0.00030933293600961384,0.0004661444549927765,70.114,0,0,73.07,21.35,0.02,0.08,21269,270,175108096,438272,41404132,467460,3.101578814227681
12-6-2021 18:14:54,1623536094.0834072,1500.0,95.0,239.22,79.95,976.38,10.4,7653820,9226768,0.0003011496232549954,0.0004289929729657822,71.088,0,0,81.12,24.7,0.02,0.08,22292,274,175108096,438272,41481149,472116,3.0964698646376365
12-6-2021 18:14:59,1623536099.0871549,1500.0,85.6,252.36,84.17,978.85,10.4,7811077,9462643,0.00031427843563796074,0.00047139666918549885,71.575,0,0,89.79,28.2,0.02,0.08,23317,279,175108096,438272,41559330,477936,3.1257843229649764
12-6-2021 18:15:4,1623536104.090953,1500.0,67.1,264.58,88.23,982.38,10.5,7967956,9697245,0.00031351983488418864,0.0004688478400773872,70.114,0,0,97.92,31.68,0.02,0.08,24342,284,175108096,438272,41637493,483756,3.0954282341386956
12-6-2021 18:15:9,1623536109.0934103,1500.0,92.7,277.66,92.81,984.51,10.4,8131906,9956419,0.00032773893978531706,0.0005180933942050611,72.062,0,0,106.94,35.58,0.02,0.08,25369,290,175108096,438272,41716854,490738,3.1196337428759913
12-6-2021 18:15:14,1623536114.0972452,1500.0,67.4,288.69,96.72,989.44,10.4,8283766,10174856,0.0003034872275516906,0.00043653917769464405,72.549,0,0,114.03,39.04,0.02,0.08,26392,294,175108096,438272,41793873,495394,3.104654104272173
12-6-2021 18:15:19,1623536119.100959,1500.0,77.2,299.02,101.36,994.22,10.4,8438439,10404026,0.0003091163978476871,0.0004579998118272384,71.575,0,0,120.18,42.64,0.02,0.08,27417,299,175108096,438272,41872075,501210,3.1014300098706893
12-6-2021 18:15:24,1623536124.1035106,1500.0,60.9,310.21,104.9,999.08,10.4,8591484,10621535,0.000305933878537745,0.0004347961187027761,72.549,0,0,127.73,45.65,0.02,0.08,28440,303,175108096,438272,41949085,505866,3.058475152152455
12-6-2021 18:15:29,1623536129.1134202,1500.0,95.0,321.42,110.05,1002.61,10.5,8748354,10856220,0.00031311942049058576,0.00046844158346295096,72.549,0,0,134.9,50.1,0.02,0.08,29465,308,175108096,438272,42027259,511686,3.107481387055013
12-6-2021 18:15:34,1623536134.1172545,1500.0,86.1,330.83,113.87,1009.1,10.5,8973983,11124817,0.0004509122181829063,0.0005367823686993874,72.062,0,0,140.47,53.2,0.02,0.08,30486,311,175108096,438272,42103123,515178,3.107927800125988
12-6-2021 18:15:39,1623536139.130072,1500.0,79.0,341.03,117.96,1014.8,10.5,9131618,11345612,0.00031446386425941226,0.00044046086788566583,73.036,0,0,146.33,56.53,0.02,0.08,31509,315,175108096,438272,42180152,519834,3.1043068941058594
12-6-2021 18:15:44,1623536144.1333873,1500.0,70.6,351.26,123.61,1018.68,10.5,9281865,11558850,0.0003002948918537509,0.0004261934158359909,73.523,0,0,153.03,61.55,0.02,0.08,32532,319,175108096,438272,42257172,524490,3.1028684519882743
12-6-2021 18:15:49,1623536149.1371071,1500.0,76.6,362.72,127.76,1022.9,10.4,9431476,11770873,0.0002989995558914652,0.0004237307606979175,71.575,0,0,159.81,64.96,0.02,0.08,33555,323,175108096,438272,42334198,529144,3.101926024393994
12-6-2021 18:15:54,1623536154.1410363,1500.0,93.7,374.5,131.59,1027.12,10.5,9585919,11998381,0.0003086434594396798,0.00045465871661520867,74.497,0,0,167.7,68.37,0.02,0.08,34578,327,175108096,438272,42411238,533800,3.103959683939546
12-6-2021 18:15:59,1623536159.1433957,1500.0,65.3,385.06,136.07,1031.91,10.5,9738164,12219300,0.00030434638562049386,0.0004416296046825438,74.01,0,0,174.34,72.03,0.02,0.08,35603,332,175108096,438272,42489425,539616,3.1021740316556468
12-6-2021 18:16:4,1623536164.1458256,1500.0,93.7,397.52,140.13,1035.12,10.4,9898933,12459474,0.00032138181087224915,0.0004801146679050785,74.01,0,0,183.26,75.34,0.02,0.08,36628,337,175108096,438272,42567614,545436,3.0958250457573397
12-6-2021 18:16:9,1623536169.1498818,1500.0,92.2,410.38,144.64,1037.66,10.4,10050915,12689678,0.0003037176111965519,0.00046003479996243663,74.497,0,0,192.05,79.14,0.02,0.08,37653,342,175108096,438272,42645809,551256,3.1055469304141226
12-6-2021 18:16:14,1623536174.1533885,1500.0,76.8,419.98,148.75,1043.71,10.4,10205805,12907938,0.000309562893608132,0.00043621406907425194,73.523,0,0,197.67,82.46,0.02,0.08,38676,346,175108096,438272,42722867,555912,3.103513270868571
12-6-2021 18:16:19,1623536179.1572983,1500.0,63.4,430.27,153.15,1048.84,10.4,10356563,13122553,0.00030128040918778084,0.00042889461930932743,73.523,0,0,204.41,86.53,0.02,0.08,39699,350,175108096,438272,42799925,560568,3.1065885609130635
12-6-2021 18:16:24,1623536184.1612337,1500.0,95.8,442.68,158.6,1050.88,10.4,10514509,13361146,0.0003156435672340029,0.00047681071782167605,74.01,0,0,212.96,91.26,0.02,0.08,40724,355,175108096,438272,42878163,566388,3.1011820026090366
12-6-2021 18:16:29,1623536189.1668496,1500.0,64.3,453.91,163.32,1054.67,10.4,10672193,13595732,0.00031501417924727584,0.0004686456219584831,74.497,0,0,219.9,94.98,0.02,0.08,41749,360,175108096,438272,42956417,572208,3.054755043227666
12-6-2021 18:16:34,1623536194.1694658,1500.0,83.0,464.26,168.59,1058.85,10.4,10818370,13804361,0.0002922011106154069,0.00041703979084658816,74.01,0,0,226.21,99.55,0.02,0.08,42772,364,175108096,438272,43033483,576864,3.1051997202478088
12-6-2021 18:16:39,1623536199.1733844,1500.0,82.8,473.52,172.59,1065.35,10.4,10969604,14018563,0.0003022311325295327,0.00042806851005786366,74.984,0,0,231.47,102.92,0.02,0.08,43795,368,175108096,438272,43110549,581520,3.1019756258463245
12-6-2021 18:16:44,1623536204.1742113,1500.0,79.8,484.23,177.33,1069.65,10.5,11122245,14233999,0.00030523152473984727,0.00043080075971628685,75.958,0,0,238.75,107.15,0.02,0.08,44818,372,175108096,438272,43187618,586176,3.0576815289151664
12-6-2021 18:16:49,1623536209.1838343,1500.0,95.0,494.74,181.99,1074.4,10.4,11279736,14469505,0.00031437694694078333,0.00047010722686525655,75.471,0,0,245.02,110.92,0.02,0.08,45843,377,175108096,438272,43265863,591996,3.1058941405804363
12-6-2021 18:16:54,1623536214.1875715,1500.0,93.1,508.02,186.32,1076.59,10.5,11434943,14703821,0.0003101821567522482,0.0004682819862606699,76.445,0,0,255.0,114.5,0.02,0.08,46868,382,175108096,438272,43344105,597819,3.1103582712901834
12-6-2021 18:16:59,1623536219.1913204,1500.0,93.9,520.59,191.71,1078.4,10.4,11592189,14943642,0.0003142563772470554,0.00047928264405941055,75.471,0,0,263.77,119.2,0.02,0.08,47891,386,175108096,438272,43421198,602479,3.1051997202478088
12-6-2021 18:17:4,1623536224.193422,1500.0,73.7,532.37,196.51,1081.5,10.5,11745340,15170651,0.00030617330557591193,0.0004538272419081964,74.984,0,0,271.51,122.98,0.02,0.08,48916,391,175108096,438272,43499478,608304,3.1051501187954784
12-6-2021 18:17:9,1623536229.203538,1500.0,70.0,544.58,200.69,1085.06,10.5,11907560,15412269,0.00032378492727854245,0.00048226030427312827,75.471,0,0,280.22,126.49,0.02,0.08,49941,396,175108096,438272,43577759,614129,3.0894760598590327
12-6-2021 18:17:14,1623536234.2075567,1500.0,93.4,555.56,204.88,1089.54,10.5,12067324,15650447,0.0003192713834819807,0.00047597343315747726,75.958,0,0,287.01,130.09,0.02,0.08,50968,402,175108096,438272,43657193,621119,3.0995947561344597
12-6-2021 18:17:19,1623536239.21148,1500.0,82.5,565.53,208.64,1095.55,10.5,12219113,15865316,0.00030333998866303205,0.0004294010766527023,75.471,0,0,292.78,133.23,0.02,0.08,51991,406,175108096,438272,43734273,625777,3.1089694306249287
12-6-2021 18:17:24,1623536244.2135644,1500.0,59.7,575.44,212.81,1101.21,10.4,12370286,16082781,0.000302220004864572,0.00043474875379779555,74.984,0,0,298.97,136.99,0.02,0.08,53002,410,175108096,438272,43810705,630437,3.0766788851577576
12-6-2021 18:17:29,1623536249.219441,1500.0,92.9,587.23,217.06,1104.94,10.5,12522032,16298288,0.00030313572209176453,0.0004305080203816239,75.958,0,0,306.86,140.58,0.02,0.08,54013,414,175108096,438272,43887103,635095,3.1035628723209014
12-6-2021 18:17:34,1623536254.2231271,1500.0,91.4,597.99,222.4,1108.43,10.5,12777835,16608770,0.0005112291025145541,0.0006205065390434193,75.471,0,0,313.78,144.97,0.02,0.08,55024,418,175108096,438272,43963498,639755,3.055647869369615
12-6-2021 18:17:39,1623536259.2244754,1500.0,70.4,610.53,227.24,1110.82,10.5,12938855,16850683,0.0003219531848687919,0.0004836955708058878,75.958,0,0,322.0,149.04,0.02,0.08,56031,423,175108096,438272,44040753,645580,3.099346748872807
12-6-2021 18:17:44,1623536264.2282856,1500.0,83.8,623.33,231.07,1114.12,10.5,13087208,17064258,0.0002964800722639632,0.0004268247452614773,76.445,0,0,330.59,152.29,0.02,0.08,57047,427,175108096,438272,44117506,650240,3.1057453362234444
12-6-2021 18:17:49,1623536269.2405238,1500.0,60.7,634.14,235.81,1118.77,10.4,13245341,17297565,0.0003154937807588514,0.00046547467958936683,75.471,0,0,337.5,156.32,0.02,0.08,58065,432,175108096,438272,44195445,656063,3.1013804084183585
12-6-2021 18:17:54,1623536274.243462,1500.0,94.0,645.14,239.66,1123.62,10.5,13398531,17517301,0.00030620006027494293,0.000439213894148279,76.445,0,0,344.41,159.58,0.02,0.08,59083,437,175108096,438272,44273351,661886,3.100189973562426
12-6-2021 18:17:59,1623536279.2468684,1500.0,74.2,655.35,243.38,1129.43,10.5,13554724,17742990,0.00031217332965656263,0.00045107070481301956,75.958,0,0,350.22,162.31,0.02,0.08,60099,441,175108096,438272,44350120,666546,3.110804684361158
12-6-2021 18:18:4,1623536284.2507548,1500.0,95.0,668.51,247.76,1131.7,10.5,13711977,17979679,0.0003142617267947921,0.0004730103327334457,76.932,0,0,359.97,166.22,0.02,0.08,61122,446,175108096,438272,44428390,672371,3.1001403721100953
12-6-2021 18:18:9,1623536289.253661,1500.0,85.9,681.11,251.9,1134.93,10.4,13870894,18217673,0.0003176493768418157,0.00047571150847354964,76.932,0,0,368.22,169.43,0.02,0.08,62145,451,175108096,438272,44506629,678196,3.050142108160927
12-6-2021 18:18:14,1623536294.2574213,1500.0,64.4,693.69,256.39,1137.82,10.5,14032823,18474558,0.0003236146199404859,0.0005133839006194797,76.932,0,0,377.01,173.35,0.02,0.08,63170,457,175108096,438272,44586031,685184,3.111449503241455
12-6-2021 18:18:19,1623536299.2608185,1500.0,79.7,706.34,261.22,1140.11,10.5,14189543,18709854,0.00031322717927563195,0.0004702724755923883,76.932,0,0,385.2,177.24,0.02,0.08,64193,462,175108096,438272,44664234,691009,3.106836568174716
12-6-2021 18:18:24,1623536304.2634706,1500.0,63.8,717.41,265.56,1144.61,10.5,14341722,18926000,0.0003041966438624227,0.0004320628193396409,76.932,0,0,392.54,181.11,0.02,0.08,65214,466,175108096,438272,44741315,695667,3.0498444994469436
12-6-2021 18:18:29,1623536309.2683494,1500.0,89.7,730.59,270.34,1146.52,10.5,14498310,19160255,0.0003128707158118411,0.00046805329611785605,77.906,0,0,401.47,184.92,0.02,0.08,66237,471,175108096,438272,44819534,701492,3.1118959163124296
12-6-2021 18:18:34,1623536314.2723064,1500.0,93.8,741.61,274.98,1150.63,10.5,14644204,19368131,0.00029155725965125884,0.00041542323129988267,77.419,0,0,408.61,189.07,0.02,0.08,67258,475,175108096,438272,44896612,706152,3.112491133740396
12-6-2021 18:18:39,1623536319.273453,1500.0,89.4,752.11,279.76,1155.14,10.6,14797473,19585404,0.00030646772358309214,0.00043444637667153295,76.445,0,0,415.04,193.09,0.02,0.08,68279,479,175108096,438272,44973644,710810,3.1124415322880656
12-6-2021 18:18:44,1623536324.284916,1500.0,93.9,763.17,285.88,1157.87,10.4,14945715,19801371,0.0002958058398583151,0.0004309460194592675,77.906,0,0,422.66,198.72,0.02,0.08,69305,483,175108096,438272,45051012,715468,3.1039100824872152
12-6-2021 18:18:49,1623536329.2877078,1500.0,76.1,774.94,289.74,1162.02,10.5,15098248,20024028,0.0003048957534335753,0.0004450654859752288,76.932,0,0,430.28,202.08,0.02,0.08,70333,488,175108096,438272,45129571,721293,3.108324611744632
12-6-2021 18:18:54,1623536334.2913892,1500.0,77.6,785.92,294.39,1166.36,10.5,15260073,20268945,0.00032341187692682137,0.0004894736082884987,77.906,0,0,437.13,205.81,0.02,0.08,71361,493,175108096,438272,45208098,727118,3.1040092853918764
12-6-2021 18:18:59,1623536339.2978168,1500.0,96.0,796.85,298.47,1171.09,10.5,15413829,20491909,0.00030711719921428594,0.00044535549315548046,77.419,0,0,444.57,209.3,0.02,0.08,72387,497,175108096,438272,45285495,731776,3.1029180534406047
12-6-2021 18:19:4,1623536344.301541,1500.0,80.6,809.69,302.96,1173.5,10.5,15576060,20742565,0.0003242204987444455,0.0005009388670062302,77.906,0,0,452.88,212.84,0.02,0.08,73417,503,175108096,438272,45365173,738766,3.100388379371748
12-6-2021 18:19:9,1623536349.3041646,1500.0,91.5,819.8,307.09,1179.16,10.5,15730051,20959307,0.00030782048301910674,0.000433256665198143,76.932,0,0,459.47,216.29,0.02,0.08,74443,507,175108096,438272,45442547,743426,3.0480588471630448
12-6-2021 18:19:14,1623536354.3080077,1500.0,63.7,831.28,311.14,1183.41,10.5,15887204,21193859,0.0003140646056052327,0.0004687437171031958,75.958,0,0,467.04,219.71,0.02,0.08,75472,512,175108096,438272,45521134,749249,3.104654104272173
12-6-2021 18:19:19,1623536359.311815,1500.0,81.5,842.61,315.38,1187.6,10.5,16036867,21407734,0.0002990982482716251,0.0004274245327775991,76.932,0,0,474.59,223.1,0.02,0.08,76499,516,175108096,438272,45598536,753907,3.0945850094490766
12-6-2021 18:19:24,1623536364.3169758,1500.0,96.3,854.09,319.96,1191.5,10.5,16192936,21642249,0.0003118161553031115,0.00046854638436146314,76.932,0,0,481.9,226.96,0.02,0.08,77528,521,175108096,438272,45677101,759732,3.1300996493177324
12-6-2021 18:19:29,1623536369.3207328,1500.0,71.7,866.59,324.51,1194.24,10.6,16346925,21868984,0.00030774675908710027,0.00045312951848257787,77.419,0,0,490.06,230.94,0.02,0.08,78555,525,175108096,438272,45754518,764392,3.1117967134077684
12-6-2021 18:19:34,1623536374.3235145,1500.0,94.0,876.88,329.21,1199.1,10.5,16618470,22196393,0.0005427880329522869,0.0006544539103311618,77.906,0,0,496.39,234.8,0.02,0.08,79582,529,175108096,438272,45831922,769052,3.1070845754363687
12-6-2021 18:19:39,1623536379.336938,1500.0,80.6,888.53,334.35,1202.06,10.5,16776158,22429043,0.00031453158066108795,0.000464054159104067,77.419,0,0,504.09,239.32,0.02,0.08,80606,534,175108096,438272,45910206,774875,3.109564648052895
12-6-2021 18:19:44,1623536384.3406596,1500.0,58.5,898.37,339.04,1207.44,10.5,16927185,22644488,0.0003018293355060935,0.0004305695086846081,78.393,0,0,510.09,243.21,0.02,0.08,81628,538,175108096,438272,45987314,779533,3.113086351168362
12-6-2021 18:19:49,1623536389.3434079,1500.0,80.9,909.58,343.52,1211.6,10.5,17080707,22870730,0.00030687532591810903,0.0004522354287096626,77.419,0,0,517.4,246.73,0.02,0.08,82657,543,175108096,438272,46065883,785358,3.096965879160942
12-6-2021 18:19:54,1623536394.3471532,1500.0,90.4,921.1,348.47,1215.0,10.4,17240349,23114981,0.0003190450150269957,0.00048813635487753054,78.88,0,0,524.81,250.96,0.02,0.08,83686,548,175108096,438272,46144452,791183,3.1071341768886995
12-6-2021 18:19:59,1623536399.350992,1500.0,96.2,932.7,353.55,1218.18,10.5,17399955,23363729,0.0003189671112433372,0.0004971143377288927,77.906,0,0,532.32,255.34,0.02,0.08,84711,554,175108096,438272,46223914,798171,3.1324805190295972
12-6-2021 18:20:4,1623536404.353391,1500.0,79.7,945.39,358.02,1220.88,10.5,17561520,23604172,0.00032297503866009724,0.00048065538464735403,78.393,0,0,541.21,258.89,0.02,0.08,85734,559,175108096,438272,46302207,803996,3.063484898837838
12-6-2021 18:20:9,1623536409.3575993,1500.0,91.1,958.59,362.53,1223.04,10.5,17717043,23837951,0.00031078442354488415,0.0004671648036103951,78.88,0,0,549.6,262.85,0.02,0.08,86757,564,175108096,438272,46380478,809821,3.115120010713914
12-6-2021 18:20:14,1623536414.3623214,1500.0,90.3,971.56,366.92,1225.49,10.5,17875453,24075679,0.0003165210700076784,0.0004750073917731543,77.906,0,0,558.72,266.54,0.02,0.08,87780,569,175108096,438272,46458769,815644,3.1160624383081936
12-6-2021 18:20:19,1623536419.363631,1500.0,91.5,983.16,371.77,1228.95,10.5,18027705,24303505,0.00030442426317226385,0.00045553268384969776,79.367,0,0,566.51,270.94,0.02,0.08,88803,574,175108096,438272,46537048,821467,3.115913633951202
12-6-2021 18:20:24,1623536424.3668437,1500.0,95.2,995.21,375.65,1232.75,10.5,18186931,24545683,0.0003182475138564484,0.0004840449826707131,78.88,0,0,574.67,274.15,0.02,0.08,89826,579,175108096,438272,46615342,827290,3.120328163208619
12-6-2021 18:20:29,1623536429.373792,1500.0,71.2,1007.62,380.12,1235.84,10.5,18345119,24776097,0.0003159369593007611,0.00046018850064686055,77.906,0,0,583.17,277.99,0.02,0.08,90849,584,175108096,438272,46693651,833113,3.118492909472389
12-6-2021 18:20:34,1623536434.3799944,1500.0,67.2,1017.37,385.3,1240.65,10.5,18493500,24982266,0.00029639432525008295,0.0004118271317923747,77.906,0,0,589.23,282.31,0.02,0.08,91868,587,175108096,438272,46769630,836606,3.1178976920444232
12-6-2021 18:20:39,1623536439.3921254,1500.0,71.0,1028.18,390.33,1244.84,10.5,18652020,25214808,0.000316272660805966,0.00046395834651237033,76.932,0,0,595.94,286.41,0.02,0.08,92891,592,175108096,438272,46847953,842431,3.1077293943166655
12-6-2021 18:20:44,1623536444.40208,1500.0,92.8,1039.58,395.65,1248.01,10.5,18803364,25434666,0.000302086564323416,0.0004388422921226979,78.88,0,0,603.59,290.99,0.02,0.08,93912,596,175108096,438272,46925111,847091,3.1171536702594653
12-6-2021 18:20:49,1623536449.4057076,1500.0,94.2,1051.36,400.16,1251.44,10.5,18959208,25664503,0.000311462031886332,0.00045934074473613927,78.393,0,0,611.46,294.68,0.02,0.08,94935,601,175108096,438272,47003421,852916,3.062244862529575
12-6-2021 18:20:54,1623536454.4102418,1500.0,94.1,1063.04,404.54,1255.15,10.5,19118852,25902782,0.000318998716362582,0.00047612622545263014,78.88,0,0,619.36,298.53,0.02,0.08,95958,606,175108096,438272,47081716,858741,3.1076301914120044
12-6-2021 18:20:59,1623536459.413392,1500.0,65.1,1074.29,409.71,1258.56,10.5,19270517,26132383,0.0003031390088022564,0.00045891286427327904,77.419,0,0,626.12,302.49,0.02,0.08,96981,611,175108096,438272,47160033,864566,3.132133308863284
12-6-2021 18:21:4,1623536464.4176395,1500.0,80.7,1086.56,414.65,1261.3,10.5,19431495,26375863,0.0003216827352138598,0.00048654668569537816,78.88,0,0,634.73,306.85,0.02,0.08,98004,616,175108096,438272,47238370,870391,3.1133839598823454
12-6-2021 18:21:9,1623536469.421321,1500.0,95.7,1099.39,419.42,1263.49,10.5,19586241,26605966,0.0003092642935697074,0.0004598674068684837,79.854,0,0,643.43,310.72,0.02,0.08,99027,621,175108096,438272,47316725,876216,3.079158957774284
12-6-2021 18:21:14,1623536474.4233854,1500.0,62.3,1110.94,424.09,1267.12,10.6,19743050,26841592,0.0003134885626743223,0.00047105750351510346,78.393,0,0,650.97,314.68,0.02,0.08,100050,626,175108096,438272,47395004,882041,3.08545834222026
12-6-2021 18:21:19,1623536479.4271455,1500.0,94.5,1124.04,428.83,1269.25,10.5,19906276,27099479,0.0003262066860863558,0.0005153864191657704,78.88,0,0,659.77,318.76,0.02,0.08,101075,632,175108096,438272,47474522,889031,3.1136815685963284
12-6-2021 18:21:24,1623536484.4309506,1500.0,93.9,1134.63,433.4,1273.73,10.5,20065440,27338653,0.00031808592639802395,0.0004779842386489469,79.854,0,0,666.87,322.44,0.02,0.08,102098,637,175108096,438272,47552837,894856,3.058475152152455
12-6-2021 18:21:29,1623536489.43341,1500.0,73.0,1145.79,437.61,1278.1,10.5,20216664,27558106,0.0003022993118075707,0.00043869022690913356,78.393,0,0,673.99,325.94,0.02,0.08,103119,641,175108096,438272,47629991,899514,3.1142271845719645
12-6-2021 18:21:34,1623536494.4377415,1500.0,63.6,1155.69,442.61,1282.96,10.6,20509494,27909934,0.0005851530715082568,0.0007030469379592494,78.393,0,0,679.98,330.18,0.02,0.08,104134,645,175108096,438272,47706877,904174,3.109366242243573
12-6-2021 18:21:39,1623536499.4519331,1500.0,80.5,1166.67,446.74,1287.6,10.5,20659616,28118943,0.0002993942217457203,0.0004168348869109874,78.393,0,0,686.9,333.38,0.02,0.08,105155,649,175108096,438272,47784055,908834,3.0527709851344444
12-6-2021 18:21:44,1623536504.4533825,1500.0,71.5,1177.92,451.91,1291.09,10.5,20810211,28332403,0.0003011027195629014,0.0004267962848560505,79.367,0,0,694.11,338.16,0.02,0.08,106176,653,175108096,438272,47861272,913494,3.0964202631853057
12-6-2021 18:21:49,1623536509.4579723,1500.0,93.4,1188.78,455.6,1296.32,10.5,20958686,28544109,0.00029667766200679337,0.0004230236815141283,77.419,0,0,701.27,340.9,0.02,0.08,107197,657,175108096,438272,47938451,918154,3.06556815983572
12-6-2021 18:21:54,1623536514.465674,1500.0,58.4,1198.79,459.59,1302.1,10.5,21109531,28756745,0.0003012260134167004,0.0004246179494771023,78.88,0,0,707.52,344.19,0.02,0.08,108216,660,175108096,438272,48014463,921647,3.0691394644035177
12-6-2021 18:21:59,1623536519.4700894,1500.0,94.5,1210.96,464.18,1305.24,10.5,21260731,28975782,0.00030213318545367233,0.0004376874771310584,79.367,0,0,715.93,348.35,0.02,0.08,109239,665,175108096,438272,48092779,927472,3.1156656266895495
12-6-2021 18:22:4,1623536524.4742053,1500.0,77.8,1223.03,468.46,1308.66,10.5,21417575,29209822,0.00031342999571533044,0.00046769501031098374,78.88,0,0,724.0,351.58,0.02,0.08,110260,669,175108096,438272,48169938,932132,3.118294503663067
12-6-2021 18:22:9,1623536529.4779248,1500.0,91.7,1236.08,473.08,1310.75,10.6,21579006,29461537,0.00032262199709240727,0.0005030557699457681,78.393,0,0,732.7,355.26,0.02,0.08,111285,675,175108096,438272,48249413,939122,3.12513950408468
12-6-2021 18:22:14,1623536534.4822946,1500.0,62.6,1246.91,476.67,1316.15,10.5,21729603,29676670,0.00030093100221021134,0.00042989029860149536,78.393,0,0,739.76,358.45,0.02,0.08,112306,679,175108096,438272,48326606,943782,3.059119971032752
12-6-2021 18:22:19,1623536539.483569,1500.0,70.6,1257.7,481.13,1320.67,10.5,21885570,29910784,0.0003118545178071175,0.0004681086933895985,79.367,0,0,746.2,362.17,0.02,0.08,113329,684,175108096,438272,48404904,949607,3.1147231990952697
12-6-2021 18:22:24,1623536544.4874463,1500.0,69.5,1267.33,484.96,1326.97,10.6,22039126,30127214,0.00030687402524792637,0.0004325245857173195,77.419,0,0,751.93,365.3,0.02,0.08,114350,688,175108096,438272,48482047,954267,3.1210225835412464
12-6-2021 18:22:29,1623536549.4934192,1500.0,87.2,1277.69,489.42,1331.99,10.5,22191602,30345899,0.00030458814739091697,0.00043684815323187043,78.88,0,0,758.39,369.35,0.02,0.08,115377,692,175108096,438272,48559576,958927,3.1232050474437894
12-6-2021 18:22:34,1623536554.4972882,1500.0,95.5,1287.69,493.94,1337.23,10.5,22336030,30546929,0.00028863265278008865,0.0004017491219734485,78.88,0,0,764.92,373.03,0.02,0.08,116404,696,175108096,438272,48637063,963585,3.1209233806365853
12-6-2021 18:22:39,1623536559.5009885,1500.0,77.3,1300.23,499.29,1339.17,10.5,22501490,30806770,0.00033067528333676405,0.0005192976930829693,79.367,0,0,773.21,377.73,0.02,0.08,117437,703,175108096,438272,48718039,971738,3.119236931257347
12-6-2021 18:22:44,1623536564.5034008,1500.0,66.2,1311.71,503.62,1343.32,10.5,22657587,31037813,0.000312043450319751,0.00046186316772408334,79.367,0,0,780.75,381.4,0.02,0.08,118460,708,175108096,438272,48796401,977563,3.118244902210737
12-6-2021 18:22:49,1623536569.5072958,1500.0,98.2,1322.96,508.2,1347.31,10.5,22820881,31290010,0.00032633378308990764,0.0005040013784580294,78.393,0,0,787.87,384.92,0.02,0.08,119477,713,175108096,438272,48874417,983388,3.123552257610103
12-6-2021 18:22:54,1623536574.5199628,1500.0,93.8,1334.56,512.6,1351.23,10.5,22976219,31518413,0.0003098909260040441,0.000455651657495923,78.393,0,0,795.59,388.76,0.02,0.08,120500,718,175108096,438272,48952781,989213,3.1216178009692124
12-6-2021 18:22:59,1623536579.5239792,1500.0,94.7,1346.65,516.5,1355.04,10.6,23134155,31755107,0.0003156184700343038,0.0004730080421582128,78.88,0,0,803.66,392.05,0.02,0.08,121523,723,175108096,438272,49031119,995036,3.1233042503484505
12-6-2021 18:23:4,1623536584.5280871,1500.0,93.0,1359.41,520.8,1357.91,10.5,23296087,32000709,0.0003235981348713001,0.0004908007627934013,79.367,0,0,812.26,395.34,0.02,0.08,122540,728,175108096,438272,49109161,1000859,3.1183441051153977
12-6-2021 18:23:9,1623536589.5320003,1500.0,87.1,1369.38,524.52,1364.07,10.5,23450940,32224732,0.00030946380346840254,0.00044769561871195224,77.906,0,0,818.47,398.53,0.02,0.08,123555,732,175108096,438272,49186051,1005519,3.1168064600931515
12-6-2021 18:23:14,1623536594.53338,1500.0,75.4,1381.41,528.34,1367.9,10.5,23608792,32455667,0.0003156169068832334,0.0004617425841362764,78.393,0,0,826.59,401.48,0.02,0.08,124577,737,175108096,438272,49264412,1011344,3.1102590683855222
12-6-2021 18:23:19,1623536599.5473964,1500.0,72.9,1392.98,532.53,1371.99,10.6,23766287,32691247,0.0003141094638599937,0.00046984289975007023,77.419,0,0,833.91,404.78,0.02,0.08,125599,742,175108096,438272,49342784,1017169,3.1216674024215427
12-6-2021 18:23:24,1623536604.5512528,1500.0,82.7,1406.14,537.34,1373.92,10.5,23922850,32927381,0.00031288467702241717,0.0004719040279249341,78.88,0,0,843.04,409.17,0.02,0.08,126621,747,175108096,438272,49421117,1022992,3.1204769675656103
12-6-2021 18:23:29,1623536609.5534008,1500.0,76.8,1416.79,541.59,1378.8,10.5,24076054,33142725,0.00030627642897660014,0.000430503063376524,79.367,0,0,849.76,412.61,0.02,0.08,127641,751,175108096,438272,49498287,1027652,3.1201297573992965
12-6-2021 18:23:34,1623536614.5572817,1500.0,95.0,1427.66,546.39,1382.92,10.6,24380427,33493981,0.0006082738605507829,0.0007019671362493579,79.854,0,0,856.93,416.97,0.02,0.08,128659,754,175108096,438272,49574292,1031147,3.091856929570898
12-6-2021 18:23:39,1623536619.5615473,1000.0,51.3,1438.73,551.15,1386.92,10.6,24527925,33702496,0.0002947445506650949,0.000416674531057589,78.88,0,0,864.32,421.01,0.02,0.08,129679,758,175108096,438272,49651452,1035807,3.0657169641927116
12-6-2021 18:23:44,1623536624.5634437,1500.0,89.7,1449.99,556.28,1390.22,10.6,24674044,33911262,0.0002921272030824033,0.0004173737000574943,79.854,0,0,871.17,425.36,0.02,0.08,130699,762,175108096,438272,49728636,1040467,3.119038525448025
12-6-2021 18:23:49,1623536629.5728633,1500.0,71.6,1462.37,560.5,1393.5,10.5,24826919,34128227,0.00030517506972171617,0.000433114040897283,78.88,0,0,879.44,428.97,0.02,0.08,131713,766,175108096,438272,49805470,1045127,3.106538959460733
12-6-2021 18:23:54,1623536634.5733726,1500.0,83.0,1474.56,564.96,1396.62,10.6,24986776,34366211,0.0003196814396727018,0.00047591952644593773,78.393,0,0,887.54,432.73,0.02,0.08,132729,771,175108096,438272,49883449,1050952,3.1237010619670946
12-6-2021 18:23:59,1623536639.5777009,1500.0,77.7,1484.67,568.7,1402.4,10.6,25139633,34582575,0.00030544958751050635,0.000432353732914575,78.393,0,0,894.35,435.73,0.02,0.08,133743,775,175108096,438272,49960271,1055612,3.1406647586641334
12-6-2021 18:24:4,1623536644.5887158,1500.0,69.2,1497.85,572.83,1404.84,10.5,25292082,34805433,0.0003042277899296403,0.00044473625152109745,78.88,0,0,903.5,439.49,0.02,0.08,134759,780,175108096,438272,50038249,1061437,3.1209729820889156
12-6-2021 18:24:9,1623536649.592397,1500.0,68.1,1510.01,577.85,1407.42,10.5,25451681,35052541,0.0003189631676507698,0.000493852407796079,78.393,0,0,911.9,443.79,0.02,0.08,135775,785,175108096,438272,50116267,1067262,3.0691394644035177
12-6-2021 18:24:14,1623536654.6186006,1500.0,92.6,1522.05,582.16,1411.13,10.5,25608870,35288274,0.00031273902033761855,0.0004690080570602767,79.367,0,0,919.39,447.13,0.02,0.08,136791,790,175108096,438272,50194292,1073085,3.119137728352686
12-6-2021 18:24:19,1623536659.6272564,1500.0,69.4,1532.79,586.92,1415.41,10.5,25772035,35547255,0.00032576604772745394,0.0005170668759017175,78.393,0,0,926.85,451.53,0.02,0.08,137809,796,175108096,438272,50273506,1080075,3.1236018590624335
12-6-2021 18:24:24,1623536664.6311772,1500.0,78.4,1542.91,592.44,1419.66,10.6,25934725,35806311,0.0003251250503610045,0.0005177060363041391,79.367,0,0,934.46,456.7,0.02,0.08,138827,802,175108096,438272,50352730,1087063,3.1194849385189998
12-6-2021 18:24:29,1623536669.6351047,1500.0,61.5,1551.3,596.79,1426.72,10.5,26091151,36037674,0.00031260644955618193,0.00046236281685056783,79.367,0,0,940.56,460.91,0.02,0.08,139841,806,175108096,438272,50429574,1091721,3.121468996612221
12-6-2021 18:24:34,1623536674.642202,1500.0,83.7,1559.58,601.95,1433.04,10.6,26242874,36258674,0.0003030158844505156,0.00044137349290195916,78.88,0,0,946.17,465.54,0.02,0.08,140857,811,175108096,438272,50507617,1097546,3.121320192255229
12-6-2021 18:24:39,1623536679.6435878,1500.0,74.9,1569.59,607.16,1437.68,10.5,26400521,36499221,0.0003152066293117433,0.00048096068470095794,78.393,0,0,953.62,470.6,0.02,0.08,141873,816,175108096,438272,50585689,1103371,3.072958776232968
12-6-2021 18:24:44,1623536684.647137,1500.0,95.0,1579.58,613.59,1441.07,10.6,26562778,36755792,0.0003242838169279676,0.0005127780200116208,79.854,0,0,961.09,476.48,0.02,0.08,142897,822,175108096,438272,50665229,1110361,3.121816206778534
12-6-2021 18:24:49,1623536689.6515014,1500.0,93.8,1589.59,618.44,1445.98,10.8,26730947,36995128,0.00033604466724783714,0.00047825453252637733,78.393,0,0,968.32,480.84,0.02,0.08,143919,827,175108096,438272,50743532,1116186,3.080597399891869
12-6-2021 18:24:54,1623536694.6566088,1500.0,64.3,1599.9,623.02,1450.93,10.6,26889042,37231100,0.0003158673476447465,0.0004714624103129518,77.906,0,0,974.68,484.45,0.02,0.08,144935,832,175108096,438272,50821526,1122011,3.14408725887494
12-6-2021 18:24:59,1623536699.6603997,1500.0,73.2,1611.52,627.91,1454.32,10.5,27047306,37467787,0.00031628819943375604,0.0004730153734227456,78.393,0,0,982.18,488.72,0.02,0.08,145951,837,175108096,438272,50899535,1127836,3.123056243086798
12-6-2021 18:25:4,1623536704.6633956,1500.0,52.4,1622.66,631.96,1458.91,10.5,27202594,37691463,0.000310390016297112,0.0004470841100746537,79.367,0,0,989.35,492.19,0.02,0.08,146967,842,175108096,438272,50977526,1133655,3.1144255903812863
12-6-2021 18:25:9,1623536709.6670756,1500.0,78.8,1634.81,635.7,1462.77,10.5,27361703,37923171,0.00031798396438930754,0.00046307517752432404,79.367,0,0,997.36,495.29,0.02,0.08,147981,846,175108096,438272,51054385,1138315,3.1190881269003556
12-6-2021 18:25:14,1623536714.6707802,1500.0,71.4,1645.67,640.21,1467.09,10.6,27516019,38156621,0.0003084035008927883,0.00046655432543236887,78.393,0,0,1004.29,498.96,0.02,0.08,148997,851,175108096,438272,51132382,1144140,3.1419543964247274
12-6-2021 18:25:19,1623536719.6734347,1500.0,95.0,1657.4,644.83,1470.55,10.5,27666375,38377598,0.00030055243355964407,0.00044171948649012653,80.341,0,0,1011.85,502.99,0.02,0.08,150011,855,175108096,438272,51209245,1148796,3.115417619427897
12-6-2021 18:25:24,1623536724.6750703,1500.0,93.3,1670.99,649.02,1472.59,10.5,27823436,38610462,0.0003140192810617407,0.00046557570539574553,79.854,0,0,1021.21,506.41,0.02,0.08,151027,860,175108096,438272,51287241,1154621,3.099247545968146
12-6-2021 18:25:29,1623536729.6876807,1500.0,93.2,1681.8,653.77,1476.9,10.6,27978833,38839359,0.00031001212242606356,0.0004566423083261496,78.88,0,0,1027.83,510.19,0.02,0.08,152043,865,175108096,438272,51365258,1160446,3.1181953007584062
12-6-2021 18:25:34,1623536734.693231,1500.0,62.7,1691.82,658.37,1482.07,10.6,28304929,39213770,0.0006514688195095929,0.0007479916717206166,79.367,0,0,1033.96,514.02,0.02,0.08,153055,868,175108096,438272,51440940,1163941,3.0798037766545803
12-6-2021 18:25:39,1623536739.693365,1500.0,69.4,1703.37,663.3,1485.4,10.6,28462390,39447523,0.00031491356086820566,0.0004674934719938631,78.88,0,0,1041.14,518.11,0.02,0.08,154071,873,175108096,438272,51519013,1169766,3.1253875113463323
12-6-2021 18:25:44,1623536744.6973379,1500.0,86.0,1714.11,668.29,1489.43,10.6,28612004,39660058,0.00029899043602583415,0.0004247325271749346,78.88,0,0,1047.79,522.3,0.02,0.08,155085,877,175108096,438272,51595869,1174426,3.119236931257347
12-6-2021 18:25:49,1623536749.7016442,1500.0,59.0,1724.91,672.89,1493.93,10.6,28769877,39897932,0.0003154742935766896,0.0004753386083134004,78.393,0,0,1055.11,526.2,0.02,0.08,156101,882,175108096,438272,51673902,1180251,3.064724935146101
12-6-2021 18:25:54,1623536754.7066908,1500.0,72.8,1736.53,677.77,1497.26,10.6,28924163,40126480,0.00030826086576911285,0.0004566351084984976,79.854,0,0,1062.73,530.47,0.02,0.08,157117,887,175108096,438272,51751919,1186076,3.12141939515989
12-6-2021 18:25:59,1623536759.710531,1500.0,56.2,1747.26,682.06,1502.0,10.6,29082982,40360310,0.00031739422802587447,0.0004673010933155997,79.854,0,0,1069.29,533.97,0.02,0.08,158131,891,175108096,438272,51828781,1190734,3.1347621858368013
12-6-2021 18:26:4,1623536764.7134361,1500.0,79.6,1758.49,687.0,1505.61,10.5,29241225,40589474,0.0003163022201617874,0.0004580618541177547,80.341,0,0,1076.7,538.22,0.02,0.08,159147,896,175108096,438272,51906817,1196559,3.126776352011587
12-6-2021 18:26:9,1623536769.7179759,1500.0,70.9,1769.51,691.31,1510.02,10.6,29397784,40824236,0.00031283396376876254,0.00046909808444281216,78.393,0,0,1083.31,541.58,0.02,0.08,160163,901,175108096,438272,51984857,1202384,3.1210721849935763
12-6-2021 18:26:14,1623536774.7217991,1500.0,63.1,1780.78,695.36,1514.44,10.5,29550221,41053867,0.00030464105436955115,0.0004589110908502162,78.88,0,0,1090.98,545.1,0.02,0.08,161179,906,175108096,438272,52062891,1208207,3.117004865902474
12-6-2021 18:26:19,1623536779.7234032,1500.0,93.0,1793.53,700.03,1516.9,10.5,29712727,41298721,0.0003249077643776544,0.0004895509442046829,79.854,0,0,1099.51,548.88,0.02,0.08,162195,911,175108096,438272,52140937,1214032,3.085706349481913
12-6-2021 18:26:24,1623536784.727183,1500.0,74.4,1805.81,704.74,1519.79,10.6,29862610,41520357,0.00029953955479708895,0.0004429371494232675,79.854,0,0,1107.58,552.84,0.02,0.08,163209,915,175108096,438272,52217832,1218690,3.1304964609363766
12-6-2021 18:26:29,1623536789.7309542,1500.0,83.3,1818.8,708.85,1522.47,10.6,30018226,41746114,0.00031099744158298885,0.0004511737187657491,79.367,0,0,1116.66,556.11,0.02,0.08,164225,920,175108096,438272,52295910,1224515,3.085706349481913
12-6-2021 18:26:34,1623536794.7348413,1500.0,21.9,1824.26,710.63,1535.07,10.6,30147716,41887253,0.0002587788162126765,0.00028205871759549725,75.471,0,0,1118.47,557.24,0.02,0.08,165233,921,175108096,438272,52369258,1225680,3.129107620271122
12-6-2021 18:26:39,1623536799.7387562,900.0,26.2,1828.58,711.2,1550.01,10.6,30270332,42005894,0.0002450401417499764,0.0002370963614647269,75.958,0,0,1118.91,557.35,0.02,0.08,166238,921,175108096,438272,52441434,1225680,3.129107620271122
12-6-2021 18:26:44,1623536804.7389617,1500.0,20.7,1832.72,711.95,1565.13,10.6,30387925,42123875,0.000235176333461788,0.00023595230156688927,74.497,0,0,1119.37,557.43,0.02,0.08,167254,921,175108096,438272,52514213,1225680,3.129107620271122
12-6-2021 18:26:49,1623536809.7428842,1500.0,86.7,1844.36,716.03,1569.29,10.6,30646191,42351490,0.0005161271021630866,0.0004548731554244498,77.906,0,0,1126.7,560.51,0.02,0.08,168281,924,175108096,438272,52590839,1229175,3.124792293918366
12-6-2021 18:26:54,1623536814.743406,1500.0,69.5,1853.4,720.1,1575.98,10.6,30801388,42564403,0.0003103616045631223,0.00042578155706842315,77.419,0,0,1132.09,563.74,0.02,0.08,169310,928,175108096,438272,52668624,1233835,3.122510627111162
12-6-2021 18:26:59,1623536819.7534332,1500.0,75.4,1866.09,724.43,1578.9,10.6,30958064,42800198,0.0003127248509399423,0.0004706461501913739,78.393,0,0,1140.96,567.55,0.02,0.08,170341,933,175108096,438272,52747556,1239660,3.1337701567901908
12-6-2021 18:27:4,1623536824.7587686,1500.0,62.9,1876.81,729.37,1583.08,10.5,31116926,43028923,0.0003173853288455531,0.0004569623908813885,78.88,0,0,1147.85,571.93,0.02,0.08,171374,939,175108096,438272,52827678,1246650,3.1167072571884904
12-6-2021 18:27:9,1623536829.7624195,1500.0,86.6,1888.66,733.67,1586.77,10.6,31273643,43256740,0.0003132053035195925,0.0004553015475789034,77.419,0,0,1155.27,575.25,0.02,0.08,172403,943,175108096,438272,52905447,1251310,3.1229570401821367
12-6-2021 18:27:14,1623536834.773416,1500.0,82.2,1901.8,737.49,1589.66,10.6,31426039,43472346,0.00030412313711104523,0.00043026570972967806,79.367,0,0,1164.41,578.44,0.02,0.08,173432,947,175108096,438272,52983228,1255968,3.08545834222026
12-6-2021 18:27:19,1623536839.7771835,1500.0,71.9,1913.16,741.48,1594.19,10.5,31579262,43692045,0.00030621526738475733,0.0004390671637362785,78.88,0,0,1171.98,581.85,0.02,0.08,174461,951,175108096,438272,53061027,1260628,3.1282643955815024
12-6-2021 18:27:24,1623536844.785774,1500.0,94.5,1926.34,745.9,1596.38,10.6,31742855,43946007,0.0003266248285066641,0.0005070528365957555,79.367,0,0,1180.78,585.38,0.02,0.08,175494,957,175108096,438272,53141124,1267618,3.129752439151418
12-6-2021 18:27:29,1623536849.7928617,1500.0,92.0,1939.98,750.46,1598.1,10.6,31893332,44167306,0.0003005279891023619,0.0004419714870735301,77.906,0,0,1190.48,589.14,0.02,0.08,176523,961,175108096,438272,53218907,1272278,3.134067765504174
12-6-2021 18:27:34,1623536854.8234267,1500.0,93.9,1951.24,755.34,1601.92,10.7,32242722,44581479,0.0006945343085185163,0.0008233130832652322,79.367,0,0,1197.91,593.32,0.02,0.08,177548,966,175108096,438272,53297537,1278103,3.1274707723442146
12-6-2021 18:27:39,1623536859.8270414,1500.0,69.6,1962.45,759.88,1606.02,10.6,32399613,44802773,0.0003135553205692696,0.0004422682697545172,78.88,0,0,1205.21,597.09,0.02,0.08,178571,970,175108096,438272,53374988,1282763,3.07310758058996
12-6-2021 18:27:44,1623536864.8348644,1500.0,92.4,1973.66,764.66,1609.82,10.5,32543916,45011659,0.0002881551529998669,0.0004171193758239967,78.88,0,0,1212.29,601.35,0.02,0.08,179594,974,175108096,438272,53452445,1287423,3.1213697937075597
12-6-2021 18:27:49,1623536869.8386054,1500.0,84.3,1985.63,769.54,1612.81,10.6,32699369,45242719,0.0003106735524372438,0.00046177449792638,79.367,0,0,1220.06,605.23,0.02,0.08,180619,979,175108096,438272,53531056,1293244,3.1223618227541703
12-6-2021 18:27:54,1623536874.8429031,1500.0,66.7,1997.58,773.55,1616.71,10.6,32852060,45467264,0.0003051197353501595,0.00044870431770177403,78.393,0,0,1228.31,608.85,0.02,0.08,181644,984,175108096,438272,53609680,1299069,3.1167072571884904
12-6-2021 18:27:59,1623536879.8434205,1500.0,64.8,2006.97,777.44,1623.2,10.6,33007530,45688133,0.0003109078292279518,0.0004416922964800185,79.367,0,0,1233.83,611.95,0.02,0.08,182667,988,175108096,438272,53687152,1303729,3.1202785617562885
12-6-2021 18:28:4,1623536884.8470845,1500.0,75.7,2019.01,782.49,1625.92,10.6,33166537,45929479,0.0003177811289258322,0.0004823385407040815,78.393,0,0,1241.37,616.02,0.02,0.08,183692,993,175108096,438272,53765763,1309552,3.120824177731924
12-6-2021 18:28:9,1623536889.8522391,1500.0,95.7,2030.47,787.12,1629.67,10.6,33323648,46165336,0.00031389839525864164,0.00047122820051121464,78.88,0,0,1249.21,620.01,0.02,0.08,184717,998,175108096,438272,53844362,1315377,3.1256355186079845
12-6-2021 18:28:14,1623536894.8534148,1500.0,93.5,2043.52,791.38,1632.14,10.6,33478307,46389758,0.0003092452876494694,0.0004487384888358855,78.393,0,0,1258.16,623.63,0.02,0.08,185735,1002,175108096,438272,53921520,1320037,3.1316372943399786
12-6-2021 18:28:19,1623536899.857287,1500.0,94.7,2056.15,796.29,1634.51,10.6,33635402,46635245,0.00031394686973994034,0.0004905940686326664,79.367,0,0,1266.7,627.82,0.02,0.08,186757,1008,175108096,438272,54000995,1327027,3.1438888530656177
12-6-2021 18:28:24,1623536904.86197,1500.0,92.1,2068.85,801.54,1636.43,10.6,33790080,46864010,0.00030906652719463553,0.000457101876761277,79.367,0,0,1275.39,632.23,0.02,0.08,187777,1013,175108096,438272,54079313,1332852,3.1255859171556546
12-6-2021 18:28:29,1623536909.8634322,1500.0,77.7,2081.96,806.52,1638.14,10.7,33951255,47107824,0.00032225575816322255,0.00048748543769696256,78.393,0,0,1284.48,636.43,0.02,0.08,188797,1018,175108096,438272,54157625,1338677,3.1171536702594653
12-6-2021 18:28:34,1623536914.8671737,1500.0,65.7,2092.49,811.2,1642.74,10.6,34097849,47309877,0.00029296877130660464,0.000403803833368442,79.367,0,0,1291.07,640.61,0.02,0.08,189815,1022,175108096,438272,54234804,1343337,3.125040301180019
12-6-2021 18:28:39,1623536919.8725843,1500.0,55.6,2101.6,815.26,1649.48,10.6,34246738,47512358,0.0002974561125536779,0.00040452425045491106,78.88,0,0,1296.14,643.79,0.02,0.08,190831,1025,175108096,438272,54310818,1346832,3.0793077621312754
12-6-2021 18:28:44,1623536924.8770473,1500.0,57.3,2111.51,819.93,1654.78,10.6,34397994,47725776,0.0003022422211695636,0.00042645534958987366,78.393,0,0,1302.46,647.56,0.02,0.08,191849,1029,175108096,438272,54387961,1351492,3.0783653345369952
12-6-2021 18:28:49,1623536929.8807495,1500.0,71.5,2124.24,824.44,1657.43,10.6,34555599,47961942,0.0003149767808793309,0.00047198252868340513,80.341,0,0,1311.15,651.21,0.02,0.08,192869,1034,175108096,438272,54466269,1357317,3.106985372531708
12-6-2021 18:28:54,1623536934.883389,1500.0,94.0,2134.98,828.96,1662.02,10.6,34710023,48189043,0.0003086850431846096,0.00045396235036178323,79.854,0,0,1317.78,655.22,0.02,0.08,193889,1039,175108096,438272,54544571,1363140,3.121468996612221
12-6-2021 18:28:59,1623536939.8915071,1500.0,95.3,2146.74,833.5,1665.48,10.6,34873741,48436898,0.00032690522669558597,0.0004949064547736624,79.367,0,0,1325.78,658.65,0.02,0.08,194909,1044,175108096,438272,54622867,1368965,3.1538091435317224
12-6-2021 18:29:4,1623536944.8938882,1500.0,63.3,2157.89,837.45,1670.23,10.5,35026701,48651754,0.0003057743849571911,0.00042950746112946033,78.88,0,0,1333.09,662.11,0.02,0.08,195927,1048,175108096,438272,54700010,1373625,3.124494685204383
12-6-2021 18:29:9,1623536949.8975098,1500.0,86.1,2169.29,842.24,1673.89,10.6,35183724,48887551,0.0003138186962091724,0.00047125266432327886,80.341,0,0,1340.18,666.08,0.02,0.08,196947,1053,175108096,438272,54778350,1379450,3.095626639948018
12-6-2021 18:29:14,1623536954.9125104,1500.0,72.8,2181.96,847.37,1676.01,10.6,35340894,49129824,0.0003133997642437494,0.00048309665383104857,80.341,0,0,1348.5,670.47,0.02,0.08,197967,1058,175108096,438272,54856637,1385273,3.119980953042305
12-6-2021 18:29:19,1623536959.913403,1500.0,94.0,2195.31,851.21,1678.6,10.6,35488997,49342946,0.0002961531284240332,0.0004261679171656671,79.854,0,0,1357.97,673.87,0.02,0.08,198987,1063,175108096,438272,54934919,1391098,3.1241970764903995
12-6-2021 18:29:24,1623536964.917049,1500.0,95.4,2208.51,856.09,1680.28,10.7,35651024,49592711,0.00032381787867923913,0.0004991660184310032,80.828,0,0,1367.15,677.55,0.02,0.08,200007,1068,175108096,438272,55013231,1396923,3.1443352661365926
12-6-2021 18:29:29,1623536969.9208422,1500.0,64.0,2219.89,860.46,1684.42,10.5,35801378,49805661,0.00030048004144194883,0.00042557713679092674,79.854,0,0,1374.38,681.17,0.02,0.08,201025,1072,175108096,438272,55090372,1401581,3.065468956931059
12-6-2021 18:29:34,1623536974.923465,1500.0,79.1,2230.11,865.49,1688.91,10.7,36170188,50233966,0.0007372332706065205,0.000856160884919405,79.367,0,0,1380.31,685.16,0.02,0.08,202043,1076,175108096,438272,55167487,1406239,3.127966786867519
12-6-2021 18:29:39,1623536979.9268959,1500.0,77.4,2240.34,869.8,1694.08,10.6,36324787,50447935,0.00030898598349845207,0.00042764456369821465,78.393,0,0,1386.57,688.67,0.02,0.08,203061,1080,175108096,438272,55244598,1410899,3.1262803374882817
12-6-2021 18:29:44,1623536984.9308026,1500.0,83.4,2250.89,875.07,1698.11,10.6,36477571,50667058,0.0003053294322625611,0.0004379038458586578,79.854,0,0,1393.64,693.2,0.02,0.08,204079,1084,175108096,438272,55321753,1415559,3.129355627532774
12-6-2021 18:29:49,1623536989.9334629,1500.0,81.1,2261.93,878.67,1703.3,10.5,36628111,50880114,0.00030091989409550106,0.00042588540558264297,78.88,0,0,1400.36,696.18,0.02,0.08,205102,1088,175108096,438272,55399223,1420219,3.107977401578318
12-6-2021 18:29:54,1623536994.9372032,1500.0,81.9,2273.48,883.47,1706.84,10.6,36784309,51111557,0.0003121624830668281,0.0004625399913471101,78.88,0,0,1408.12,700.09,0.02,0.08,206127,1093,175108096,438272,55477865,1426040,3.0776709142043677
12-6-2021 18:29:59,1623536999.9409263,1500.0,79.6,2286.47,887.9,1709.26,10.6,36943499,51348126,0.00031814310145033604,0.00047278594991522426,79.367,0,0,1416.67,703.62,0.02,0.08,207152,1098,175108096,438272,55556517,1431865,3.1246434895613744
12-6-2021 18:30:4,1623537004.943394,1500.0,59.0,2297.54,892.46,1713.44,10.6,37096633,51571510,0.00030611692319893315,0.00044654761693595473,79.854,0,0,1423.78,707.61,0.02,0.08,208175,1102,175108096,438272,55634004,1436525,3.1273715694395534
12-6-2021 18:30:9,1623537009.94369,1500.0,61.0,2307.61,896.23,1719.5,10.6,37248993,51786646,0.000304701954582806,0.00043024651943506534,79.854,0,0,1430.14,710.74,0.02,0.08,209200,1107,175108096,438272,55712603,1442350,3.129454830437435
12-6-2021 18:30:14,1623537014.9676456,1500.0,94.2,2320.02,900.32,1722.92,10.6,37404278,52014427,0.0003090891179606755,0.00045338975675822277,79.367,0,0,1438.17,714.03,0.02,0.08,210223,1111,175108096,438272,55790075,1447010,3.1284131999384943
12-6-2021 18:30:19,1623537019.971329,1500.0,69.3,2332.67,905.38,1725.05,10.7,37568454,52271898,0.0003281102923933418,0.0005145629391190314,78.88,0,0,1446.97,718.13,0.02,0.08,211250,1117,175108096,438272,55869878,1454000,3.1085726190062846
12-6-2021 18:30:24,1623537024.9743333,1500.0,58.6,2344.8,909.75,1728.39,10.6,37721749,52493167,0.0003064058921886697,0.00044227225518571876,79.854,0,0,1455.1,721.94,0.02,0.08,212273,1121,175108096,438272,55947330,1458660,3.1271235621779003
12-6-2021 18:30:29,1623537029.9782624,1500.0,46.9,2356.49,914.68,1731.58,10.6,37877885,52722278,0.0003120268007166,0.00045786219923003624,79.367,0,0,1462.84,725.76,0.02,0.08,213304,1126,175108096,438272,56026282,1464485,3.141507983353753
12-6-2021 18:30:34,1623537034.9821217,1500.0,62.1,2366.67,920.06,1735.97,10.6,38023254,52924244,0.0002905137651178378,0.00040362046299960257,79.367,0,0,1469.08,730.74,0.02,0.08,214333,1130,175108096,438272,56104072,1469145,3.1246930910137047
12-6-2021 18:30:39,1623537039.9838154,1500.0,73.7,2376.81,924.37,1741.3,10.6,38177583,53146617,0.00030855347901559226,0.0004445953954806569,78.393,0,0,1474.78,734.24,0.02,0.08,215362,1134,175108096,438272,56181846,1473805,3.1232050474437894
12-6-2021 18:30:44,1623537044.9876912,1500.0,75.3,2387.06,929.02,1746.29,10.6,38331448,53363173,0.00030749164892935775,0.0004327765347905371,79.854,0,0,1481.24,738.04,0.02,0.08,216391,1138,175108096,438272,56259612,1478465,3.1377878744289633
12-6-2021 18:30:49,1623537049.9908748,1500.0,83.5,2399.53,933.73,1748.82,10.6,38487609,53596179,0.0003121232646697457,0.00046571546934022425,79.854,0,0,1489.29,741.96,0.02,0.08,217422,1143,175108096,438272,56338561,1484288,3.1255363157033234
12-6-2021 18:30:54,1623537054.9943824,1500.0,94.7,2412.29,938.19,1751.36,10.6,38645372,53833583,0.00031530480648074414,0.0004744751448549697,79.367,0,0,1498.23,745.82,0.02,0.08,218453,1148,175108096,438272,56417494,1490113,3.1178480905920924
12-6-2021 18:30:59,1623537059.998176,1500.0,94.8,2425.37,943.35,1753.0,10.6,38809997,54091161,0.00032900037317571773,0.000514765425189704,79.367,0,0,1507.12,750.21,0.02,0.08,219486,1154,175108096,438272,56497596,1497103,3.1323317146726057
12-6-2021 18:31:5,1623537065.0007503,1500.0,94.1,2437.57,947.93,1756.16,10.6,38962838,54313777,0.000305524703331858,0.00044500289422945996,80.341,0,0,1515.49,754.15,0.02,0.08,220515,1158,175108096,438272,56575376,1501763,3.129504431889766
12-6-2021 18:31:10,1623537070.0072558,1500.0,74.0,2449.46,952.59,1759.43,10.6,39120235,54542850,0.0003143849544055029,0.00045755068178257374,79.367,0,0,1523.15,757.66,0.02,0.08,221546,1163,175108096,438272,56654297,1507584,3.1292068231757826
12-6-2021 18:31:15,1623537075.0080726,1500.0,67.4,2461.37,956.7,1763.16,10.6,39280155,54781476,0.00031978775806145105,0.00047717404674319544,79.367,0,0,1531.17,761.12,0.02,0.08,222577,1168,175108096,438272,56733184,1513407,3.1336709538855296
12-6-2021 18:31:20,1623537080.0120323,1500.0,81.5,2471.5,960.76,1768.94,10.6,39431808,54996612,0.0003030659925992447,0.0004299315238329021,78.393,0,0,1537.84,764.44,0.02,0.08,223606,1172,175108096,438272,56810978,1518067,3.1225602285634926
12-6-2021 18:31:25,1623537085.0134177,1500.0,72.0,2484.05,965.21,1771.71,10.6,39589773,55232973,0.0003158424831833945,0.00047259104971171024,80.341,0,0,1546.03,768.11,0.02,0.08,224637,1177,175108096,438272,56889901,1523892,3.1328773306482414
12-6-2021 18:31:30,1623537090.0209153,1500.0,76.5,2495.64,969.67,1775.46,10.6,39745107,55457855,0.0003102028477862199,0.0004490905842626901,79.854,0,0,1554.04,771.97,0.02,0.08,225666,1181,175108096,438272,56967671,1528552,3.127520373796545
12-6-2021 18:31:35,1623537095.023442,1500.0,64.6,2506.05,973.98,1780.43,10.6,40135231,55900600,0.0007798538992565003,0.0008850427418623802,78.393,0,0,1560.17,775.64,0.02,0.08,226695,1185,175108096,438272,57045442,1533212,3.1072333797933607
12-6-2021 18:31:40,1623537100.0271292,1500.0,76.4,2516.92,978.5,1784.61,10.6,40289146,56117420,0.0003076031646089231,0.0004333204570737531,80.341,0,0,1567.2,779.36,0.02,0.08,227724,1189,175108096,438272,57123175,1537870,3.12806598977218
12-6-2021 18:31:45,1623537105.0308504,1500.0,56.0,2526.64,983.32,1789.98,10.6,40437448,56328260,0.00029638341740137095,0.00042136639913760475,79.367,0,0,1573.07,783.7,0.02,0.08,228747,1193,175108096,438272,57200655,1542530,3.129157221723452
12-6-2021 18:31:50,1623537110.0335362,1500.0,79.2,2537.15,987.95,1794.64,10.6,40595315,56560139,0.000315564492305478,0.0004635090228565941,78.393,0,0,1579.21,787.25,0.02,0.08,229756,1198,175108096,438272,57278393,1548351,3.1274211708918838
12-6-2021 18:31:55,1623537115.0434573,1500.0,73.5,2549.91,992.35,1797.37,10.6,40754035,56798342,0.0003168113781800828,0.00047546258011989836,79.367,0,0,1588.15,791.1,0.02,0.08,230760,1203,175108096,438272,57355786,1554174,3.086648777076193
12-6-2021 18:32:0,1623537120.0472138,1500.0,76.5,2561.45,997.22,1800.78,10.6,40905777,57022851,0.00030325616224230337,0.00044868090396104764,78.88,0,0,1595.64,795.21,0.02,0.08,231775,1208,175108096,438272,57433794,1559999,3.138333490404599
12-6-2021 18:32:5,1623537125.0502028,1500.0,93.6,2574.29,1001.82,1803.12,10.7,41057341,57241832,0.0003029468950908778,0.000437700338034728,80.341,0,0,1604.75,798.88,0.02,0.08,232792,1211,175108096,438272,57509831,1563494,3.1256355186079845
12-6-2021 18:32:10,1623537130.0543332,1500.0,61.4,2586.13,1006.3,1806.55,10.6,41214450,57478585,0.000313958647334746,0.00047311517247543506,79.367,0,0,1612.54,802.85,0.02,0.08,233813,1216,175108096,438272,57588256,1569317,3.07975417520225
12-6-2021 18:32:15,1623537135.0580783,1500.0,68.9,2597.3,1010.77,1810.67,10.6,41365690,57708675,0.0003022536072700978,0.0004598355758845332,79.367,0,0,1619.9,806.88,0.02,0.08,234834,1221,175108096,438272,57666627,1575142,3.127966786867519
12-6-2021 18:32:20,1623537140.0619152,1500.0,78.8,2609.07,1015.72,1813.79,10.6,41522680,57936687,0.0003137392446487364,0.0004556743273510904,78.88,0,0,1627.52,810.56,0.02,0.08,235853,1225,175108096,438272,57743835,1579802,3.1344149756704875
12-6-2021 18:32:25,1623537145.0643537,1500.0,61.0,2619.23,1019.71,1819.45,10.6,41674213,58152349,0.0003029182640226162,0.0004311137419284609,78.393,0,0,1634.18,813.8,0.02,0.08,236872,1229,175108096,438272,57821031,1584462,3.113631967143998
12-6-2021 18:32:30,1623537150.0810437,1500.0,68.0,2629.13,1023.65,1825.52,10.6,41830041,58370418,0.0003106191522885487,0.00043468701337636063,78.393,0,0,1640.11,816.91,0.02,0.08,237893,1234,175108096,438272,57899410,1590287,3.114276786024295
12-6-2021 18:32:35,1623537155.084981,1500.0,73.8,2640.29,1028.96,1828.73,10.6,41977883,58581653,0.000295451347166676,0.0004221375882276539,78.88,0,0,1647.41,821.58,0.02,0.08,238912,1238,175108096,438272,57976614,1594947,3.1498410273452806
12-6-2021 18:32:40,1623537160.0887623,1500.0,64.7,2652.26,1033.47,1832.06,10.6,42126559,58793109,0.00029712729340394085,0.0004225924086875065,79.367,0,0,1655.46,825.45,0.02,0.08,239931,1242,175108096,438272,58053828,1599607,3.079158957774284
12-6-2021 18:32:45,1623537165.092478,1500.0,79.9,2663.24,1038.07,1836.33,10.6,42274890,59002939,0.00029644169914049603,0.0004193483609673654,79.854,0,0,1662.08,829.46,0.02,0.08,240950,1246,175108096,438272,58130982,1604267,3.132133308863284
12-6-2021 18:32:50,1623537170.0955112,1500.0,55.9,2672.38,1041.94,1843.22,10.6,42421821,59195822,0.000293683841915281,0.0003855321237869826,77.906,0,0,1667.2,832.51,0.02,0.08,241967,1249,175108096,438272,58207011,1607760,3.085755950934243
12-6-2021 18:32:55,1623537175.099427,900.0,27.8,2676.93,1042.67,1857.7,10.6,42544612,59320161,0.0002453898211582802,0.0002484833984005294,75.471,0,0,1667.71,832.61,0.02,0.08,242974,1250,175108096,438272,58280387,1608925,3.085755950934243
12-6-2021 18:33:0,1623537180.09978,1500.0,25.7,2681.22,1043.43,1872.33,10.6,42667144,59440129,0.0002450466949045585,0.0002399190570162086,74.984,0,0,1668.13,832.74,0.02,0.08,243990,1250,175108096,438272,58353229,1608925,3.085755950934243
12-6-2021 18:33:5,1623537185.1034086,1500.0,27.1,2686.23,1044.28,1886.21,10.7,42804486,59566419,0.00027448480679537684,0.0002523968360020106,74.984,0,0,1668.44,832.81,0.02,0.08,245009,1264,175108096,471040,58426137,1634049,3.085755950934243
