time_stamp,time,cpu_freq,cpu,cpu_user_time,cpu_system_time,cpu_idle_time,memory,net_sent,net_recv,net_upload_rate,net_download_rate,temp,gpu,gpu_mem,cpu_times_user_ipykernel,cpu_times_system_ipykernel,cpu_times_children_user_ipykernel,cpu_times_children_system_ipykernel,memory_percent_ipykernel,io_counters_read_count_ipykernel,io_counters_write_count_ipykernel,io_counters_read_bytes_ipykernel,io_counters_write_bytes_ipykernel,io_counters_read_chars_ipykernel,io_counters_write_chars_ipykernel
2-6-2021 18:9:25,1622671765.7444625,1500.0,44.2,429.1,118.9,7536.75,10.5,14146148,25726848,0.0,0.0,64.27,0,0,43.71,5.49,0.01,0.08,2.9478143120030555,12873,152,171352064,241664,40717876,278987
2-6-2021 18:9:33,1622671773.2740831,1500.0,47.1,440.58,120.32,7553.54,10.5,14530914,26941813,0.0005110031673790981,0.0016135806262890847,64.757,0,0,50.44,5.74,0.01,0.08,2.959966667824034,13907,161,171761664,241664,40800119,288374
2-6-2021 18:9:38,1622671778.2823055,1500.0,76.8,452.09,122.18,7560.34,10.5,15542081,27707322,0.002019013795800411,0.001528504422918644,66.218,0,0,56.17,6.14,0.01,0.08,2.9635875738441624,14929,164,172064768,241664,40876057,291503
2-6-2021 18:9:43,1622671783.2844253,1500.0,82.6,464.18,124.22,7565.23,10.6,17129463,28316104,0.003173418610401865,0.0012170480252879697,67.192,0,0,59.48,6.32,0.01,0.08,2.975243915141835,15951,167,172453888,241664,40951984,294632
2-6-2021 18:9:48,1622671788.2877433,1500.0,83.0,474.39,129.48,7569.44,10.6,18105310,28547486,0.0019503996869295597,0.0004624571068632023,66.218,0,0,65.09,10.53,0.01,0.08,3.054655840323005,16972,169,173875200,241664,41027139,296962
2-6-2021 18:9:53,1622671793.292283,1500.0,70.7,485.78,134.98,7572.41,10.6,19147516,28790040,0.0020825211839855065,0.0004846679478533232,67.679,0,0,72.52,15.27,0.01,0.08,3.0616496451016086,17996,173,173875200,241664,41104658,301622
2-6-2021 18:9:58,1622671798.2938244,1500.0,96.2,494.24,141.27,7577.52,10.5,19381450,29029211,0.00046772381233755293,0.00047819458445794486,68.653,0,0,78.53,20.83,0.01,0.08,3.0097169245115496,19022,178,173875200,241664,41183340,307447
2-6-2021 18:10:3,1622671803.2991595,1500.0,48.1,505.29,147.18,7580.43,10.5,19556390,29318105,0.00034950706948786114,0.0005771721466367106,68.166,0,0,86.67,26.07,0.01,0.08,3.013833845054983,20052,185,173875200,241664,41264336,315602
2-6-2021 18:10:8,1622671808.3031824,1500.0,72.0,515.27,152.16,7585.41,10.6,20505616,29555978,0.0018969257954641883,0.00047536353802408787,68.653,0,0,92.61,29.96,0.01,0.08,3.063980913361143,21076,189,173875200,241664,41341839,320260
2-6-2021 18:10:13,1622671813.3039558,1500.0,93.2,527.24,157.2,7588.14,10.6,21512244,29809059,0.0020129446256997217,0.0005060837159474119,69.14,0,0,99.51,33.94,0.01,0.08,3.027821454612191,22102,194,173875200,241664,41420528,326083
2-6-2021 18:10:18,1622671818.3076682,1500.0,91.6,536.73,163.41,7592.39,10.5,21845903,30058267,0.0006668228952435571,0.0004980462090872908,69.627,0,0,106.31,39.67,0.01,0.08,3.0664609859776695,23126,198,173875200,241664,41498014,330743
2-6-2021 18:10:23,1622671823.311654,1500.0,41.2,546.36,168.68,7597.2,10.5,22090742,30369712,0.0004892879512115309,0.000622393842341601,68.653,0,0,112.86,44.24,0.01,0.08,3.0153714900772295,24152,203,173875200,241664,41576700,336568
2-6-2021 18:10:28,1622671828.3172588,1500.0,52.5,554.9,173.49,7603.73,10.5,22248550,30608820,0.0003152626067619438,0.00047768054457083837,68.653,0,0,119.01,48.25,0.01,0.08,3.052274970611139,25178,208,173875200,241664,41655359,342391
2-6-2021 18:10:33,1622671833.3232973,1500.0,51.6,565.02,179.0,7608.03,10.5,22413065,30873727,0.0003286331145623912,0.0005291749231339353,68.653,0,0,126.69,52.94,0.01,0.08,3.009171308535914,26206,214,173875200,241664,41735190,349379
2-6-2021 18:10:38,1622671838.32384,1500.0,66.7,573.18,183.69,7615.01,10.5,22570753,31113945,0.00031534177654440806,0.00048038386483400527,68.166,0,0,132.01,56.94,0.01,0.08,3.06085602186432,27232,219,173875200,241664,41813854,355202
2-6-2021 18:10:43,1622671843.3294039,1500.0,65.8,580.21,188.31,7623.23,10.5,22719441,31328837,0.00029704544934599933,0.00042930627018226416,69.627,0,0,137.0,61.2,0.01,0.08,3.064774536598432,28256,223,173875200,241664,41891357,359862
2-6-2021 18:10:48,1622671848.3388014,1500.0,64.4,589.56,195.59,7626.63,10.5,22873934,31557504,0.00030840634985133454,0.0004564760526461077,69.627,0,0,144.08,67.79,0.01,0.08,3.063782507551821,29282,228,173875200,241664,41970017,365683
2-6-2021 18:10:53,1622671853.3426263,1500.0,42.2,599.29,201.68,7630.69,10.5,23038089,31818589,0.00032805903816465016,0.000521770850593754,71.088,0,0,151.56,73.22,0.01,0.08,3.0566894998685563,30310,234,173875200,241664,42049876,372673
2-6-2021 18:10:58,1622671858.3453374,1500.0,45.9,607.76,207.27,7636.65,10.5,23186974,32040570,0.00029760863316689775,0.00044372140913470886,68.653,0,0,157.63,78.42,0.01,0.08,3.06656018888233,31336,239,173875200,241664,42128562,378498
2-6-2021 18:11:3,1622671863.3490307,1500.0,95.0,618.86,213.18,7639.59,10.5,23363457,32341681,0.00035270546760184194,0.0006017774859621506,71.088,0,0,165.66,83.49,0.01,0.08,3.066163377263686,32366,246,173875200,241664,42209578,386653
2-6-2021 18:11:8,1622671868.3529284,1500.0,57.3,627.11,218.13,7646.21,10.5,23518480,32580415,0.00030980449705134415,0.00047709608767122037,70.114,0,0,171.65,87.95,0.01,0.08,3.0719667471863574,33392,251,173875200,241664,42288242,392476
2-6-2021 18:11:13,1622671873.3538442,1500.0,59.9,636.88,224.26,7650.25,10.5,23682935,32845383,0.0003288497701279134,0.0005298389583244837,69.627,0,0,178.78,93.3,0.01,0.08,3.016065910409857,34420,257,173875200,241664,42368074,399464
2-6-2021 18:11:18,1622671878.3569531,1500.0,67.9,647.41,229.84,7653.84,10.5,23855200,33134576,0.0003443159058660272,0.0005780265855810176,69.14,0,0,186.37,98.21,0.01,0.08,3.0602112029840236,35450,264,173875200,241664,42449090,407617
2-6-2021 18:11:23,1622671883.3608687,1500.0,83.5,656.6,234.77,7659.54,10.5,24014739,33380466,0.0003188283224592329,0.0004913951836823647,70.601,0,0,193.66,102.93,0.01,0.08,3.065121746764745,36476,269,173875200,241664,42527824,413442
2-6-2021 18:11:28,1622671888.3638573,1500.0,47.3,666.38,240.21,7664.24,10.5,24179017,33654659,0.00032835973433733374,0.0005480584170561887,70.114,0,0,201.03,107.51,0.01,0.08,3.0701314934501283,37506,276,173875200,241664,42608848,421597
2-6-2021 18:11:33,1622671893.3676388,1500.0,55.7,674.58,245.11,7671.06,10.5,24341143,33905604,0.00032400694984476626,0.000501510701730721,70.114,0,0,206.9,111.7,0.01,0.08,3.059516782651396,38532,281,173875200,241664,42687532,427420
2-6-2021 18:11:38,1622671898.3690414,1500.0,67.2,683.18,249.98,7677.59,10.5,24496848,34144094,0.0003113226667381086,0.00047684623352089864,70.114,0,0,212.56,115.91,0.01,0.08,3.065369754026398,39558,286,173875200,241664,42766208,433243
2-6-2021 18:11:43,1622671903.3739233,1500.0,47.2,690.58,254.32,7685.76,10.5,24648396,34367965,0.00030280035428360407,0.0004473052637700579,70.114,0,0,218.13,120.12,0.01,0.08,3.068296239713899,40582,290,173875200,241664,42843715,437903
2-6-2021 18:11:48,1622671908.3777833,1500.0,76.2,698.91,260.33,7691.28,10.5,24799424,34592092,0.00030182299284295426,0.00044790821514495866,71.088,0,0,223.81,125.42,0.01,0.08,3.0622944639819054,41606,294,173875200,241664,42921264,442563
2-6-2021 18:11:53,1622671913.3816447,900.0,19.3,705.38,263.98,7701.08,10.5,24947325,34801216,0.0002955737327034538,0.0004179252424113229,69.627,0,0,227.7,128.07,0.01,0.08,3.064377724979787,42630,298,173875200,241664,42998762,447223
2-6-2021 18:11:58,1622671918.3838527,1000.0,57.1,709.4,265.79,7715.07,10.5,25073686,34948568,0.0002526104475062201,0.0002945739164848058,69.14,0,0,229.44,129.18,0.01,0.08,3.072313957352671,43648,299,173875200,241664,43072790,448388
2-6-2021 18:12:3,1622671923.3877087,1500.0,15.2,713.62,267.67,7728.84,10.4,25202645,35103469,0.0002577192498175002,0.0003095632682944238,67.679,0,0,231.41,130.51,0.01,0.08,3.012395402937398,44666,300,173875200,241664,43146802,449553
2-6-2021 18:12:8,1622671928.393012,1500.0,70.1,721.55,272.1,7736.25,10.5,25458059,35352432,0.0005102867507970462,0.0004973984211463937,69.14,0,0,236.71,134.23,0.01,0.08,3.0680482324522464,45690,304,173875200,241664,43224337,454211
2-6-2021 18:12:13,1622671933.3969138,1500.0,86.0,731.29,276.32,7742.17,10.5,25625139,35607073,0.0003338994435694688,0.0005088848947209306,70.601,0,0,244.04,138.05,0.01,0.08,3.0641297177181346,46715,309,173875200,241664,43303026,460034
2-6-2021 18:12:18,1622671938.3999116,1500.0,64.6,739.28,280.96,7749.33,10.5,25779977,35840473,0.0003094904372578583,0.00046652028607954194,68.653,0,0,249.16,141.99,0.01,0.08,3.068990660046526,47746,314,173875200,241664,43382022,465859
2-6-2021 18:12:23,1622671943.4038262,1500.0,88.8,748.35,285.46,7755.69,10.5,26040003,36171952,0.0005196451599673508,0.0006624393636821605,70.601,0,0,256.01,145.88,0.01,0.08,3.065964971454364,48772,319,173875200,241664,43460705,471684
2-6-2021 18:12:28,1622671948.407966,1500.0,97.0,757.91,291.16,7760.23,10.5,26210110,36456656,0.0003399325588350747,0.0005689369586823653,71.088,0,0,263.04,150.92,0.01,0.08,3.0652209496694063,49800,325,173875200,241664,43540552,478674
2-6-2021 18:12:33,1622671953.4133034,1500.0,78.9,765.86,295.85,7767.36,10.5,26365734,36695560,0.0003109160985118206,0.00047729848608741573,69.627,0,0,268.49,154.74,0.01,0.08,3.0661137758113557,50826,330,173875200,241664,43619222,484499
2-6-2021 18:12:38,1622671958.4139807,1500.0,95.5,775.28,301.05,7772.52,10.5,26527319,36956013,0.0003231262262721615,0.0005208354427159903,72.062,0,0,275.71,159.54,0.01,0.08,3.0691394644035177,51854,336,173875200,241664,43699039,491489
2-6-2021 18:12:43,1622671963.4177866,1500.0,49.7,783.81,306.15,7778.67,10.5,26688808,37203642,0.0003227323441577058,0.0004948813086428706,71.088,0,0,281.96,164.01,0.01,0.08,3.0206292440242652,52880,341,173875200,241664,43777763,497314
2-6-2021 18:12:48,1622671968.422625,1500.0,63.0,791.17,310.81,7786.71,10.6,26834345,37416470,0.0002907926019390225,0.00042524449374027417,69.627,0,0,286.85,167.67,0.01,0.08,3.0748932328738583,53909,345,173875200,241664,43855616,501972
2-6-2021 18:12:53,1622671973.423858,1500.0,84.5,800.25,316.8,7791.61,10.5,26985776,37646151,0.00030278734097003194,0.0004592487618871823,70.601,0,0,293.41,173.16,0.01,0.08,3.0682466382615683,54938,349,173875200,241664,43933463,506632
2-6-2021 18:12:58,1622671978.4298575,1500.0,96.2,809.39,322.83,7796.37,10.5,27140977,37880603,0.0003100299909757179,0.00046834203029773655,71.575,0,0,300.1,178.45,0.01,0.08,3.067849826642924,55969,354,173875200,241664,44012461,512455
2-6-2021 18:13:3,1622671983.4337308,1500.0,92.9,819.76,327.84,7800.78,10.5,27305658,38146338,0.00032910705075709344,0.0005310586050177994,72.062,0,0,308.06,182.95,0.01,0.08,3.0671058048579662,57004,361,173875200,241664,44093773,520610
2-6-2021 18:13:8,1622671988.4338877,1500.0,69.4,828.89,333.09,7806.43,10.5,27467877,38399800,0.0003244278207900009,0.0005069080953098911,70.601,0,0,314.11,187.19,0.01,0.08,3.0702802978071198,58035,366,173875200,241664,44172761,526435
2-6-2021 18:13:13,1622671993.4378252,1500.0,62.5,836.02,337.33,7814.9,10.5,27617698,38616713,0.000299406218630758,0.0004334846323402834,70.114,0,0,318.92,190.84,0.01,0.08,3.0725123631619935,59064,370,173875200,241664,44250558,531095
2-6-2021 18:13:18,1622671998.4420247,1500.0,92.6,846.33,343.22,7818.45,10.5,27791219,38909179,0.00034675076369706343,0.0005844411273299795,72.062,0,0,327.27,196.22,0.01,0.08,3.062592072695889,60099,377,173875200,241664,44331880,539248
2-6-2021 18:13:23,1622672003.4438722,1500.0,45.1,853.5,347.57,7826.76,10.5,27942450,39131903,0.0003023502812342985,0.00044528346726284884,71.575,0,0,332.41,199.89,0.01,0.08,3.0678994280952545,61117,381,173875200,241664,44409065,543908
2-6-2021 18:13:28,1622672008.447609,1500.0,85.2,862.0,352.59,7833.0,10.5,28098987,39378727,0.00031284019985331054,0.0004932793492183542,72.062,0,0,338.42,204.46,0.01,0.08,3.068891457141865,62143,386,173875200,241664,44487741,549731
2-6-2021 18:13:33,1622672013.4561226,1500.0,48.0,870.45,358.51,7838.69,10.5,28256977,39625907,0.0003154428834759692,0.0004935196654066084,72.062,0,0,344.54,209.61,0.01,0.08,3.074149211088901,63169,391,173875200,241664,44566425,555556
2-6-2021 18:13:38,1622672018.46345,1500.0,53.6,880.32,363.92,7843.24,10.5,28421478,39889925,0.00032852056505747266,0.000527263314784371,72.549,0,0,352.08,214.51,0.01,0.08,3.075885261920469,64199,398,173875200,241664,44647451,563711
2-6-2021 18:13:43,1622672023.463815,1500.0,45.6,887.64,368.3,7851.44,10.5,28571661,40110755,0.00030034407375064315,0.00044162775950909574,71.575,0,0,356.74,218.2,0.01,0.08,3.0737523994702567,65216,401,173875200,241664,44723499,567206
2-6-2021 18:13:48,1622672028.4676213,1500.0,83.1,896.16,373.82,7857.16,10.6,28722788,40330156,0.000302024077972182,0.0004384682070786471,70.601,0,0,362.76,223.28,0.01,0.08,3.0694370731175007,66223,405,173875200,241664,44800070,571866
2-6-2021 18:13:53,1622672033.4714823,1500.0,53.0,903.47,377.99,7865.48,10.5,28872478,40543655,0.0002991490001054903,0.00042666853078710714,71.575,0,0,367.68,226.83,0.01,0.08,3.0636337031948293,67224,409,173875200,241664,44876303,576526
2-6-2021 18:13:58,1622672038.4743276,1500.0,94.2,912.93,385.18,7868.71,10.5,29032560,40794908,0.0003199819119044939,0.0005022202078418548,73.036,0,0,374.67,233.25,0.01,0.08,3.0750916386831806,68229,415,173875200,241664,44954832,583516
2-6-2021 18:14:3,1622672043.4782565,1500.0,62.6,922.08,389.93,7874.71,10.6,29197038,41060113,0.0003286977159242289,0.0005299935416997113,70.601,0,0,381.29,237.37,0.01,0.08,3.06556815983572,69234,421,173875200,241664,45033382,590504
2-6-2021 18:14:8,1622672048.484254,900.0,42.5,931.28,395.46,7879.98,10.5,29364335,41332227,0.0003341931407177565,0.0005435759893678404,72.549,0,0,388.5,242.4,0.01,0.08,3.0723635588050016,70239,427,173875200,241664,45111907,597494
2-6-2021 18:14:13,1622672053.4885929,1500.0,80.1,940.68,400.81,7885.15,10.5,29529217,41591834,0.0003294780802582445,0.0005187638188619867,71.088,0,0,394.89,246.99,0.01,0.08,3.069238667308179,71244,433,173875200,241664,45190474,604484
2-6-2021 18:14:18,1622672058.492511,1500.0,54.0,948.37,405.03,7893.07,10.5,29686376,41833088,0.00031407188253604904,0.0004821301863040104,72.062,0,0,400.42,250.87,0.01,0.08,3.070081891997798,72253,438,173875200,241664,45268193,610309
2-6-2021 18:14:23,1622672063.493833,1500.0,54.2,957.21,410.26,7898.9,10.5,29967775,42193277,0.0005626492320522438,0.0007201875779361889,72.549,0,0,406.2,255.41,0.01,0.08,3.0806470013441993,73262,443,173875200,241664,45345929,616132
2-6-2021 18:14:28,1622672068.4974077,1500.0,60.4,963.82,414.99,7907.29,10.5,30120501,42412542,0.0003052337816692082,0.00043821670925512973,71.575,0,0,410.48,259.52,0.01,0.08,3.0713715297583914,74269,447,173875200,241664,45422503,620792
2-6-2021 18:14:33,1622672073.5132964,1500.0,89.4,973.74,420.65,7911.71,10.6,30285962,42678789,0.00032987374759449044,0.0005308072335824774,72.062,0,0,418.13,264.4,0.01,0.08,3.0262342081376143,75291,453,173875200,241664,45502055,627782
2-6-2021 18:14:38,1622672078.513849,1500.0,49.5,985.3,426.02,7914.6,10.5,30459904,42984430,0.0003478455523342938,0.0006112144419461998,73.036,0,0,426.6,269.25,0.01,0.08,3.0664113845253387,76317,461,173875200,241664,45583947,637100
2-6-2021 18:14:43,1622672083.5209854,1500.0,59.6,993.52,431.5,7920.77,10.5,30620814,43229711,0.00032136133094035595,0.0004898628339716701,73.523,0,0,432.48,273.95,0.01,0.08,3.070032290545467,77337,466,173875200,241664,45662324,642923
2-6-2021 18:14:48,1622672088.5238996,1500.0,62.5,1000.2,436.23,7929.22,10.5,30765505,43425872,0.0002892134354028259,0.0003920934730014564,72.062,0,0,437.0,278.15,0.01,0.08,3.0153714900772295,78353,469,173875200,241664,45738399,646418
2-6-2021 18:14:53,1622672093.52719,1500.0,35.1,1008.57,441.39,7935.45,10.5,30923775,43668008,0.00031633182741402905,0.0004839535184351004,73.036,0,0,443.01,282.93,0.01,0.08,3.023059715188461,79373,474,173875200,241664,45816811,652243
2-6-2021 18:14:58,1622672098.531035,1500.0,96.7,1017.91,448.33,7938.93,10.5,31087838,43932492,0.00032787386654254286,0.0005285615386689132,73.523,0,0,450.53,289.25,0.01,0.08,3.0776213127520373,80395,480,173875200,241664,45896344,659233
2-6-2021 18:15:3,1622672103.5338814,1500.0,88.9,1027.5,453.64,7943.91,10.5,31252781,44207770,0.0003296983041127776,0.0005502427490682065,73.036,0,0,457.45,293.89,0.01,0.08,3.075290044492503,81419,487,173875200,241664,45977052,667386
2-6-2021 18:15:8,1622672108.5382204,1500.0,96.0,1036.41,459.67,7948.84,10.5,31415769,44463662,0.0003256933646191262,0.0005113402609953949,74.497,0,0,464.1,299.48,0.01,0.08,3.070875515235086,82439,492,173875200,241664,46055478,673211
2-6-2021 18:15:13,1622672113.5418806,1500.0,50.1,1046.61,464.82,7953.24,10.5,31583224,44742571,0.0003346650116892122,0.0005574099533918156,73.036,0,0,471.57,303.76,0.01,0.08,3.072115551543349,83463,499,173875200,241664,46136208,681366
2-6-2021 18:15:18,1622672118.5444381,1500.0,94.5,1055.21,469.89,7959.38,10.5,31744995,44989870,0.00032337659183213316,0.0004943451408688498,74.01,0,0,477.5,308.18,0.01,0.08,3.093444176045475,84483,504,173875200,241664,46214614,687191
2-6-2021 18:15:23,1622672123.5497346,1500.0,55.9,1064.61,475.02,7964.78,10.5,31904123,45239064,0.0003179192301474702,0.0004978606193590611,73.036,0,0,484.47,312.83,0.01,0.08,3.0717683413770356,85505,510,173875200,241664,46294185,694181
2-6-2021 18:15:28,1622672128.5534358,1500.0,54.1,1074.06,480.72,7969.54,10.5,32070823,45515390,0.0003331533858698729,0.0005522432063819945,72.549,0,0,491.22,317.89,0.01,0.08,3.071718739924705,86527,516,173875200,241664,46373714,701171
2-6-2021 18:15:33,1622672133.5549693,1000.0,43.6,1082.08,485.78,7976.34,10.6,32232242,45761984,0.0003227390154081771,0.0004930367847995839,72.549,0,0,497.08,322.14,0.01,0.08,3.0333272158208793,87547,521,173875200,241664,46452134,706996
2-6-2021 18:15:38,1622672138.5587728,1500.0,71.3,1090.3,491.29,7982.42,10.6,32388227,46000766,0.0003117328653335254,0.00047720099400628174,72.549,0,0,502.7,326.82,0.01,0.08,3.0673042106672885,88567,526,173875200,241664,46530534,712821
2-6-2021 18:15:43,1622672143.5589252,1500.0,92.8,1100.59,496.78,7986.43,10.6,32556271,46281222,0.00033607775974614723,0.0005608949095913301,74.01,0,0,510.94,332.08,0.01,0.08,3.074843631421528,89591,533,173875200,241664,46611243,720976
2-6-2021 18:15:48,1622672148.5626118,1500.0,85.4,1110.78,503.29,7989.57,10.6,32714158,46527634,0.0003155413408625718,0.0004924608921863614,74.01,0,0,518.32,337.78,0.01,0.08,3.072859573328307,90611,538,173875200,241664,46689619,726801
2-6-2021 18:15:53,1622672153.5638204,1500.0,62.3,1119.64,507.99,7995.77,10.6,32873741,46770108,0.0003190888734255126,0.000484830812147771,73.036,0,0,524.7,341.88,0.01,0.08,3.079059754869623,91631,543,173875200,241664,46768013,732626
2-6-2021 18:15:58,1622672158.5677617,1500.0,97.5,1128.71,513.24,8001.22,10.6,33030001,47010020,0.0003122738471714215,0.0004794460720759636,73.036,0,0,531.74,346.79,0.01,0.08,3.08263105943742,92657,548,173875200,241664,46846731,738451
2-6-2021 18:16:3,1622672163.5686986,1500.0,58.7,1138.69,518.97,8005.38,10.6,33192151,47272114,0.00032423923853838656,0.0005240897871444951,72.062,0,0,538.8,351.72,0.01,0.08,3.0734547907562733,93685,554,173875200,241664,46926607,745439
2-6-2021 18:16:8,1622672168.5713716,1500.0,67.4,1147.1,523.61,8012.19,10.5,33353704,47517962,0.000322933365590971,0.0004914332885418966,73.523,0,0,544.59,355.9,0.01,0.08,3.0190419975496883,94711,559,173875200,241664,47005323,751264
2-6-2021 18:16:13,1622672173.5739467,1500.0,95.3,1156.96,529.25,8016.46,10.5,33516674,47780748,0.0003257722169439692,0.0005253014530394422,74.497,0,0,552.27,361.06,0.01,0.08,3.068147435356907,95739,565,173875200,241664,47085210,758252
2-6-2021 18:16:18,1622672178.5777552,1500.0,94.3,1168.01,535.6,8018.95,10.5,33690495,48081051,0.0003473774027447012,0.0006001488668022966,74.497,0,0,560.7,366.8,0.01,0.08,3.0813910231291572,96765,573,173875200,241664,47167095,767568
2-6-2021 18:16:23,1622672183.5827315,1000.0,50.5,1175.9,539.81,8026.64,10.6,33996382,48455289,0.0006111657345423047,0.0007477318165323894,72.062,0,0,566.04,370.22,0.01,0.08,3.0419578685263904,97789,577,173875200,241664,47244632,772226
2-6-2021 18:16:28,1622672188.5859969,1500.0,94.5,1185.58,545.49,8031.13,10.6,34160749,48720422,0.00032851945177404893,0.0005299199219259882,74.01,0,0,573.33,375.2,0.01,0.08,3.0785141388939867,98822,583,173875200,241664,47324823,779216
2-6-2021 18:16:33,1622672193.5908952,1500.0,48.1,1192.84,549.98,8039.23,10.5,34311353,48944128,0.00030091320678361083,0.00044697411646924684,73.523,0,0,578.23,379.08,0.01,0.08,3.072313957352671,99851,587,173875200,241664,47402690,783876
2-6-2021 18:16:38,1622672198.5946739,1500.0,48.4,1203.14,554.82,8043.91,10.6,34477723,49213078,0.0003324887252327817,0.000537493794862996,74.984,0,0,585.95,383.5,0.01,0.08,3.0710739210444085,100886,594,173875200,241664,47484018,792029
2-6-2021 18:16:43,1622672203.5983517,1500.0,62.4,1210.82,559.22,8051.55,10.6,34632801,49443058,0.00030992802655136197,0.000459621916366488,72.062,0,0,590.64,387.07,0.01,0.08,3.069833884736145,101915,598,173875200,241664,47561872,796685
2-6-2021 18:16:48,1622672208.6041226,1500.0,81.3,1218.23,564.62,8058.6,10.6,34779320,49656752,0.00029270017004699765,0.0004268952841476062,74.01,0,0,595.9,392.01,0.01,0.08,3.0769764938717405,102944,602,173875200,241664,47639758,801345
2-6-2021 18:16:53,1622672213.6139538,1500.0,42.7,1226.46,568.92,8065.84,10.5,34934784,49881843,0.00031031784126165274,0.0004492985720644437,73.523,0,0,601.66,395.77,0.01,0.08,3.019686816429985,103973,606,173875200,241664,47717655,806005
2-6-2021 18:16:58,1622672218.6177952,1500.0,89.9,1235.08,576.49,8069.51,10.6,35098678,50143409,0.0003275363603554703,0.0005227303966755277,74.01,0,0,607.92,402.36,0.01,0.08,3.069933087640806,105006,612,173875200,241664,47797838,812995
2-6-2021 18:17:3,1622672223.6194124,1500.0,80.2,1243.69,581.52,8075.78,10.6,35258705,50393594,0.0003199505156389437,0.000500208213333557,73.523,0,0,614.41,406.8,0.01,0.08,3.0769764938717405,106037,617,173875200,241664,47876866,818818
2-6-2021 18:17:8,1622672228.6235025,1500.0,52.1,1252.26,586.43,8082.29,10.6,35422733,50651859,0.00032778786488999427,0.0005161078165058061,73.523,0,0,620.38,411.06,0.01,0.08,3.0781173272753426,107070,623,173875200,241664,47957075,825808
2-6-2021 18:17:13,1622672233.623882,1500.0,41.7,1259.42,590.81,8090.67,10.6,35568421,50852092,0.00029135388260549986,0.00040043560194214385,72.062,0,0,624.89,414.83,0.01,0.08,3.079010153417292,108097,626,173875200,241664,48033787,829303
2-6-2021 18:17:18,1622672238.6438606,1500.0,52.0,1268.27,595.54,8097.1,10.5,35729572,51104257,0.0003210193016832424,0.0005023228661873325,73.523,0,0,631.2,419.31,0.01,0.08,3.0742980154458923,109125,632,173875200,241664,48113671,836293
2-6-2021 18:17:23,1622672243.645226,1500.0,57.7,1275.12,600.71,8104.96,10.6,35884069,51330084,0.0003089096415215972,0.00045153069390277954,72.062,0,0,635.65,423.19,0.01,0.08,3.0753396459448332,110149,636,173875200,241664,48191232,840951
2-6-2021 18:17:28,1622672248.64993,1500.0,51.1,1283.86,605.57,8111.18,10.5,36042752,51573508,0.00031706770279616505,0.0004863904040474007,73.036,0,0,642.28,427.56,0.01,0.08,3.0368489189363466,111175,641,173875200,241664,48269967,846774
2-6-2021 18:17:33,1622672253.6684885,1500.0,97.0,1295.05,611.67,8113.87,10.6,36215738,51869505,0.00034469260430910966,0.0005898048211860123,74.497,0,0,650.74,432.92,0.01,0.08,3.0782165301800037,112205,648,173875200,241664,48351015,854929
2-6-2021 18:17:38,1622672258.672314,1500.0,88.8,1305.31,616.71,8118.46,10.5,36376801,52124782,0.0003218797345723527,0.000510163681307479,74.01,0,0,658.33,437.43,0.01,0.08,3.0733555878516126,113233,654,173875200,241664,48430894,861919
2-6-2021 18:17:43,1622672263.6738603,1500.0,94.5,1313.7,622.36,8124.38,10.6,36536954,52382502,0.00032020696748394486,0.0005152806357668121,73.523,0,0,664.09,442.43,0.01,0.08,3.0719667471863574,114261,660,173875200,241664,48510761,868907
2-6-2021 18:17:48,1622672268.6776543,1500.0,63.3,1322.48,628.19,8129.54,10.6,36696390,52617469,0.0003186302262615919,0.0004695776886901795,73.523,0,0,670.41,447.76,0.01,0.08,3.069734681831484,115287,665,173875200,241664,48589463,874732
2-6-2021 18:17:53,1622672273.6815095,1500.0,82.7,1331.78,634.91,8133.42,10.6,36853644,52868159,0.0003142656867983089,0.0005009937109610443,73.523,0,0,677.19,453.6,0.01,0.08,3.0742980154458923,116308,670,173875200,241664,48667897,880555
2-6-2021 18:17:58,1622672278.6851935,1500.0,49.5,1339.4,640.69,8139.9,10.5,37004627,53087219,0.00030174367261365763,0.0004377974270132919,73.036,0,0,682.71,458.96,0.01,0.08,3.0264326139469366,117327,674,173875200,241664,48745146,885215
2-6-2021 18:18:3,1622672283.689104,1500.0,90.3,1349.21,645.94,8144.7,10.6,37171968,53363652,0.00033442044699041667,0.0005524339368290009,73.523,0,0,690.1,463.6,0.01,0.08,3.077522109847376,118352,681,173875200,241664,48825872,893370
2-6-2021 18:18:8,1622672288.689802,1500.0,74.2,1360.64,652.16,8146.81,10.6,37346290,53660611,0.00034859534646515354,0.0005938351182922725,73.523,0,0,698.56,469.04,0.01,0.08,3.0714211312107222,119377,688,173875200,241664,48906638,901523
2-6-2021 18:18:13,1622672293.693368,1500.0,94.5,1369.85,657.53,8152.12,10.6,37510992,53925772,0.00032916923474483114,0.0005299440410813116,73.036,0,0,705.34,473.93,0.01,0.08,3.0753892473971636,120400,694,173875200,241664,48986212,908513
2-6-2021 18:18:18,1622672298.693816,1500.0,67.6,1378.31,662.3,8158.63,10.6,37670101,54168999,0.0003181894909528017,0.00048641041874423883,74.01,0,0,711.47,478.08,0.01,0.08,3.064526529336779,121421,699,173875200,241664,49064606,914338
2-6-2021 18:18:23,1622672303.6976964,1500.0,44.4,1389.36,666.88,8162.92,10.6,37997926,54583899,0.0006551415445433146,0.000829156491515355,73.523,0,0,719.54,481.98,0.01,0.08,3.072859573328307,122442,704,173875200,241664,49143026,920163
2-6-2021 18:18:28,1622672308.6985433,1500.0,96.0,1400.31,673.43,8165.34,10.6,38173968,54884669,0.00035202437673062574,0.0006014381328845975,74.497,0,0,727.58,487.93,0.01,0.08,3.0769764938717405,123469,712,173875200,241664,49224937,929479
2-6-2021 18:18:33,1622672313.7024987,1500.0,68.0,1408.07,678.84,8172.0,10.6,38331838,55126265,0.0003154904240924981,0.00048281006207038173,74.01,0,0,733.06,492.54,0.01,0.08,3.072958776232968,124490,717,173875200,241664,49303353,935304
2-6-2021 18:18:38,1622672318.703845,1500.0,50.0,1415.72,683.19,8179.92,10.6,38483891,55352019,0.0003040241354383078,0.0004513864551948316,73.523,0,0,738.82,496.72,0.01,0.08,3.0803989940825467,125511,722,173875200,241664,49381761,941129
2-6-2021 18:18:43,1622672323.7075126,1500.0,45.0,1423.16,687.32,8188.15,10.6,38636365,55574957,0.0003047244789266906,0.0004455491813880304,73.523,0,0,743.91,500.08,0.01,0.08,3.074446819802884,126530,726,173875200,241664,49459010,945789
2-6-2021 18:18:48,1622672328.7112172,1500.0,75.6,1431.82,692.65,8194.1,10.5,38790773,55804014,0.0003085873646663577,0.00045777483024442967,74.01,0,0,749.75,504.68,0.01,0.08,3.025341381995665,127549,730,173875200,241664,49536261,950447
2-6-2021 18:18:53,1622672333.7138288,1500.0,56.7,1440.24,697.37,8200.88,10.6,38941644,56027549,0.00030158447415876697,0.000446836604987572,72.549,0,0,755.51,508.64,0.01,0.08,3.0725123631619935,128568,734,173875200,241664,49613516,955107
2-6-2021 18:18:58,1622672338.7184985,1500.0,48.9,1447.99,702.2,8208.21,10.6,39091710,56240251,0.0002998519582836655,0.00042500707176077335,73.036,0,0,760.96,513.14,0.01,0.08,3.0274246429935467,129587,738,173875200,241664,49690795,959767
2-6-2021 18:19:3,1622672343.7199378,1500.0,66.5,1457.79,707.75,8212.82,10.6,39253270,56500799,0.00032302701131499726,0.0005209460370394894,72.549,0,0,767.77,517.79,0.01,0.08,3.0737523994702567,130610,744,173875200,241664,49770392,966757
2-6-2021 18:19:8,1622672348.7421825,1500.0,50.6,1466.82,712.72,8218.76,10.6,39437711,56751927,0.0003672481356779628,0.0005000313911577982,74.497,0,0,774.26,522.18,0.01,0.08,3.0721651529956797,131631,749,173875200,241664,49848814,972582
2-6-2021 18:19:13,1622672353.7439468,1500.0,65.8,1475.6,717.32,8225.13,10.6,39601876,56988675,0.0003282141865072177,0.00047332898137368367,72.549,0,0,779.52,525.9,0.01,0.08,3.0776213127520373,132657,754,173875200,241664,49927556,978405
2-6-2021 18:19:18,1622672358.7479026,1500.0,95.0,1485.0,722.61,8230.29,10.6,39761272,57247632,0.0003185399812922668,0.000517504566836693,73.523,0,0,786.78,530.83,0.01,0.08,3.0771748996810624,133679,760,173875200,241664,50007115,985393
2-6-2021 18:19:23,1622672363.751816,1500.0,62.8,1493.22,727.79,8236.83,10.6,39922666,57493215,0.0003225355577047269,0.0004907818745913723,73.036,0,0,792.37,535.22,0.01,0.08,3.0772741025857235,134699,765,173875200,241664,50085515,991218
2-6-2021 18:19:28,1622672368.7538393,1500.0,62.9,1502.17,732.32,8243.31,10.6,40080683,57735404,0.0003159061704596271,0.00048418207862094986,74.01,0,0,799.02,539.04,0.01,0.08,3.087243994504159,135719,770,173875200,241664,50163911,997043
2-6-2021 18:19:33,1622672373.757733,1500.0,81.0,1511.15,737.09,8249.37,10.5,40237762,57976635,0.0003139135334173311,0.0004820865652302103,74.01,0,0,805.55,543.42,0.01,0.08,3.054705441775335,136728,775,173875200,241664,50241683,1002868
2-6-2021 18:19:38,1622672378.7614975,1500.0,66.1,1519.49,741.78,8256.2,10.6,40395716,58225092,0.0003156703386870608,0.0004965401657392093,72.062,0,0,811.08,547.1,0.01,0.08,3.0818870376524625,137737,780,173875200,241664,50319465,1008693
2-6-2021 18:19:43,1622672383.7645276,1500.0,54.1,1528.83,747.25,8261.15,10.6,40555374,58487467,0.00031912260776033275,0.000524432187620522,74.01,0,0,818.26,552.12,0.01,0.08,3.0799525810115718,138748,786,173875200,241664,50398398,1015681
2-6-2021 18:19:48,1622672388.768248,1500.0,81.8,1537.67,753.11,8266.22,10.6,40704014,58702119,0.0002970589571272864,0.0004289847905361025,73.523,0,0,824.49,557.38,0.01,0.08,3.0792085592266143,139755,790,173875200,241664,50475003,1020341
2-6-2021 18:19:53,1622672393.7720835,1500.0,65.3,1545.06,757.4,8274.32,10.6,40856836,58915011,0.00030540972388514803,0.00042545763657953,73.036,0,0,829.34,561.21,0.01,0.08,3.0814902260338184,140760,793,173875200,241664,50550457,1023836
2-6-2021 18:19:58,1622672398.7738662,1500.0,72.1,1553.97,762.99,8279.67,10.6,41009928,59147597,0.0003060748747749952,0.0004650062108040723,73.036,0,0,835.46,565.97,0.01,0.08,3.0780677258230122,141769,798,173875200,241664,50628229,1029661
2-6-2021 18:20:3,1622672403.777775,1500.0,67.0,1561.21,767.41,8287.86,10.6,41162626,59369312,0.0003051574356919208,0.00044308360852423885,73.036,0,0,840.13,569.83,0.01,0.08,3.077522109847376,142776,802,173875200,241664,50704846,1034319
2-6-2021 18:20:8,1622672408.7817276,1500.0,94.8,1570.18,772.69,8293.5,10.6,41323100,59620914,0.0003206944907994998,0.0005028065311149204,74.497,0,0,846.88,574.63,0.01,0.08,3.0746452256122057,143785,807,173875200,241664,50782630,1040144
2-6-2021 18:20:13,1622672413.7838383,1500.0,52.4,1579.8,778.41,8297.96,10.6,41486919,59889525,0.0003274997479673026,0.0005369953106858491,73.036,0,0,854.15,579.76,0.01,0.08,3.083474284127039,144798,814,173875200,241664,50862784,1048299
2-6-2021 18:20:18,1622672418.7876382,1500.0,95.5,1588.33,783.17,8304.57,10.6,41649182,60141455,0.00032427955303210136,0.0005034773657295704,74.01,0,0,860.18,583.73,0.01,0.08,3.0765796822530964,145807,819,173875200,241664,50940593,1054122
2-6-2021 18:20:23,1622672423.7892592,1500.0,95.7,1598.69,788.31,8308.78,10.6,42004039,60590497,0.0007094839841686076,0.0008977929341087815,74.497,0,0,867.55,587.99,0.01,0.08,3.085210334958608,146818,825,173875200,241664,51019509,1061112
2-6-2021 18:20:28,1622672428.793149,1500.0,96.5,1608.42,793.79,8313.39,10.6,42169582,60856453,0.0003308286286184354,0.0005314985155086268,74.497,0,0,874.65,592.87,0.01,0.08,3.086499972719201,147829,831,173875200,241664,51098443,1068100
2-6-2021 18:20:33,1622672433.7954438,1500.0,61.7,1616.21,798.6,8320.68,10.6,42321340,61079700,0.0003033767634855009,0.0004462891730112918,73.523,0,0,880.16,597.16,0.01,0.08,3.0837718928410225,148836,835,173875200,241664,51175061,1072758
2-6-2021 18:20:38,1622672438.8002317,1500.0,52.6,1625.03,803.61,8326.82,10.6,42478356,61319386,0.0003137315755434006,0.00047891340000825094,73.523,0,0,886.18,601.36,0.01,0.08,3.0609056233166507,149845,840,173875200,241664,51252882,1078583
2-6-2021 18:20:43,1622672443.803866,1500.0,52.0,1633.7,807.93,8333.61,10.6,42635123,61557235,0.0003133062755642688,0.00047535249342454575,72.549,0,0,892.34,604.96,0.01,0.08,3.1010331982520447,150854,845,173875200,241664,51330671,1084408
2-6-2021 18:20:48,1622672448.8053706,1500.0,55.8,1642.41,813.75,8338.97,10.6,42785920,61775442,0.00030150326803948417,0.0004362827086022382,74.497,0,0,898.62,610.13,0.01,0.08,3.019141200454349,151867,849,173875200,241664,51407643,1089068
2-6-2021 18:20:53,1622672453.8097408,1500.0,47.7,1651.75,819.08,8344.09,10.6,42943915,62018527,0.000315714052496802,0.00048574543783781206,74.497,0,0,905.24,614.96,0.01,0.08,3.0460251876174937,152882,854,173875200,241664,51485718,1094891
2-6-2021 18:20:58,1622672458.8148365,1500.0,63.6,1659.78,825.27,8349.71,10.7,43098802,62255116,0.0003094586170891263,0.00047269625442096047,72.549,0,0,910.69,620.19,0.01,0.08,3.083275878317717,153891,859,173875200,241664,51563481,1100716
2-6-2021 18:21:3,1622672463.817298,1500.0,94.0,1668.86,830.62,8355.05,10.6,43264614,62520878,0.0003314608262495899,0.000531262466562996,73.036,0,0,917.28,625.18,0.01,0.08,3.0809446100581823,154902,865,173875200,241664,51642457,1107706
2-6-2021 18:21:8,1622672468.8310225,1500.0,94.2,1677.72,835.2,8361.33,10.6,43422540,62762776,0.0003149873869947266,0.0004824716572271214,73.523,0,0,923.57,629.29,0.01,0.08,3.082383052175768,155911,870,173875200,241664,51720234,1113529
2-6-2021 18:21:13,1622672473.833873,1500.0,64.2,1687.12,839.68,8367.31,10.6,43581122,63006087,0.0003169832857663811,0.00048634473170412756,74.497,0,0,930.57,633.06,0.01,0.08,3.0816886318431402,156920,875,173875200,241664,51797993,1119354
2-6-2021 18:21:18,1622672478.838456,1500.0,79.9,1697.0,844.68,8372.43,10.6,43746805,63271107,0.00033106255587915854,0.0005295546227379671,73.036,0,0,937.41,637.44,0.01,0.08,3.0871943930518286,157931,881,173875200,241664,51876943,1126344
2-6-2021 18:21:23,1622672483.8423762,1500.0,69.1,1705.85,849.22,8378.83,10.7,43903043,63510785,0.0003122311909697954,0.0004789804489897376,73.523,0,0,943.74,641.37,0.01,0.08,3.08263105943742,158940,886,173875200,241664,51954692,1132169
2-6-2021 18:21:28,1622672488.8439171,1500.0,59.1,1714.15,854.34,8385.31,10.6,44058134,63749488,0.00031008643760651347,0.0004772589184155598,73.036,0,0,949.85,646.02,0.01,0.08,3.0559454780835984,159949,891,173875200,241664,52032509,1137994
2-6-2021 18:21:33,1622672493.8476465,1500.0,66.0,1722.42,859.28,8391.88,10.7,44217029,63998696,0.0003175531470524695,0.0004980445241867385,73.523,0,0,955.68,650.32,0.01,0.08,3.047810839901392,160953,896,173875200,241664,52109996,1143819
2-6-2021 18:21:38,1622672498.851403,1500.0,64.2,1732.85,864.66,8395.98,10.6,44380434,64264970,0.0003265646504672641,0.0005321481945994326,73.036,0,0,962.94,654.94,0.01,0.08,3.085359139315599,161959,902,173875200,241664,52188618,1150809
2-6-2021 18:21:43,1622672503.8541331,1500.0,76.3,1741.05,869.79,8402.49,10.6,44538756,64509513,0.0003164711984246654,0.0004888190919541375,74.497,0,0,969.02,659.78,0.01,0.08,3.065270551121737,162963,907,173875200,241664,52266103,1156634
2-6-2021 18:21:48,1622672508.8582244,1500.0,78.6,1749.05,875.03,8409.09,10.6,44686131,64724174,0.00029450901724167503,0.00042897099338500564,73.036,0,0,974.26,664.36,0.01,0.08,3.086946385790176,163965,911,173875200,241664,52342389,1161294
2-6-2021 18:21:53,1622672513.8622537,1500.0,68.1,1758.16,880.53,8414.39,10.7,44844772,64972899,0.0003170265226558264,0.0004970494503159361,73.036,0,0,981.12,669.35,0.01,0.08,3.0263334110422755,164974,916,173875200,241664,52420186,1167119
2-6-2021 18:21:58,1622672518.8641927,1500.0,47.1,1765.24,885.11,8422.65,10.6,44987616,65176973,0.0002855772498124731,0.00040798977680708067,74.01,0,0,985.75,673.57,0.01,0.08,3.08545834222026,165981,920,173875200,241664,52496822,1171779
2-6-2021 18:22:3,1622672523.8682706,1500.0,66.2,1772.87,889.94,8430.05,10.6,45144905,65412222,0.00031432164483769876,0.00047011458287880137,73.036,0,0,990.41,677.32,0.01,0.08,3.0894264584067024,166988,924,173875200,241664,52573436,1176439
2-6-2021 18:22:8,1622672528.8722103,1500.0,59.3,1784.31,895.07,8433.3,10.6,45318718,65702588,0.00034735231217925786,0.0005802747865708686,74.497,0,0,999.31,681.97,0.01,0.08,3.08922805259738,168001,931,173875200,241664,52653553,1184592
2-6-2021 18:22:13,1622672533.8752432,1500.0,52.0,1794.73,900.08,8437.8,10.6,45484348,65969440,0.0003310591846138252,0.0005333804596544617,74.01,0,0,1007.17,686.28,0.01,0.08,3.0429002961206706,169012,937,173875200,241664,52732511,1191578
2-6-2021 18:22:18,1622672538.8792603,1500.0,92.6,1805.91,904.41,8442.24,10.7,45750805,66336993,0.0005324861883874826,0.0007345158731066716,73.523,0,0,1015.84,689.85,0.01,0.08,3.0962714588283142,170023,943,173875200,241664,52811468,1198568
2-6-2021 18:22:23,1622672543.883015,1500.0,86.5,1816.14,909.49,8446.74,10.7,46019464,66681271,0.0005369148182297953,0.0006880393353303536,73.523,0,0,1022.43,694.09,0.01,0.08,3.079555769392928,171032,948,173875200,241664,52889237,1204393
2-6-2021 18:22:28,1622672548.8838224,1500.0,72.5,1823.66,913.65,8454.93,10.7,46169586,66898643,0.00030019551699943177,0.0004346737981188665,74.01,0,0,1027.47,697.67,0.01,0.08,3.086103161100557,172045,952,173875200,241664,52966199,1209051
2-6-2021 18:22:33,1622672553.887739,1500.0,51.9,1830.73,918.11,8463.2,10.6,46320327,67117571,0.0003012460338612443,0.00043751329566059984,73.036,0,0,1032.59,701.77,0.01,0.08,3.065667362740381,173058,956,173875200,241664,53043195,1213711
2-6-2021 18:22:38,1622672558.8918633,1500.0,92.3,1840.55,923.32,8468.12,10.7,46486084,67390438,0.000331240765918273,0.0005452842056372967,73.523,0,0,1040.05,706.0,0.01,0.08,3.075290044492503,174075,962,173875200,241664,53122522,1220701
2-6-2021 18:22:43,1622672563.8941352,1500.0,51.4,1849.41,928.87,8473.68,10.6,46644326,67636204,0.0003163402619039687,0.0004913087600453152,74.01,0,0,1046.35,711.15,0.01,0.08,3.0859047552912346,175090,967,173875200,241664,53200649,1226522
2-6-2021 18:22:48,1622672568.8986216,1500.0,65.9,1857.97,934.86,8478.97,10.7,46793116,67856877,0.00029731323139785704,0.00044095035091242223,73.036,0,0,1052.22,716.61,0.01,0.08,3.0884344293600914,176103,971,173875200,241664,53277627,1231182
2-6-2021 18:22:53,1622672573.9025102,1500.0,53.3,1868.22,941.13,8482.34,10.7,46963889,68136733,0.0003412805787887552,0.0005592770382759914,74.984,0,0,1059.99,721.92,0.01,0.08,3.0765796822530964,177122,978,173875200,241664,53358054,1239337
2-6-2021 18:22:58,1622672578.9038584,1500.0,94.5,1877.18,946.68,8487.67,10.6,47116099,68374707,0.0003043379348458503,0.00047581969454704937,74.984,0,0,1066.24,727.07,0.01,0.08,3.08922805259738,178137,983,173875200,241664,53436161,1245158
2-6-2021 18:23:3,1622672583.9076512,1000.0,48.4,1884.88,951.18,8495.39,10.6,47272146,68604299,0.0003118574397434502,0.0004588359488204081,73.036,0,0,1071.77,730.69,0.01,0.08,3.0495468907329606,179150,987,173875200,241664,53513173,1249818
2-6-2021 18:23:8,1622672588.913989,1500.0,74.4,1894.43,955.71,8501.07,10.6,47429546,68846236,0.0003144014721710814,0.0004832614293053044,74.497,0,0,1078.56,734.72,0.01,0.08,3.041362651098424,180165,992,173875200,241664,53591314,1255643
2-6-2021 18:23:13,1622672593.919259,1500.0,94.2,1905.75,961.37,8503.89,10.7,47601529,69135171,0.0003436038412577076,0.0005772615658163641,74.984,0,0,1086.86,739.93,0.01,0.08,3.047860441353723,181184,999,173875200,241664,53671731,1263796
2-6-2021 18:23:18,1622672598.9229844,1500.0,69.5,1914.44,966.02,8510.28,10.7,47757808,69374137,0.000312325299518348,0.0004775761780194495,74.01,0,0,1092.75,743.82,0.01,0.08,3.090864900524287,182199,1004,173875200,241664,53749866,1269621
2-6-2021 18:23:23,1622672603.9238765,1500.0,48.5,1921.92,970.35,8518.32,10.6,47911526,69602302,0.0003073811532232589,0.0004562485904395378,73.523,0,0,1098.19,747.74,0.01,0.08,3.091856929570898,183212,1008,173875200,241664,53826831,1274281
2-6-2021 18:23:28,1622672608.9276276,1500.0,48.6,1930.6,975.04,8524.85,10.6,48068984,69844546,0.000314679924634253,0.00048412480574565905,74.01,0,0,1104.43,751.78,0.01,0.08,3.0954778355910264,184229,1014,173875200,241664,53906138,1281271
2-6-2021 18:23:33,1622672613.9286983,1500.0,82.7,1941.68,981.25,8527.43,10.7,48245943,70146848,0.000353842225548032,0.0006044745532446565,73.523,0,0,1112.31,757.06,0.01,0.08,3.0872935959564898,185248,1021,173875200,241664,53986600,1289424
2-6-2021 18:23:38,1622672618.9357526,1500.0,54.4,1949.57,985.86,8534.89,10.6,48398267,70372906,0.0003042187881210839,0.00045147902369341655,74.01,0,0,1117.98,761.18,0.01,0.08,3.0902200816439906,186261,1025,173875200,241664,54063581,1294084
2-6-2021 18:23:43,1622672623.9395776,1500.0,54.6,1958.42,990.83,8541.0,10.7,48561466,70629883,0.00032614849970718374,0.0005135611309459798,73.523,0,0,1124.08,765.57,0.01,0.08,3.0853095378632687,187278,1031,173875200,241664,54142918,1301074
2-6-2021 18:23:48,1622672628.9434378,1500.0,66.5,1966.55,995.13,8548.34,10.7,48705545,70824462,0.00028793570009421227,0.00038885778349816234,74.01,0,0,1130.03,769.18,0.01,0.08,3.0356584840804137,188289,1034,173875200,241664,54218726,1304569
2-6-2021 18:23:53,1622672633.9438338,1500.0,82.3,1977.56,1001.01,8551.41,10.6,48868996,71096005,0.0003268761105451767,0.0005430429895550894,74.01,0,0,1137.93,774.53,0.01,0.08,3.0541598257996996,189306,1040,173875200,241664,54298015,1311559
2-6-2021 18:23:58,1622672638.9478326,1500.0,95.5,1986.27,1007.07,8556.5,10.7,49026091,71337343,0.0003139389269407916,0.0004822902877242226,74.497,0,0,1143.74,779.85,0.01,0.08,3.084367110268989,190321,1045,173875200,241664,54376132,1317382
2-6-2021 18:24:3,1622672643.9517436,1500.0,94.4,1996.53,1012.41,8560.68,10.7,49196772,71623722,0.00034109519408589436,0.0005723103367517435,74.01,0,0,1151.68,784.77,0.01,0.08,3.1044060970105205,191340,1052,173875200,241664,54456567,1325535
2-6-2021 18:24:8,1622672648.9538512,1500.0,91.0,2005.87,1017.95,8565.54,10.7,49364601,71892214,0.0003355165716965772,0.0005367577437031585,74.497,0,0,1158.61,789.56,0.01,0.08,3.0845159146259804,192357,1058,173875200,241664,54535865,1332525
2-6-2021 18:24:13,1622672653.957744,1500.0,51.5,2014.61,1023.18,8571.4,10.6,49524544,72144827,0.0003196371522395794,0.0005048329713629035,74.984,0,0,1165.11,794.32,0.01,0.08,3.094337002187424,193372,1063,173875200,241664,54614018,1338350
2-6-2021 18:24:18,1622672658.9616292,1500.0,66.4,2023.19,1027.93,8577.97,10.7,49904686,72608474,0.000759693677116285,0.0009265740021200872,73.523,0,0,1170.56,798.1,0.01,0.08,3.0937417847594575,194382,1068,173875200,241664,54691849,1344175
2-6-2021 18:24:23,1622672663.9686785,1500.0,84.5,2033.0,1034.06,8581.8,10.7,50076875,72877873,0.0003438931572713355,0.0005380394373376959,74.497,0,0,1177.49,803.57,0.01,0.08,3.0956762414003482,195394,1074,173875200,241664,54770871,1351165
2-6-2021 18:24:28,1622672668.972584,1500.0,58.4,2042.6,1039.18,8587.11,10.7,50236125,73136041,0.0003182514116109086,0.0005159330011476612,73.523,0,0,1184.53,808.15,0.01,0.08,3.0977099009458997,196406,1080,173875200,241664,54849875,1358153
2-6-2021 18:24:33,1622672673.9738464,1500.0,78.5,2051.43,1044.17,8593.16,10.7,50398714,73384470,0.000325095918067638,0.0004967325823372138,74.01,0,0,1190.7,812.47,0.01,0.08,3.0484556587816893,197416,1085,173875200,241664,54927712,1363978
2-6-2021 18:24:38,1622672678.978506,1500.0,52.8,2061.66,1049.8,8597.19,10.7,50565445,73660538,0.0003331515259178858,0.0005516219266788954,74.497,0,0,1198.41,817.67,0.01,0.08,3.0938409876641186,198430,1092,173875200,241664,55007873,1372133
2-6-2021 18:24:43,1622672683.981956,1500.0,94.5,2072.61,1054.77,8601.06,10.7,50727978,73925726,0.00032484186451627967,0.000530010301706996,75.471,0,0,1206.42,822.05,0.01,0.08,3.0944858065444154,199442,1098,173875200,241664,55086887,1379123
2-6-2021 18:24:48,1622672688.9842665,1500.0,74.4,2081.45,1060.25,8606.53,10.6,50882352,74157126,0.0003086053925562257,0.00046258623756274125,75.471,0,0,1212.72,826.98,0.01,0.08,3.0925017484511947,200450,1102,173875200,241664,55163557,1383783
2-6-2021 18:24:53,1622672693.9881234,1500.0,70.8,2089.69,1065.67,8612.67,10.7,51038386,74391346,0.0003118274626968362,0.00046807893351995695,73.523,0,0,1218.35,831.65,0.01,0.08,3.0927993571651777,201460,1107,173875200,241664,55241370,1389608
2-6-2021 18:24:58,1622672698.99202,1500.0,93.7,2100.46,1071.37,8616.0,10.7,51202070,74656046,0.0003271130824210164,0.0005289877624987356,73.523,0,0,1227.12,836.78,0.01,0.08,3.0818870376524625,202472,1113,173875200,241664,55320372,1396598
2-6-2021 18:25:3,1622672703.9938624,1500.0,94.3,2111.69,1077.16,8618.86,10.7,51376477,74947752,0.0003486855094748868,0.0005831970920139749,74.497,0,0,1235.35,841.8,0.01,0.08,3.0907656976196263,203486,1120,173875200,241664,55400531,1404753
2-6-2021 18:25:8,1622672708.9977703,1500.0,77.0,2121.76,1082.32,8623.41,10.7,51540346,75210916,0.00032748204534315017,0.0005259169518376555,74.01,0,0,1242.73,846.16,0.01,0.08,3.093444176045475,204498,1126,173875200,241664,55479535,1411743
2-6-2021 18:25:14,1622672714.001674,1000.0,47.3,2132.24,1087.7,8627.41,10.6,51706583,75482455,0.00033221463157259284,0.0005426543359335784,74.497,0,0,1250.7,851.28,0.01,0.08,3.089029646788058,205510,1132,173875200,241664,55558522,1418731
2-6-2021 18:25:19,1622672719.0045528,1500.0,74.7,2140.79,1092.79,8633.59,10.7,51862134,75725048,0.00031092297649854564,0.0004849067999415734,73.523,0,0,1256.36,855.52,0.01,0.08,3.094733813806068,206520,1137,173875200,241664,55636341,1424556
2-6-2021 18:25:24,1622672724.0085232,1500.0,96.5,2148.78,1097.51,8640.58,10.7,52020882,75968854,0.00031724408379519263,0.000487225105788865,74.984,0,0,1261.95,859.77,0.01,0.08,3.099247545968146,207530,1142,173875200,241664,55714138,1430381
2-6-2021 18:25:29,1622672729.0123446,1500.0,54.0,2156.25,1102.16,8648.37,10.7,52174024,76188686,0.00030605009368793343,0.00043932823259201125,73.036,0,0,1267.01,863.52,0.01,0.08,3.050786927041224,208538,1146,173875200,241664,55790794,1435041
2-6-2021 18:25:34,1622672734.013924,1500.0,94.7,2164.52,1107.14,8654.93,10.7,52331917,76430200,0.00031568628829700094,0.00048287548043144334,74.01,0,0,1272.55,867.92,0.01,0.08,3.0941881978304324,209548,1151,173875200,241664,55868595,1440864
2-6-2021 18:25:39,1622672739.0183067,1500.0,93.3,2173.41,1112.02,8661.11,10.6,52491149,76678822,0.0003181850885771125,0.0004968085126872668,74.984,0,0,1279.1,872.1,0.01,0.08,3.100487582276409,210558,1156,173875200,241664,55946436,1446689
2-6-2021 18:25:44,1622672744.0239408,1500.0,56.6,2182.55,1116.96,8666.96,10.6,52650675,76923594,0.00031869289242263604,0.0004889929959008154,74.497,0,0,1285.57,876.52,0.01,0.08,3.0982555169215353,211568,1161,173875200,241664,56024259,1452514
2-6-2021 18:25:49,1622672749.027737,1500.0,14.5,2189.01,1120.41,8676.8,10.6,52791996,77109039,0.00028242757530145884,0.00037060862647291654,72.062,0,0,1289.52,879.28,0.01,0.08,3.0406186293134665,212574,1164,173875200,241664,56099764,1456009
2-6-2021 18:25:54,1622672754.0316114,1500.0,17.1,2192.14,1121.23,8692.65,10.6,52911209,77231489,0.0002382413848292894,0.0002447103719589851,71.088,0,0,1289.95,879.39,0.01,0.08,3.0406186293134665,213570,1165,173875200,241664,56172607,1457172
2-6-2021 18:25:59,1622672759.0338588,1500.0,19.7,2195.07,1121.99,8708.67,10.6,53028341,77349433,0.0002341587534365705,0.00023578202383057467,70.114,0,0,1290.38,879.51,0.01,0.08,3.0406186293134665,214569,1165,173875200,241664,56244655,1457172
2-6-2021 18:26:4,1622672764.038002,1500.0,16.5,2197.91,1122.79,8724.9,10.6,53146219,77467514,0.00023556080310266884,0.00023596646695028963,69.627,0,0,1290.83,879.58,0.01,0.08,3.0406186293134665,215568,1165,173875200,241664,56316627,1457172
2-6-2021 18:26:9,1622672769.0419219,900.0,20.6,2200.73,1123.36,8741.27,10.7,53264564,77585916,0.0002365045879778412,0.0002366184986755026,68.653,0,0,1291.34,879.63,0.01,0.08,3.0406186293134665,216567,1165,173875200,241664,56388618,1457172
2-6-2021 18:26:14,1622672774.0441227,1500.0,17.8,2203.64,1124.06,8757.38,10.7,53381753,77703432,0.00023427487960559658,0.00023492859186213116,69.627,0,0,1291.74,879.75,0.01,0.08,3.0406186293134665,217566,1165,173875200,241664,56460622,1457172
2-6-2021 18:26:19,1622672779.0480578,1500.0,20.3,2206.61,1124.8,8773.41,10.7,53739520,78061759,0.0007149713034780548,0.0007160904227091401,69.14,0,0,1292.17,879.86,0.01,0.08,3.0406186293134665,218565,1165,173875200,241664,56532638,1457172
2-6-2021 18:26:24,1622672784.0525212,1500.0,19.6,2210.05,1125.64,8788.78,10.7,53863285,78182136,0.0002473092303037397,0.00024053927375488447,67.679,0,0,1292.62,879.97,0.01,0.08,3.0406186293134665,219564,1165,173875200,241664,56604648,1457172
2-6-2021 18:26:29,1622672789.0538566,1500.0,17.6,2213.11,1126.42,8804.76,10.7,53980417,78299828,0.00023420145029816056,0.00023532115125235727,68.166,0,0,1293.06,880.07,0.01,0.08,3.0406186293134665,220562,1165,173875200,241664,56676586,1457172
2-6-2021 18:26:34,1622672794.0577168,1500.0,15.4,2215.86,1127.19,8821.04,10.7,54097451,78417344,0.00023388742790292854,0.00023485068422373454,68.166,0,0,1293.5,880.15,0.01,0.08,3.0406186293134665,221561,1165,173875200,241664,56748547,1457172
2-6-2021 18:26:39,1622672799.0598707,800.0,15.2,2218.74,1127.84,8837.25,10.7,54214975,78535388,0.00023494679086929736,0.00023598634305652748,67.679,0,0,1293.97,880.26,0.01,0.08,3.0406186293134665,222560,1165,173875200,241664,56820536,1457172
2-6-2021 18:26:44,1622672804.0637524,1500.0,19.5,2221.65,1128.5,8853.56,10.7,54332107,78653080,0.00023408227290129156,0.00023520140407658715,67.192,0,0,1294.44,880.28,0.01,0.08,3.0406186293134665,223559,1165,173875200,241664,56892491,1457172
2-6-2021 18:26:49,1622672809.0638194,1500.0,16.6,2224.52,1129.16,8869.71,10.7,54447031,78768670,0.00022984492027937895,0.00023117690243198473,67.679,0,0,1294.89,880.38,0.01,0.08,3.0406186293134665,224559,1165,173875200,241664,56964480,1457172
2-6-2021 18:26:54,1622672814.067728,1500.0,24.0,2227.8,1129.93,8885.56,10.6,54565281,78887430,0.00023631526601452626,0.00023733446927598427,66.705,0,0,1295.38,880.47,0.01,0.08,3.0406186293134665,225553,1165,173875200,241664,57036117,1457172
2-6-2021 18:26:59,1622672819.0716476,1000.0,19.7,2230.81,1130.64,8901.57,10.7,54682407,79006807,0.0002340685089470344,0.00023856698250234896,66.705,0,0,1295.89,880.54,0.01,0.08,3.0406186293134665,226547,1165,173875200,241664,57107754,1457172
2-6-2021 18:27:4,1622672824.0738752,1000.0,19.0,2233.93,1131.62,8917.24,10.7,54801390,79126199,0.0002378600312255983,0.00023867766696155444,67.192,0,0,1296.35,880.67,0.01,0.08,3.0406186293134665,227541,1165,173875200,241664,57179443,1457172
2-6-2021 18:27:9,1622672829.0777705,1000.0,19.3,2237.07,1132.48,8933.1,10.7,54924816,79247003,0.0002466598380377836,0.00024141992023006827,66.218,0,0,1296.79,880.77,0.01,0.08,3.0406186293134665,228541,1165,173875200,241664,57251395,1457172
2-6-2021 18:27:14,1622672834.0816605,1000.0,19.6,2240.2,1133.22,8949.02,10.7,55041284,79362560,0.00023275491492881877,0.00023093433135650573,66.218,0,0,1297.31,880.84,0.01,0.08,3.0406186293134665,229541,1165,173875200,241664,57323336,1457172
2-6-2021 18:27:19,1622672839.08382,1500.0,30.7,2243.65,1134.09,8964.55,10.7,55174792,79488806,0.00026690072048158063,0.00025238299096621647,66.218,0,0,1297.77,880.94,0.01,0.08,3.0406186293134665,230546,1165,173875200,241664,57395587,1457172
2-6-2021 18:27:24,1622672844.087735,1500.0,17.9,2247.05,1134.93,8980.1,10.8,55303694,79615415,0.00025760230599477607,0.0002530198938704799,66.705,0,0,1298.12,881.01,0.01,0.08,3.0406186293134665,231553,1179,173875200,274432,57467844,1482296
