time_stamp,time,cpu_freq,cpu,cpu_user_time,cpu_system_time,cpu_idle_time,memory,net_sent,net_recv,net_upload_rate,net_download_rate,temp,gpu,gpu_mem,io_counters_read_count_ipykernel,io_counters_write_count_ipykernel,io_counters_read_bytes_ipykernel,io_counters_write_bytes_ipykernel,io_counters_read_chars_ipykernel,io_counters_write_chars_ipykernel,cpu_times_user_ipykernel,cpu_times_system_ipykernel,cpu_times_children_user_ipykernel,cpu_times_children_system_ipykernel,memory_percent_ipykernel
30-5-2021 22:7:21,1622426841.9074235,1500.0,58.3,1436.51,519.9,12588.62,11.0,36660734,66021698,0.0,0.0,57.939,0,0,13627,338,630784,659456,43631726,608837,33.29,4.04,0.01,0.08,3.1602077308823606
30-5-2021 22:7:29,1622426849.573516,1500.0,42.6,1448.56,521.08,12605.59,10.9,37139197,67205787,0.0006241289242264132,0.001544579609621495,57.939,0,0,14645,347,630784,659456,43713216,618215,40.94,4.3,0.01,0.08,3.1663583109713453
30-5-2021 22:7:34,1622426854.5900807,1500.0,47.3,1456.8,521.95,12616.27,11.0,37460300,68029456,0.0006400854167240547,0.0016418984410226168,57.939,0,0,15651,350,630784,659456,43788479,621341,44.49,4.54,0.01,0.08,3.1807427321471975
30-5-2021 22:7:39,1622426859.5923579,1500.0,84.9,1466.53,526.94,12621.17,10.9,37729243,68379597,0.0005376411436155953,0.000699963217732784,60.374,0,0,16652,353,630784,659456,43863779,624833,50.93,8.76,0.01,0.08,3.2213167201535664
30-5-2021 22:7:44,1622426864.5963259,1500.0,41.8,1474.45,530.79,12629.2,11.0,37978647,68675787,0.0004984124598308103,0.0005919102599689168,59.887,0,0,17657,356,630784,659456,43939344,628325,55.34,12.16,0.01,0.08,3.2601546573283664
30-5-2021 22:7:49,1622426869.6001482,1500.0,66.8,1484.57,535.67,12634.09,11.0,38252102,69029278,0.0005464922256392742,0.0007064419496204226,60.861,0,0,18660,361,630784,659456,44016928,634143,62.45,16.31,0.01,0.08,3.2631803459205284
30-5-2021 22:7:54,1622426874.6023524,1500.0,54.0,1494.63,540.71,12638.73,11.0,38523369,69394180,0.0005422949368948177,0.000729482417923274,62.322,0,0,19666,367,630784,659456,44095760,641127,69.63,20.95,0.01,0.08,3.2658092228940463
30-5-2021 22:7:59,1622426879.6061544,1500.0,73.7,1505.27,545.69,12642.91,11.0,38800194,69754814,0.0005532293176684923,0.000720719955741205,61.835,0,0,20672,373,630784,659456,44174494,648109,76.93,25.08,0.01,0.08,3.260849077660994
30-5-2021 22:8:4,1622426884.6101353,1500.0,80.2,1515.28,549.64,12648.87,11.0,39072661,70106651,0.0005445004823268218,0.0007031141980512208,61.835,0,0,21676,378,630784,659456,44252054,653927,83.67,28.41,0.01,0.08,3.2667020490359957
30-5-2021 22:8:9,1622426889.6123269,1500.0,78.7,1526.79,554.57,12652.29,11.0,39351913,70481901,0.0005582593100787047,0.0007501711934275634,62.809,0,0,22682,384,630784,659456,44330804,660911,91.89,32.77,0.01,0.08,3.2691821216525216
30-5-2021 22:8:14,1622426894.6224327,1500.0,70.1,1535.43,560.11,12658.02,11.0,39612136,70802487,0.0005193962121332315,0.0006398786965907863,62.809,0,0,23684,388,630784,659456,44407232,665567,97.82,37.99,0.01,0.08,3.2667020490359957
30-5-2021 22:8:19,1622426899.626253,1500.0,69.2,1546.5,565.07,12661.93,11.0,39882553,71157145,0.0005404210987288983,0.0007087744706619541,62.809,0,0,24688,393,630784,659456,44484845,671387,105.05,41.87,0.01,0.08,3.262436324135571
30-5-2021 22:8:24,1622426904.6362803,1500.0,48.7,1555.56,569.03,12668.83,11.0,40150235,71497621,0.0005342924861858366,0.0006795890964898981,62.809,0,0,25692,398,630784,659456,44562421,677203,111.26,45.63,0.01,0.08,3.263725961896164
30-5-2021 22:8:29,1622426909.6399698,1500.0,64.1,1567.27,573.84,12672.3,11.0,40421891,71856926,0.0005429113827034313,0.0007180801247248594,63.783,0,0,26696,403,630784,659456,44640056,683023,119.44,49.64,0.01,0.08,3.2933876303898177
30-5-2021 22:8:34,1622426914.642368,1500.0,84.0,1579.41,579.9,12673.9,11.1,40795499,72342647,0.0007468577692994412,0.0009709762707487363,64.757,0,0,27704,410,630784,659456,44719990,691169,128.07,54.65,0.01,0.08,3.2670492592023095
30-5-2021 22:8:39,1622426919.6470025,1500.0,81.2,1588.48,584.44,12680.02,11.0,41067724,72672730,0.0005439458296281666,0.00065955467455654,64.757,0,0,28711,414,630784,659456,44796742,695825,134.12,58.42,0.01,0.08,3.2700749477944715
30-5-2021 22:8:44,1622426924.6508749,1500.0,83.4,1596.86,589.52,12686.44,11.0,41318861,72970138,0.0005018853004184057,0.0005943556840562609,63.783,0,0,29722,417,630784,659456,44872648,699317,139.45,62.91,0.01,0.08,3.2661564330603596
30-5-2021 22:8:49,1622426929.6539855,1500.0,91.5,1607.85,594.01,12690.88,11.0,41590548,73323806,0.0005430361612169553,0.0007068962190508863,65.731,0,0,30737,422,630784,659456,44950867,705135,147.8,66.93,0.01,0.08,3.2161581691111913
30-5-2021 22:8:54,1622426934.6577303,1500.0,94.0,1618.84,599.21,12694.53,11.0,41862372,73681719,0.0005432411297099898,0.0007152902703877935,65.731,0,0,31752,427,630784,659456,45029114,710955,155.52,71.39,0.01,0.08,3.2715629913643873
30-5-2021 22:8:59,1622426939.6615012,1500.0,69.6,1626.69,604.41,12701.41,11.0,42123174,74001581,0.0005212109206275633,0.0006392419057130453,63.783,0,0,32765,431,630784,659456,45106167,715609,160.12,75.85,0.01,0.08,3.2673964693686233
30-5-2021 22:9:4,1622426944.662413,1500.0,77.8,1637.25,609.62,12705.54,11.0,42394163,74358749,0.0005418791923774885,0.0007142057699134755,65.244,0,0,33780,436,630784,659456,45184428,721427,167.51,80.33,0.01,0.08,3.266454041774343
30-5-2021 22:9:9,1622426949.6662807,1500.0,94.7,1646.37,614.29,12711.65,11.0,42660988,74698158,0.000533237501907661,0.0006782932906773254,65.244,0,0,34793,440,630784,659456,45261508,726083,173.29,84.72,0.01,0.08,3.2640731720624783
30-5-2021 22:9:14,1622426954.6701465,1500.0,92.5,1654.9,620.33,12716.8,11.0,42924029,75026270,0.0005256755772033322,0.0006557170364594863,65.244,0,0,35808,445,630784,659456,45339767,731903,179.53,90.1,0.01,0.08,3.26516440401375
30-5-2021 22:9:19,1622426959.6729655,1500.0,94.0,1665.49,624.96,12721.51,11.0,43204114,75393994,0.0005598543472575201,0.000735033579059658,65.731,0,0,36829,450,630784,659456,45418329,737723,186.66,94.02,0.01,0.08,3.2678924838919285
30-5-2021 22:9:24,1622426964.6779943,1500.0,79.9,1675.98,629.73,12726.09,11.0,43474125,75744490,0.000539479421304981,0.0007002876892041828,65.244,0,0,37850,455,630784,659456,45496923,743543,193.6,98.1,0.01,0.08,3.2731006363866335
30-5-2021 22:9:29,1622426969.6821392,1500.0,76.7,1685.84,634.47,12731.36,11.0,43747369,76097440,0.0005460353468539688,0.0007053153067299128,66.218,0,0,38871,460,630784,659456,45575482,749363,200.43,102.34,0.01,0.08,3.272654223315659
30-5-2021 22:9:34,1622426974.6823664,1500.0,91.0,1695.83,639.74,12736.02,11.1,44018406,76456616,0.0005420493678775985,0.0007183193577142762,66.705,0,0,39892,465,630784,659456,45654048,755183,207.44,107.15,0.01,0.08,3.268735708581547
30-5-2021 22:9:39,1622426979.6854978,1500.0,79.4,1704.78,644.44,12742.24,11.0,44286846,76795839,0.0005365439743538302,0.0006780213701841355,66.218,0,0,40913,470,630784,659456,45732586,761001,213.02,111.02,0.01,0.08,3.2743406726948963
30-5-2021 22:9:44,1622426984.6910555,1500.0,89.8,1713.62,649.5,12748.24,11.0,44536949,77087330,0.000499650610815586,0.0005823347028913927,65.731,0,0,41928,472,630784,659456,45807652,763329,218.86,115.77,0.01,0.08,3.26521400546608
30-5-2021 22:9:49,1622426989.6943483,1500.0,65.0,1722.01,653.78,12755.35,11.0,44806208,77427537,0.0005381635870961482,0.0006799662015948188,66.218,0,0,42949,477,630784,659456,45886198,769149,224.12,119.07,0.01,0.08,3.269529331818836
30-5-2021 22:9:54,1622426994.698255,1500.0,64.8,1731.05,658.93,12761.14,11.0,45073695,77775306,0.0005345563268903529,0.0006949949689006612,66.218,0,0,43970,482,630784,659456,45964810,774969,230.15,123.65,0.01,0.08,3.2749358901228627
30-5-2021 22:9:59,1622426999.702155,1500.0,63.9,1741.1,663.39,12766.46,11.0,45346532,78128019,0.0005452487004393679,0.0007048761893660712,66.218,0,0,44991,487,630784,659456,46043442,780789,237.06,127.51,0.01,0.08,3.2686861071292164
30-5-2021 22:10:4,1622427004.7028623,1500.0,57.8,1749.53,667.3,12773.9,11.0,45614416,78460158,0.0005356922370998746,0.0006641840645134284,65.731,0,0,46010,491,630784,659456,46120860,785445,242.5,130.96,0.01,0.08,3.2764239336927785
30-5-2021 22:10:9,1622427009.7078974,1500.0,91.2,1761.09,672.17,12777.32,11.0,45890203,78825916,0.0005510191059104098,0.0007307800807854601,67.679,0,0,47031,496,630784,659456,46199448,791263,250.93,135.41,0.01,0.08,3.2715629913643873
30-5-2021 22:10:14,1622427014.7117088,1500.0,55.3,1769.74,677.42,12783.19,11.0,46149922,79140314,0.0005190423486125508,0.0006283170515791633,67.192,0,0,48050,500,630784,659456,46276897,795922,256.72,140.25,0.01,0.08,3.2688349114862083
30-5-2021 22:10:19,1622427019.7123861,1500.0,93.4,1781.92,682.55,12785.68,11.0,46420044,79497606,0.0005401708233628667,0.0007144872088203307,68.166,0,0,49073,506,630784,659456,46356661,802912,265.62,144.56,0.01,0.08,3.2671980635593014
30-5-2021 22:10:24,1622427024.7163603,800.0,12.6,1790.88,687.17,12791.88,11.0,46690503,79842682,0.000540488398277717,0.0006896038753529426,65.244,0,0,50092,510,630784,659456,46434074,807572,271.51,148.32,0.01,0.08,3.2223087492001765
30-5-2021 22:10:29,1622427029.7202213,1500.0,41.6,1794.71,688.02,12806.97,11.0,46927896,80091446,0.00047441965783982,0.000497144110242783,65.731,0,0,51105,511,630784,659456,46507987,808737,272.92,149.05,0.01,0.08,3.2746382814088792
30-5-2021 22:10:34,1622427034.7223642,1500.0,74.6,1804.42,693.1,12811.94,11.1,47311347,80557629,0.0007665734609972266,0.0009319665766110144,66.705,0,0,52126,516,630784,659456,46586554,814562,279.09,153.13,0.01,0.08,3.274489477051888
30-5-2021 22:10:39,1622427039.7263079,1500.0,66.6,1814.28,697.51,12817.46,11.1,47591868,80913847,0.0005605998345364062,0.0007118745186951763,66.218,0,0,53147,521,630784,659456,46665133,820387,285.89,156.72,0.01,0.08,3.2723566146016756
30-5-2021 22:10:44,1622427044.7302117,1500.0,78.0,1821.85,701.94,12825.25,11.0,47846462,81210520,0.0005087907498370251,0.0005928830927924451,67.679,0,0,54162,523,630784,659456,46740176,822717,290.93,160.83,0.01,0.08,3.2720590058876926
30-5-2021 22:10:49,1622427049.7323918,1500.0,94.2,1831.92,706.25,12830.6,11.0,48113434,81556479,0.0005337112912575121,0.0006916164414701079,67.679,0,0,55185,529,630784,659456,46819879,829705,298.16,164.63,0.01,0.08,3.2765727380497705
30-5-2021 22:10:54,1622427054.7343075,1500.0,95.1,1841.26,710.85,12836.64,11.0,48392618,81913815,0.0005581541495689494,0.0007143982864002597,68.653,0,0,56204,533,630784,659456,46897257,834365,304.08,168.51,0.01,0.08,3.271364585555065
30-5-2021 22:10:59,1622427059.7381191,1500.0,55.0,1849.8,715.06,12843.63,11.0,48654902,82242653,0.0005241684161611,0.0006571750226227441,68.653,0,0,57225,538,630784,659456,46975832,840190,309.77,172.42,0.01,0.08,3.2721582087923538
30-5-2021 22:11:4,1622427064.7418518,1500.0,93.4,1861.45,720.54,12846.45,11.0,48940277,82629065,0.0005703242322835622,0.0007722474892515315,68.166,0,0,58248,544,630784,659456,47055588,847178,317.98,177.08,0.01,0.08,3.272307013149345
30-5-2021 22:11:9,1622427069.742533,1500.0,59.4,1871.5,725.24,12851.52,11.0,49208382,82969638,0.0005361369607879175,0.0006810532185017938,68.166,0,0,59267,548,630784,659456,47132992,851838,324.95,181.27,0.01,0.08,3.275035093027524
30-5-2021 22:11:14,1622427074.7462478,1500.0,50.6,1880.24,730.51,12857.35,11.0,49465618,83286478,0.0005140900516674504,0.0006332095506473238,67.679,0,0,60281,552,630784,659456,47210108,856498,330.99,185.75,0.01,0.08,3.272654223315659
30-5-2021 22:11:19,1622427079.7499588,1500.0,20.4,1886.14,732.75,12868.92,11.0,49714773,83565355,0.0004979404300883138,0.0005573403436484866,65.244,0,0,61291,554,630784,659456,47284864,858828,333.37,187.12,0.01,0.08,3.2743406726948963
30-5-2021 22:11:24,1622427084.753419,1500.0,62.8,1891.72,734.52,12881.36,11.0,49961897,83841476,0.0004939062002313634,0.0005518600941797814,66.218,0,0,62301,556,630784,659456,47359598,861158,336.34,188.55,0.01,0.08,3.2738446581715914
30-5-2021 22:11:29,1622427089.7580612,1500.0,94.7,1900.9,739.45,12887.09,11.1,50235180,84198911,0.000546059011712215,0.0007142068948721859,67.192,0,0,63317,561,630784,659456,47437831,866983,342.68,192.77,0.01,0.08,3.2210191114395834
30-5-2021 22:11:34,1622427094.7617223,1500.0,63.0,1910.11,744.05,12893.09,11.0,50502909,84546169,0.0005350662078605696,0.0006940078258584079,67.192,0,0,64333,566,630784,659456,47516046,872808,348.6,196.8,0.01,0.08,3.276374332240448
30-5-2021 22:11:39,1622427099.7625885,1500.0,88.2,1919.14,748.71,12899.26,11.0,50768201,84890109,0.000530492100233071,0.0006877608557897051,67.679,0,0,65349,571,630784,659456,47594295,878633,354.62,201.14,0.01,0.08,3.277316759834728
30-5-2021 22:11:44,1622427104.7669208,1500.0,57.2,1926.42,752.9,12907.57,11.1,51020882,85176787,0.0005049245027113549,0.0005728596395783054,66.218,0,0,66359,573,630784,659456,47669055,880963,358.4,204.35,0.01,0.08,3.2703725565084545
30-5-2021 22:11:49,1622427109.7708182,1500.0,54.4,1936.62,757.59,12912.44,11.0,51290596,85526169,0.0005390078510865349,0.0006982197476894627,67.679,0,0,67375,578,630784,659456,47747342,886788,365.86,208.66,0.01,0.08,3.2806400571408734
30-5-2021 22:11:54,1622427114.781437,1500.0,60.7,1947.87,762.16,12916.72,11.0,51554823,85858440,0.0005273340809242152,0.0006631336782492701,68.653,0,0,68387,581,630784,659456,47823273,890283,373.77,212.63,0.01,0.08,3.246117446318828
30-5-2021 22:11:59,1622427119.7827973,1500.0,77.8,1957.55,767.72,12921.28,11.0,51827562,86208009,0.0005453296249256218,0.0006989478279806873,67.192,0,0,69403,586,630784,659456,47901566,896108,380.1,217.41,0.01,0.08,3.278854404856974
30-5-2021 22:12:4,1622427124.7867117,1500.0,93.2,1967.2,772.95,12926.26,11.0,52097323,86555192,0.0005390999541469962,0.0006938228260594252,70.114,0,0,70421,592,630784,659456,47980985,903096,386.78,222.22,0.01,0.08,3.2705709623177768
30-5-2021 22:12:9,1622427129.7953582,1500.0,47.9,1976.61,778.47,12931.27,11.0,52372676,86914457,0.0005497553094419374,0.0007172895928014499,69.14,0,0,71437,597,630784,659456,48059244,908921,393.44,226.87,0.01,0.08,3.2119916471154273
30-5-2021 22:12:14,1622427134.799228,1500.0,55.7,1985.85,783.3,12937.02,11.1,52628857,87226591,0.0005119657618503288,0.0006237852186906544,69.14,0,0,72451,601,630784,659456,48136371,913581,399.77,231.3,0.01,0.08,3.2704221579607853
30-5-2021 22:12:19,1622427139.8023765,1500.0,91.2,1995.2,788.04,12942.99,11.0,52897319,87573211,0.0005365861057456743,0.0006928037337633095,68.653,0,0,73465,605,630784,659456,48213455,918241,406.11,235.36,0.01,0.08,3.272951832029642
30-5-2021 22:12:24,1622427144.8065248,1500.0,89.7,2005.09,793.29,12947.63,11.0,53168634,87927340,0.0005421801807706248,0.0007076708815808952,68.653,0,0,74483,611,630784,659456,48292874,925231,413.06,239.91,0.01,0.08,3.266850853392987
30-5-2021 22:12:29,1622427149.810206,1500.0,93.9,2016.66,798.76,12950.37,11.0,53442680,88291387,0.0005476887714962053,0.0007275583449379996,69.627,0,0,75499,616,630784,659456,48371121,931056,421.58,244.68,0.01,0.08,3.27563031045549
30-5-2021 22:12:34,1622427154.8124065,1500.0,68.5,2027.89,803.19,12954.64,11.1,53840437,88768776,0.0007951640318520549,0.0009543579673062212,69.627,0,0,76515,621,630784,659456,48449385,936877,429.39,248.62,0.01,0.08,3.2615930994459514
30-5-2021 22:12:39,1622427159.8167183,1500.0,56.7,2038.43,808.4,12958.71,11.2,54121800,89138415,0.0005622411457252292,0.0007386410255247777,69.14,0,0,77533,627,630784,659456,48528839,943865,436.55,252.9,0.01,0.08,3.217447806871785
30-5-2021 22:12:44,1622427164.820478,1000.0,40.7,2046.11,813.3,12965.94,11.1,54375569,89439164,0.0005071566564771657,0.0006010460587339317,68.653,0,0,78545,630,630784,659456,48604769,947360,440.82,257.03,0.01,0.08,3.2752831002891765
30-5-2021 22:12:49,1622427169.8226101,1500.0,59.9,2054.62,817.51,12973.02,11.1,54640872,89769405,0.000530379827228789,0.0006602004671031331,67.679,0,0,79559,634,630784,659456,48681895,952020,446.31,260.65,0.01,0.08,3.2765727380497705
30-5-2021 22:12:54,1622427174.8244255,1500.0,54.3,2064.81,822.76,12977.35,11.0,54911931,90131400,0.0005419212480057566,0.0007237272408289112,69.14,0,0,80577,640,630784,659456,48761300,959008,453.94,265.56,0.01,0.08,3.271364585555065
30-5-2021 22:12:59,1622427179.8261812,1500.0,48.5,2074.13,827.12,12983.63,11.0,55181300,90476585,0.000538548892389128,0.000690127666581311,69.14,0,0,81593,645,630784,659456,48839573,964833,460.02,269.42,0.01,0.08,3.2754815060984988
30-5-2021 22:13:4,1622427184.8295152,1500.0,74.4,2084.48,832.7,12987.51,11.0,55458175,90846615,0.0005533810005230277,0.000739566850107579,70.114,0,0,82614,650,630784,659456,48918149,970658,467.04,273.87,0.01,0.08,3.269281324557183
30-5-2021 22:13:9,1622427189.8357363,1500.0,80.3,2094.74,837.95,12991.9,11.0,55720641,91176626,0.0005242796853451866,0.0006592018137223502,70.114,0,0,83638,654,630784,659456,48995892,975318,474.05,278.34,0.01,0.08,3.2215647274152186
30-5-2021 22:13:14,1622427194.8396635,1500.0,70.2,2102.53,843.01,12998.83,11.0,55983222,91503318,0.0005247498372517008,0.0006528712048146387,69.14,0,0,84662,658,630784,659456,49073646,979978,478.95,282.91,0.01,0.08,3.27280302767265
30-5-2021 22:13:19,1622427199.8423414,1500.0,93.2,2112.93,847.9,13003.37,11.0,56258708,91863764,0.0005506770664515312,0.0007205061088192817,69.627,0,0,85688,663,630784,659456,49152548,985803,486.93,287.44,0.01,0.08,3.272852629124981
30-5-2021 22:13:24,1622427204.846304,1000.0,54.0,2122.14,852.5,13009.36,11.0,56532187,92213816,0.0005465248772001712,0.0006995496045900209,68.653,0,0,86714,668,630784,659456,49231442,991628,493.2,291.44,0.01,0.08,3.279102412118627
30-5-2021 22:13:29,1622427209.850012,1500.0,93.8,2133.42,857.22,13013.08,11.0,56797093,92560104,0.0005294193694489937,0.0006920627490798741,71.088,0,0,87740,673,630784,659456,49310318,997453,500.96,295.6,0.01,0.08,3.2676444766302755
30-5-2021 22:13:34,1622427214.852343,1500.0,66.6,2142.42,861.91,13019.15,11.1,57064208,92905207,0.0005339810560615009,0.0006898843733597594,68.166,0,0,88766,678,630784,659456,49389252,1003278,506.71,299.33,0.01,0.08,3.2820784992584584
30-5-2021 22:13:39,1622427219.8628244,1500.0,98.0,2153.16,867.45,13022.85,11.0,57341634,93278385,0.0005536913126731997,0.0007447947080690321,71.088,0,0,89794,684,630784,659456,49469292,1010266,514.53,304.11,0.01,0.08,3.270025346342141
30-5-2021 22:13:44,1622427224.866674,1500.0,41.7,2160.22,871.05,13031.98,11.0,57589712,93559541,0.0004957743027318998,0.0005618794083267763,69.14,0,0,90809,686,630784,659456,49544380,1012596,518.58,307.39,0.01,0.08,3.229699365597425
30-5-2021 22:13:49,1622427229.870653,1500.0,94.8,2171.63,876.78,13034.83,11.0,57857971,93922093,0.0005360913819449768,0.0007245274257598635,70.114,0,0,91826,692,630784,659456,49623786,1019584,526.79,312.4,0.01,0.08,3.276771143859092
30-5-2021 22:13:54,1622427234.8723793,1500.0,75.1,2179.97,880.69,13042.26,11.1,58128379,94258056,0.0005406293327008206,0.0006716940789553777,70.601,0,0,92839,696,630784,659456,49700858,1024244,531.93,315.55,0.01,0.08,3.278060781619686
30-5-2021 22:13:59,1622427239.8808613,1500.0,54.1,2188.7,884.9,13049.18,11.1,58389103,94583971,0.0005205649158246337,0.0006507261109103324,71.088,0,0,93852,700,630784,659456,49777955,1028902,537.9,319.19,0.01,0.08,3.234361902116494
30-5-2021 22:14:4,1622427244.8826966,1500.0,63.1,2198.31,889.45,13054.85,11.0,58659562,94933530,0.000540719518494922,0.0006988614694484799,70.601,0,0,94867,705,630784,659456,49856185,1034725,544.08,323.16,0.01,0.08,3.2759279191694732
30-5-2021 22:14:9,1622427249.8872921,1500.0,71.9,2207.21,894.29,13060.88,11.0,58924760,95273330,0.0005299089587564454,0.0006789759507441238,70.601,0,0,95880,709,630784,659456,49933284,1039385,550.15,327.49,0.01,0.08,3.2919491882722327
30-5-2021 22:14:14,1622427254.891951,1500.0,90.8,2216.75,899.56,13065.9,11.1,59188139,95605986,0.000526267630405152,0.0006646926477056114,70.114,0,0,96895,714,630784,659456,50011570,1045210,556.97,332.22,0.01,0.08,3.280094441165237
30-5-2021 22:14:19,1622427259.8923573,1500.0,95.2,2225.95,904.32,13071.7,11.0,59463074,95961676,0.0005498253250144088,0.0007113222029002312,70.601,0,0,97910,719,630784,659456,50089912,1051035,563.17,336.17,0.01,0.08,3.274142266885574
30-5-2021 22:14:24,1622427264.910065,1500.0,59.3,2234.67,908.16,13078.94,11.0,59727892,96291697,0.0005277669044000294,0.0006577126991254451,70.601,0,0,98917,723,630784,659456,50166724,1055693,569.18,339.55,0.01,0.08,3.2289057423601366
30-5-2021 22:14:29,1622427269.91467,1500.0,93.7,2244.19,912.88,13084.54,11.1,59999287,96643298,0.0005422905444590461,0.000702554939193224,70.601,0,0,99926,728,630784,659456,50244705,1061518,575.79,343.34,0.01,0.08,3.2350067209967905
30-5-2021 22:14:34,1622427274.918786,1500.0,73.0,2255.09,918.28,13088.14,11.2,60415306,97137858,0.0008313536199981857,0.0009883064146260212,70.601,0,0,100941,733,630784,659456,50322984,1067343,583.3,348.24,0.01,0.08,3.227020887171576
30-5-2021 22:14:39,1622427279.9223633,1500.0,77.8,2265.81,923.33,13092.37,11.1,60682286,97485161,0.000533578253321036,0.0006941094018771284,69.627,0,0,101956,738,630784,659456,50401287,1073166,590.25,352.48,0.01,0.08,3.2865922314205362
30-5-2021 22:14:44,1622427284.9261985,1500.0,81.8,2273.15,928.54,13099.57,11.1,60927251,97770730,0.0004895544919987539,0.0005707002499360813,70.114,0,0,102971,740,630784,659456,50476389,1075496,594.74,356.89,0.01,0.08,3.2857986081832475
30-5-2021 22:14:49,1622427289.930073,1500.0,76.7,2282.41,933.31,13105.36,11.0,61194636,98107761,0.0005343559232850406,0.0006735400683683847,70.114,0,0,103992,745,630784,659456,50554978,1081319,600.84,361.27,0.01,0.08,3.2344115035688246
30-5-2021 22:14:54,1622427294.9324045,1500.0,90.9,2293.72,939.26,13107.86,11.0,61467291,98466968,0.0005450558409753371,0.0007180791603646657,71.088,0,0,105013,750,630784,659456,50633578,1087142,609.04,366.49,0.01,0.08,3.2751838973845158
30-5-2021 22:14:59,1622427299.9362304,1500.0,62.7,2302.6,944.63,13113.41,11.1,61740215,98812995,0.000545430647056898,0.0006915248586022381,70.114,0,0,106034,755,630784,659456,50712194,1092963,614.6,371.1,0.01,0.08,3.2794992237372713
30-5-2021 22:15:4,1622427304.937513,1500.0,79.5,2312.32,950.1,13118.18,11.0,62013758,99167638,0.0005469456874333195,0.0007091040875782408,70.601,0,0,107055,760,630784,659456,50790770,1098788,621.82,376.27,0.01,0.08,3.283368137019052
30-5-2021 22:15:9,1622427309.9411724,1500.0,70.5,2320.71,955.25,13124.49,11.0,62277469,99502693,0.0005270362886658457,0.000669619938868439,69.627,0,0,108074,764,630784,659456,50868228,1103448,627.12,380.4,0.01,0.08,3.287286651753164
30-5-2021 22:15:14,1622427314.945493,1500.0,48.6,2328.02,959.87,13132.32,11.0,62531695,99797397,0.0005080130136111897,0.000588899117963041,69.627,0,0,109091,767,630784,659456,50944515,1106943,631.36,384.27,0.01,0.08,3.2418517214184033
30-5-2021 22:15:19,1622427319.949808,1500.0,90.0,2335.58,963.16,13141.28,11.1,62782425,100090366,0.0005010276232373548,0.0005854327832817157,69.627,0,0,110108,770,630784,659456,51020799,1110438,636.15,387.45,0.01,0.08,3.2827233181387547
30-5-2021 22:15:24,1622427324.9523623,1500.0,71.2,2344.74,968.11,13147.05,11.1,63048683,100428079,0.0005322440853686028,0.0006750811123124449,69.627,0,0,111127,774,630784,659456,51098250,1115096,641.99,391.26,0.01,0.08,3.2851041878506204
30-5-2021 22:15:29,1622427329.9562862,1500.0,72.7,2353.52,972.32,13153.89,11.1,63324156,100783742,0.0005505139684213506,0.0007107682043272582,69.627,0,0,112148,779,630784,659456,51176828,1120919,647.91,394.89,0.01,0.08,3.2823761079724414
30-5-2021 22:15:34,1622427334.9601681,1500.0,95.5,2363.86,977.15,13158.52,11.1,63599715,101148556,0.0005506904514993996,0.0007290619663059524,71.575,0,0,113171,785,630784,659456,51256587,1127909,655.54,399.54,0.01,0.08,3.285699405278587
30-5-2021 22:15:39,1622427339.9623911,1500.0,93.2,2375.06,981.84,13162.51,11.1,63873196,101513909,0.000546718927143255,0.0007303812703206791,71.088,0,0,114192,790,630784,659456,51335183,1133732,663.48,403.44,0.01,0.08,3.2958181015540133
30-5-2021 22:15:44,1622427344.9661186,1500.0,67.7,2383.37,986.51,13169.55,11.1,64125273,101809363,0.0005037784396150141,0.0005904678137950482,71.088,0,0,115209,793,630784,659456,51411425,1137227,668.28,407.3,0.01,0.08,3.28411215880401
30-5-2021 22:15:49,1622427349.9723754,1500.0,57.2,2393.58,991.54,13174.09,11.1,64394501,102159354,0.000537783037798836,0.0006991071626363247,70.601,0,0,116230,798,630784,659456,51490031,1143052,675.63,411.97,0.01,0.08,3.235552336972426
30-5-2021 22:15:54,1622427354.9825504,1500.0,61.7,2402.49,995.27,13181.31,11.0,64657968,102487638,0.000525863868111639,0.000655234598940897,70.114,0,0,117249,802,630784,659456,51567514,1147712,680.98,415.11,0.01,0.08,3.236643568923698
30-5-2021 22:15:59,1622427359.9863687,1500.0,72.5,2413.06,1000.09,13185.72,11.1,64938663,102864203,0.0005609616190181458,0.0007525553075956752,70.601,0,0,118272,808,630784,659456,51647308,1154702,688.58,419.2,0.01,0.08,3.263775563348495
30-5-2021 22:16:4,1622427364.9923992,1500.0,77.7,2424.05,1005.7,13189.03,11.1,65215155,103234907,0.000552317842872733,0.0007405148562138999,70.114,0,0,119295,814,630784,659456,51727057,1161692,696.03,424.2,0.01,0.08,3.2839137529946876
30-5-2021 22:16:9,1622427369.996311,1500.0,76.5,2432.19,1009.75,13196.71,11.1,65485965,103569435,0.0005411965966148063,0.0006685329754158189,69.14,0,0,120314,818,630784,659456,51804520,1166352,701.37,427.63,0.01,0.08,3.2865426299682055
30-5-2021 22:16:15,1622427375.0002255,1500.0,89.6,2441.26,1015.62,13201.65,11.0,65750272,103900164,0.0005282004618595471,0.0006609405371418318,71.088,0,0,121333,822,630784,659456,51881974,1171012,707.76,433.24,0.01,0.08,3.2314850178813233
30-5-2021 22:16:20,1622427380.002392,1500.0,58.7,2449.37,1020.08,13209.02,11.0,66014387,104231443,0.0005280012160563324,0.0006622710366844963,70.601,0,0,122352,826,630784,659456,51959440,1175670,712.91,436.93,0.01,0.08,3.2319314309522986
30-5-2021 22:16:25,1622427385.006229,1500.0,55.3,2459.33,1024.24,13214.67,11.1,66286311,104584670,0.0005434309851701573,0.0007059123012264425,70.114,0,0,123373,831,630784,659456,52038072,1181493,719.78,440.63,0.01,0.08,3.250829584290228
30-5-2021 22:16:30,1622427390.0085227,1500.0,61.2,2470.15,1029.58,13218.32,11.0,66560127,104953602,0.000547380880793852,0.0007375256490235683,71.088,0,0,124396,837,630784,659456,52117857,1188481,727.23,445.25,0.01,0.08,3.2751342959321845
30-5-2021 22:16:35,1622427395.0123634,1500.0,89.9,2480.78,1034.4,13222.57,11.2,66996865,105469585,0.0008728055657701973,0.0010311739171833083,72.062,0,0,125417,842,630784,659456,52196511,1194304,734.32,449.11,0.01,0.08,3.2835169413760434
30-5-2021 22:16:40,1622427400.0162828,1500.0,54.9,2491.95,1039.01,13226.61,11.2,67271629,105827502,0.0005490975774519094,0.0007152733168422904,71.575,0,0,126438,847,630784,659456,52275106,1200129,742.67,453.19,0.01,0.08,3.2789536077616352
30-5-2021 22:16:45,1622427405.0323572,1500.0,78.0,2499.72,1043.92,13233.89,11.1,67523575,106123172,0.0005022772370453437,0.0005894450028069378,70.114,0,0,127460,850,630784,659456,52351675,1203624,746.98,457.21,0.01,0.08,3.2772175569300668
30-5-2021 22:16:50,1622427410.0547028,1500.0,50.5,2508.91,1048.28,13240.33,11.0,67792971,106461192,0.0005363947934256066,0.0006730321462594974,70.601,0,0,128484,854,630784,659456,52429435,1208284,753.37,461.1,0.01,0.08,3.26804128824892
30-5-2021 22:16:55,1622427415.0585277,1500.0,69.2,2518.48,1053.86,13245.06,11.1,68060358,106805181,0.00053436521603199,0.0006874521061144641,70.114,0,0,129510,859,630784,659456,52508337,1214109,759.86,465.92,0.01,0.08,3.290709151963969
30-5-2021 22:17:0,1622427420.0623314,1500.0,69.6,2528.39,1058.46,13250.37,11.1,68334993,107159562,0.0005488524626832176,0.0007082232220151887,71.088,0,0,130536,864,630784,659456,52587247,1219934,766.66,469.97,0.01,0.08,3.2910563621302833
30-5-2021 22:17:5,1622427425.0832214,1500.0,71.6,2537.44,1063.24,13256.54,11.1,68605498,107510175,0.0005387590648981423,0.0006983084675741016,70.601,0,0,131562,869,630784,659456,52666157,1225759,772.73,473.92,0.01,0.08,3.285699405278587
30-5-2021 22:17:10,1622427430.0877664,1500.0,39.5,2546.27,1066.96,13263.82,11.1,68875008,107844059,0.0005385304786627412,0.0006671615537005332,71.575,0,0,132586,873,630784,659456,52743902,1230419,778.71,477.17,0.01,0.08,3.2369411776376813
30-5-2021 22:17:15,1622427435.0914998,1500.0,91.9,2556.22,1072.84,13267.88,11.1,69139849,108185323,0.0005292867925050813,0.0006820187507125184,71.575,0,0,133610,877,630784,659456,52821649,1235077,785.76,482.41,0.01,0.08,3.2870882459438415
30-5-2021 22:17:20,1622427440.0941236,1500.0,96.0,2566.23,1077.7,13272.81,11.1,69409733,108536337,0.0005394849002853565,0.0007016597975010157,72.062,0,0,134638,883,630784,659456,52901732,1242065,792.6,486.63,0.01,0.08,3.290659550511639
30-5-2021 22:17:25,1622427445.096614,1500.0,95.8,2577.74,1083.58,13275.24,11.1,69690977,108918213,0.0005622079887064915,0.0007633717977815709,72.549,0,0,135666,889,630784,659456,52981833,1249055,800.65,491.66,0.01,0.08,3.2944292608887586
30-5-2021 22:17:30,1622427450.102369,1500.0,69.0,2587.27,1088.79,13280.38,11.2,69957947,109266332,0.0005333261217854605,0.0006954375255265863,71.575,0,0,136692,894,630784,659456,53060771,1254880,807.03,496.06,0.01,0.08,3.289369912751045
30-5-2021 22:17:35,1622427455.10622,1500.0,51.7,2596.82,1092.9,13286.52,11.1,70221811,109594300,0.0005273218633567362,0.0006554311951663815,71.575,0,0,137716,898,630784,659456,53138536,1259540,813.37,499.8,0.01,0.08,3.2731502378389643
30-5-2021 22:17:40,1622427460.1069682,1500.0,82.6,2606.26,1097.71,13292.13,11.1,70497935,109950420,0.0005521653786660074,0.000712133442404639,72.062,0,0,138742,903,630784,659456,53217462,1265365,819.56,503.67,0.01,0.08,3.247803895698066
30-5-2021 22:17:45,1622427465.1109242,1500.0,88.6,2613.42,1102.18,13300.33,11.1,70741187,110224122,0.0004861193746231498,0.0005469712276696814,69.627,0,0,139762,905,630784,659456,53292885,1267695,823.66,507.58,0.01,0.08,3.2931396231281655
30-5-2021 22:17:50,1622427470.1153681,1500.0,67.1,2623.53,1107.72,13304.66,11.1,71023208,110593932,0.0005635411377226823,0.0007389632266434951,72.062,0,0,140784,911,630784,659456,53372684,1274685,831.16,512.83,0.01,0.08,3.292345999890877
30-5-2021 22:17:55,1622427475.1210773,1500.0,95.2,2633.03,1112.17,13310.49,11.0,71298852,110947828,0.0005506592384165229,0.0007069847406025663,72.062,0,0,141802,915,630784,659456,53450114,1279345,837.44,516.52,0.01,0.08,3.2866914343251974
30-5-2021 22:18:0,1622427480.132378,1500.0,73.4,2642.65,1117.54,13315.27,11.2,71566853,111290339,0.0005347932813785524,0.0006834772317948416,71.088,0,0,142828,920,630784,659456,53529032,1285170,843.88,521.04,0.01,0.08,3.292345999890877
30-5-2021 22:18:5,1622427485.140682,1500.0,92.4,2653.12,1122.19,13319.94,11.2,71840281,111652289,0.0005459493004291227,0.0007226997574876053,71.088,0,0,143849,925,630784,659456,53607656,1290993,851.25,525.22,0.01,0.08,3.2902627388929946
30-5-2021 22:18:10,1622427490.1445,1500.0,79.5,2664.49,1127.35,13323.28,11.2,72116538,112015726,0.0005520924183508172,0.0007263193774209014,72.062,0,0,144867,931,630784,659456,53687145,1297983,859.33,529.74,0.01,0.08,3.2835169413760434
30-5-2021 22:18:15,1622427495.1483226,1500.0,69.2,2671.87,1131.41,13331.73,11.1,72362697,112297028,0.0004919419040113919,0.0005621742104989562,71.575,0,0,145877,933,630784,659456,53761974,1300313,863.62,533.13,0.01,0.08,3.3108473416101623
30-5-2021 22:18:20,1622427500.1521778,1500.0,67.5,2680.93,1135.74,13338.13,11.1,72624035,112607997,0.0005222733034231018,0.000621458826853265,71.088,0,0,146889,936,630784,659456,53837983,1303808,869.57,537.01,0.01,0.08,3.241206902538106
30-5-2021 22:18:25,1622427505.159401,1500.0,25.1,2688.28,1139.57,13346.97,11.1,72879207,112911944,0.0005096078073857994,0.0006070170874213926,69.627,0,0,147901,939,630784,659456,53914000,1307303,873.49,539.99,0.01,0.08,3.289072304037062
30-5-2021 22:18:30,1622427510.1623907,1500.0,80.3,2697.65,1145.07,13351.96,11.1,73142213,113239300,0.0005256976570901913,0.0006543207464256202,71.088,0,0,148915,943,630784,659456,53991176,1311963,879.72,544.9,0.01,0.08,3.2938340434607922
30-5-2021 22:18:35,1622427515.1726296,1500.0,83.0,2708.06,1151.16,13355.3,11.2,73590724,113755046,0.0008951888526993192,0.0010293840508354603,72.062,0,0,149929,947,630784,659456,54068338,1316623,887.27,550.55,0.01,0.08,3.291899586819902
30-5-2021 22:18:40,1622427520.1763613,1500.0,92.0,2718.13,1156.18,13359.93,11.2,73859299,114097327,0.0005367493994903172,0.0006840514612564284,72.549,0,0,150945,952,630784,659456,54146685,1322448,894.21,554.71,0.01,0.08,3.2477542942457354
30-5-2021 22:18:45,1622427525.1801846,1500.0,72.5,2726.22,1160.81,13366.93,11.1,74107838,114385641,0.0004966981967104698,0.0005761874147976068,71.575,0,0,151960,954,630784,659456,54221833,1324778,899.39,558.86,0.01,0.08,3.2900147316313424
30-5-2021 22:18:50,1622427530.184138,1500.0,77.8,2735.54,1165.35,13372.95,11.1,74376578,114727242,0.0005370553549625402,0.00068266222486626,71.088,0,0,152981,959,630784,659456,54300451,1330603,905.65,562.82,0.01,0.08,3.28321933266206
30-5-2021 22:18:55,1622427535.1921933,1500.0,60.4,2745.08,1170.41,13378.25,11.1,74642003,115072224,0.0005299961539241561,0.0006888542268929575,71.088,0,0,154002,964,630784,659456,54379052,1336428,911.89,567.32,0.01,0.08,3.2912051664872743
30-5-2021 22:19:0,1622427540.1923587,1500.0,69.7,2754.19,1174.34,13385.09,11.2,74911466,115405351,0.0005389081661821684,0.0006662319527199179,71.575,0,0,155021,968,630784,659456,54456498,1341088,918.18,570.47,0.01,0.08,3.2441829896779377
30-5-2021 22:19:5,1622427545.1990328,1500.0,93.8,2766.68,1179.25,13387.53,11.1,75187995,115781494,0.0005523207565889742,0.0007512831795061152,72.062,0,0,156044,974,630784,659456,54536300,1348076,927.67,574.81,0.01,0.08,3.288725093870749
30-5-2021 22:19:10,1622427550.206969,900.0,38.4,2775.31,1183.71,13394.26,11.2,75452613,116107847,0.0005283973025184187,0.0006516716355984608,70.601,0,0,157063,978,630784,659456,54613803,1352736,932.81,578.27,0.01,0.08,3.244480598391921
30-5-2021 22:19:15,1622427555.2107944,1500.0,73.2,2784.64,1189.05,13399.56,11.2,75717794,116438807,0.00052995653808529,0.0006614139619531851,71.575,0,0,158082,982,630784,659456,54691295,1357396,939.08,582.88,0.01,0.08,3.3093096965879165
30-5-2021 22:19:20,1622427560.2123377,1500.0,82.7,2795.49,1194.18,13403.53,11.1,75990277,116794112,0.0005447978444992331,0.000710390733145921,72.549,0,0,159103,987,630784,659456,54769955,1363219,946.62,587.72,0.01,0.08,3.2865922314205362
30-5-2021 22:19:25,1622427565.2160501,1500.0,81.0,2807.85,1199.68,13405.47,11.2,76271322,117193161,0.0005616729672921321,0.0007975058653416998,73.036,0,0,160128,994,630784,659456,54850989,1371374,955.5,592.27,0.01,0.08,3.2883282822521043
30-5-2021 22:19:30,1622427570.219493,1500.0,50.1,2816.13,1204.0,13412.6,11.2,76540730,117534979,0.0005384452519837073,0.0006831656043716847,72.549,0,0,161149,999,630784,659456,54929624,1377199,961.68,596.31,0.01,0.08,3.2866914343251974
30-5-2021 22:19:35,1622427575.2258914,1500.0,68.8,2826.1,1209.37,13417.05,11.2,76817271,117901275,0.0005523751322372508,0.0007316557090557132,71.088,0,0,162170,1004,630784,659456,55008255,1383024,968.27,600.6,0.01,0.08,3.286096216897231
30-5-2021 22:19:40,1622427580.2298532,1500.0,94.7,2835.44,1213.65,13423.32,11.1,77094163,118259310,0.0005533455509500438,0.0007155030637735974,71.575,0,0,163185,1009,630784,659456,55086547,1388849,974.55,604.3,0.01,0.08,3.288576289513757
30-5-2021 22:19:45,1622427585.232409,1500.0,45.7,2842.67,1217.99,13431.51,11.1,77337034,118532962,0.0004854938303937044,0.000547024377858608,71.088,0,0,164194,1011,630784,659456,55161382,1391179,978.69,607.92,0.01,0.08,3.286493028515875
30-5-2021 22:19:50,1622427590.2423997,1500.0,94.5,2853.44,1223.33,13435.21,11.1,77609395,118894751,0.0005436357405361449,0.0007221350741583094,73.523,0,0,165205,1017,630784,659456,55240549,1398169,986.66,613.06,0.01,0.08,3.2852033907552816
30-5-2021 22:19:55,1622427595.246331,1500.0,91.2,2864.12,1228.87,13438.89,11.2,77892868,119281469,0.0005665005850683597,0.0007728283584555353,72.549,0,0,166216,1023,630784,659456,55319674,1405157,993.9,617.7,0.01,0.08,3.295222884126047
30-5-2021 22:20:0,1622427600.2520118,1500.0,94.0,2874.79,1233.67,13443.19,11.2,78168274,119653171,0.0005501868997087783,0.0007425603327289613,73.036,0,0,167227,1029,630784,659456,55398832,1412147,1001.51,621.85,0.01,0.08,3.2798464339035847
30-5-2021 22:20:5,1622427605.2523453,1500.0,52.0,2885.01,1238.14,13448.32,11.2,78438001,120003269,0.0005394180156839399,0.0007001492933778078,70.601,0,0,168236,1034,630784,659456,55476816,1417970,1008.68,625.57,0.01,0.08,3.2377348008749696
30-5-2021 22:20:10,1622427610.256092,1500.0,72.2,2896.23,1242.99,13452.14,11.1,78709889,120356771,0.0005433688267901894,0.0007064746035425819,72.549,0,0,169245,1039,630784,659456,55554782,1423795,1016.68,629.66,0.01,0.08,3.238280416850605
30-5-2021 22:20:15,1622427615.2598884,1500.0,87.9,2906.54,1248.59,13456.0,11.2,78965452,120678449,0.0005107382129171239,0.0006428678911061247,73.036,0,0,170252,1043,630784,659456,55631591,1428455,1023.89,634.8,0.01,0.08,3.2437861780592936
30-5-2021 22:20:20,1622427620.2625685,1500.0,91.9,2916.54,1253.93,13460.44,11.1,79238900,121043735,0.000546603013870291,0.0007301806139544744,73.036,0,0,171263,1049,630784,659456,55710738,1435441,1030.97,639.56,0.01,0.08,3.290163535988334
30-5-2021 22:20:25,1622427625.26629,1500.0,73.7,2928.32,1259.63,13462.71,11.1,79523009,121432441,0.0005677953926599489,0.0007768338063886681,72.549,0,0,172274,1055,630784,659456,55789897,1442431,1039.57,644.34,0.01,0.08,3.290709151963969
30-5-2021 22:20:30,1622427630.2728002,1500.0,46.4,2937.21,1264.47,13468.93,11.1,79780770,121758242,0.0005148516366314955,0.0006507546838589929,73.036,0,0,173281,1059,630784,659456,55866728,1447091,1045.62,648.45,0.01,0.08,3.239768460420521
30-5-2021 22:20:35,1622427635.2768042,1500.0,89.4,2948.22,1269.32,13472.62,11.2,80260747,122332195,0.0009591858836341023,0.0011469874920453354,73.036,0,0,174292,1065,630784,659456,55945890,1454081,1053.31,652.56,0.01,0.08,3.2897667243696893
30-5-2021 22:20:40,1622427640.285729,1500.0,94.7,2959.1,1274.76,13476.12,11.2,80537555,122703935,0.0005526295868394774,0.000742155293964435,73.036,0,0,175303,1071,630784,659456,56025029,1461071,1061.01,657.41,0.01,0.08,3.283070528305069
30-5-2021 22:20:45,1622427645.2896152,1500.0,69.7,2966.05,1278.84,13484.87,11.1,80786109,122984663,0.0004967219255815992,0.0005610199502911688,71.575,0,0,176317,1073,630784,659456,56100150,1463401,1064.99,660.78,0.01,0.08,3.284756977684307
30-5-2021 22:20:50,1622427650.298442,1500.0,95.2,2975.72,1283.24,13490.74,11.1,81051791,123321116,0.0005304276114582345,0.0006717201811110928,71.088,0,0,177335,1077,630784,659456,56177587,1468059,1071.68,664.77,0.01,0.08,3.2900147316313424
30-5-2021 22:20:55,1622427655.3029523,1500.0,73.9,2985.47,1287.81,13496.32,11.2,81324917,123669039,0.0005457596808146642,0.0006952188566012772,71.575,0,0,178355,1082,630784,659456,56256205,1473884,1078.24,668.48,0.01,0.08,3.2790528106662964
30-5-2021 22:21:0,1622427660.3077972,1500.0,55.6,2994.5,1291.72,13503.29,11.2,81589761,123997786,0.000529175239358949,0.0006568575176841326,72.062,0,0,179373,1086,630784,659456,56333664,1478542,1083.81,671.8,0.01,0.08,3.265412411275402
30-5-2021 22:21:5,1622427665.3133814,1500.0,78.8,3005.97,1296.91,13506.49,11.2,81861568,124365094,0.000543007543115861,0.0007337964608961529,71.575,0,0,180395,1092,630784,659456,56413451,1485532,1091.52,676.03,0.01,0.08,3.289121905489393
30-5-2021 22:21:10,1622427670.3173206,1500.0,92.0,3016.43,1303.05,13509.69,11.2,82135670,124735968,0.0005477724482388591,0.0007411640884347383,74.01,0,0,181417,1098,630784,659456,56493224,1492522,1099.11,681.44,0.01,0.08,3.290659550511639
30-5-2021 22:21:15,1622427675.3232036,1500.0,82.5,3026.03,1308.55,13514.36,11.1,82404460,125071065,0.0005369482290291169,0.0006694063793406377,72.549,0,0,182435,1102,630784,659456,56570667,1497182,1105.64,686.2,0.01,0.08,3.2889234996800707
30-5-2021 22:21:20,1622427680.3259082,1500.0,76.2,3034.0,1312.87,13521.76,11.2,82665885,125397659,0.000522567330751417,0.0006528348659058172,71.575,0,0,183453,1106,630784,659456,56648112,1501842,1110.54,689.95,0.01,0.08,3.290609949059308
30-5-2021 22:21:25,1622427685.3302898,1500.0,79.3,3043.18,1318.17,13527.2,11.2,82937056,125750830,0.0005418671448446296,0.0007057235523412263,72.062,0,0,184473,1111,630784,659456,56726744,1507667,1116.85,694.56,0.01,0.08,3.289121905489393
30-5-2021 22:21:30,1622427690.3354807,1500.0,68.8,3051.57,1322.43,13534.33,11.2,83201069,126079533,0.0005274783878355048,0.0006567242087196234,70.114,0,0,185491,1115,630784,659456,56804181,1512327,1122.03,698.25,0.01,0.08,3.2946772681504117
30-5-2021 22:21:35,1622427695.34238,1500.0,92.0,3062.08,1327.23,13538.9,11.2,83477554,126444860,0.0005522080239583347,0.0007296471807462485,73.036,0,0,186517,1120,630784,659456,56883103,1518152,1129.95,702.42,0.01,0.08,3.2896179200126983
30-5-2021 22:21:40,1622427700.3461223,1500.0,97.2,3071.39,1332.47,13544.21,11.2,83757654,126812851,0.0005597810354646372,0.0007354315709449028,73.036,0,0,187545,1126,630784,659456,56963184,1525142,1136.05,706.95,0.01,0.08,3.2782591874290077
30-5-2021 22:21:45,1622427705.3481054,1500.0,61.8,3079.78,1338.31,13549.87,11.2,84011981,127114411,0.0005084523309512685,0.0006028808774595876,71.088,0,0,188562,1129,630784,659456,57039531,1528637,1141.28,712.02,0.01,0.08,3.2840625573516795
30-5-2021 22:21:50,1622427710.3627043,1500.0,93.2,3089.06,1342.85,13556.03,11.2,84282535,127466078,0.0005395326890251927,0.0007012864054917778,72.549,0,0,189583,1134,630784,659456,57118182,1534462,1147.17,715.87,0.01,0.08,3.292842014414182
30-5-2021 22:21:55,1622427715.3665528,1500.0,94.5,3100.21,1347.68,13559.86,11.2,84553066,127822913,0.0005406458591833621,0.0007131211031700434,73.523,0,0,190604,1139,630784,659456,57196839,1540285,1155.04,720.18,0.01,0.08,3.2869890430391804
30-5-2021 22:22:0,1622427720.370324,1500.0,81.5,3111.35,1352.65,13563.52,11.2,84829286,128188115,0.0005520236563981414,0.0007298535347328725,72.549,0,0,191627,1145,630784,659456,57276631,1547275,1162.67,724.46,0.01,0.08,3.2910563621302833
30-5-2021 22:22:5,1622427725.3812423,1500.0,59.1,3121.54,1357.33,13568.62,11.1,85103824,128549523,0.0005478796085760717,0.0007212410434120629,72.549,0,0,192648,1150,630784,659456,57355226,1553100,1169.84,728.66,0.01,0.08,3.2899651301790116
30-5-2021 22:22:10,1622427730.3823314,1500.0,87.7,3132.27,1361.9,13573.14,11.2,85374231,128903174,0.0005406962259731176,0.0007071479695851772,72.549,0,0,193669,1155,630784,659456,57433853,1558925,1177.53,732.69,0.01,0.08,3.292296398438546
30-5-2021 22:22:15,1622427735.3862612,1500.0,82.5,3141.84,1367.29,13577.9,11.1,85634548,129221684,0.0005202251183059198,0.0006365197141624194,73.036,0,0,194688,1159,630784,659456,57511309,1563585,1184.58,737.43,0.01,0.08,3.298992594503167
30-5-2021 22:22:20,1622427740.3899395,1500.0,78.3,3151.56,1371.83,13583.67,11.1,85913568,129585001,0.0005576297716466444,0.0007260998342245857,74.01,0,0,195709,1164,630784,659456,57589936,1569410,1191.12,741.28,0.01,0.08,3.2904115432499865
30-5-2021 22:22:25,1622427745.3923597,1500.0,72.1,3161.27,1377.48,13587.97,11.2,86184912,129948960,0.0005424254457979062,0.0007275658309273842,73.036,0,0,196732,1170,630784,659456,57669726,1576400,1197.87,746.02,0.01,0.08,3.27940002083261
30-5-2021 22:22:30,1622427750.3963776,1500.0,57.9,3170.24,1381.45,13595.0,11.1,86447605,130275857,0.0005249641566635087,0.0006532690552120956,72.549,0,0,197751,1174,630784,659456,57747201,1581060,1203.67,749.48,0.01,0.08,3.293437231842148
30-5-2021 22:22:35,1622427755.4000628,1500.0,60.8,3178.75,1385.68,13602.09,11.3,86933051,130822681,0.0009701769338118587,0.0010928425234830153,71.575,0,0,198770,1178,630784,659456,57824628,1585720,1208.71,752.86,0.01,0.08,3.2405124822054794
30-5-2021 22:22:40,1622427760.4023602,1500.0,65.3,3188.61,1390.15,13607.58,11.3,87208693,131175879,0.0005510308122050091,0.0007060715740314786,72.549,0,0,199791,1183,630784,659456,57903267,1591545,1215.21,756.61,0.01,0.08,3.2919491882722327
30-5-2021 22:22:45,1622427765.4061968,1500.0,87.8,3196.83,1395.12,13614.28,11.2,87458738,131469689,0.000499706561985232,0.000587169449406631,71.575,0,0,200806,1185,630784,659456,57978387,1593875,1220.52,761.13,0.01,0.08,3.2896179200126983
30-5-2021 22:22:50,1622427770.410039,1500.0,94.5,3208.27,1400.33,13617.52,11.2,87735076,131847021,0.0005522516370958424,0.0007540845440317597,72.549,0,0,201831,1192,630784,659456,58059364,1602030,1228.5,765.49,0.01,0.08,3.2931396231281655
30-5-2021 22:22:55,1622427775.4104607,1500.0,66.8,3216.42,1404.46,13625.0,11.2,87997112,132173430,0.0005240277969487761,0.0006527629378186703,73.523,0,0,202844,1196,630784,659456,58136524,1606690,1233.93,769.06,0.01,0.08,3.287534659014816
30-5-2021 22:23:0,1622427780.4124281,1500.0,96.0,3226.74,1410.18,13628.94,11.2,88273296,132540678,0.0005521507364026644,0.0007342070997682911,72.549,0,0,203867,1202,630784,659456,58216300,1613678,1240.93,774.15,0.01,0.08,3.2977029567425737
30-5-2021 22:23:5,1622427785.418598,1500.0,95.2,3235.83,1415.4,13634.38,11.2,88551335,132903177,0.0005553926681086866,0.0007241044846109028,73.523,0,0,204888,1207,630784,659456,58294937,1619503,1247.15,778.44,0.01,0.08,3.2930404202235044
30-5-2021 22:23:10,1622427790.4234302,1500.0,71.9,3246.26,1420.65,13638.49,11.2,88823643,133256070,0.0005440901621300673,0.0007051045492037171,73.036,0,0,205909,1212,630784,659456,58373573,1625328,1254.3,782.84,0.01,0.08,3.2918499853675716
30-5-2021 22:23:15,1622427795.4274294,1500.0,73.6,3255.54,1425.72,13644.01,11.2,89084977,133581650,0.000522250279863623,0.0006506395881056364,74.01,0,0,206928,1216,630784,659456,58451016,1629988,1260.68,787.26,0.01,0.08,3.29829817417054
30-5-2021 22:23:20,1622427800.4312332,1500.0,60.3,3265.11,1430.14,13649.79,11.2,89354371,133931763,0.0005383784307611292,0.0006996937108067412,73.036,0,0,207949,1221,630784,659456,58529630,1635811,1267.69,791.32,0.01,0.08,3.287435456110155
30-5-2021 22:23:25,1622427805.4323533,1500.0,61.5,3275.94,1435.27,13653.76,11.2,89629969,134299446,0.0005510725497761322,0.0007352013016035589,72.062,0,0,208972,1227,630784,659456,58609434,1642799,1275.39,795.75,0.01,0.08,3.2971077393146073
30-5-2021 22:23:30,1622427810.436032,1500.0,93.5,3288.52,1439.77,13656.51,11.2,89908421,134673169,0.0005564945537145702,0.000746896463655748,73.523,0,0,209995,1233,630784,659456,58689244,1649789,1284.43,799.66,0.01,0.08,3.2994390075741418
30-5-2021 22:23:35,1622427815.4398704,1500.0,57.1,3298.82,1444.44,13661.34,11.2,90182930,135034369,0.000548596864053993,0.000721845867699428,73.036,0,0,211016,1238,630784,659456,58767863,1655614,1291.67,803.62,0.01,0.08,3.248349511673702
30-5-2021 22:23:40,1622427820.4424026,1500.0,70.0,3308.32,1449.36,13666.76,11.2,90454713,135386463,0.0005432908510299306,0.0007038315453966305,72.549,0,0,212037,1243,630784,659456,58846488,1661439,1298.01,807.63,0.01,0.08,3.2842113617086706
30-5-2021 22:23:45,1622427825.4461656,1500.0,68.8,3316.57,1454.89,13672.82,11.2,90710234,135690184,0.000510657683068663,0.0006069851877508987,72.062,0,0,213054,1246,630784,659456,58922771,1664934,1303.2,812.59,0.01,0.08,3.317394733317792
30-5-2021 22:23:50,1622427830.4518313,1500.0,55.1,3326.33,1459.18,13678.75,11.2,90973931,136018140,0.0005267970568476235,0.0006551695907633352,72.549,0,0,214068,1250,630784,659456,58999923,1669592,1309.82,816.64,0.01,0.08,3.292048391176894
30-5-2021 22:23:55,1622427835.4536345,1500.0,94.3,3336.87,1464.39,13682.95,11.2,91248353,136388225,0.0005486461406764061,0.0007399031672833365,74.01,0,0,215086,1256,630784,659456,59079371,1676580,1317.08,821.02,0.01,0.08,3.3017206743813454
30-5-2021 22:24:0,1622427840.4574537,1500.0,57.1,3345.57,1468.7,13689.6,11.3,91519388,136723699,0.0005416562583350054,0.0006704358905996554,73.036,0,0,216100,1260,630784,659456,59156568,1681238,1322.99,824.8,0.01,0.08,3.2640731720624783
30-5-2021 22:24:5,1622427845.46305,1500.0,83.4,3355.09,1473.1,13695.56,11.3,91784903,137068413,0.0005304363186039795,0.0006886572326657709,72.549,0,0,217116,1265,630784,659456,59234862,1687061,1328.79,828.23,0.01,0.08,3.3010262540487187
30-5-2021 22:24:10,1622427850.4687536,1500.0,75.3,3365.2,1478.72,13699.67,11.2,92062453,137431099,0.0005544674981137574,0.0007245454837718833,73.036,0,0,218132,1270,630784,659456,59313153,1692886,1336.03,833.37,0.01,0.08,3.298397377075201
30-5-2021 22:24:15,1622427855.4770458,1500.0,51.9,3373.98,1484.55,13704.88,11.2,92324681,137760528,0.0005235876614691783,0.0006577671329153635,72.549,0,0,219146,1274,630784,659456,59390303,1697546,1341.83,838.47,0.01,0.08,3.3003318337160916
30-5-2021 22:24:20,1622427860.4808614,1500.0,82.3,3383.22,1489.16,13710.89,11.2,92591607,138099785,0.00053344491208396,0.0006779966003269371,73.523,0,0,220162,1279,630784,659456,59468640,1703371,1347.68,842.3,0.01,0.08,3.3002326308114305
30-5-2021 22:24:25,1622427865.483301,1500.0,62.3,3392.33,1493.73,13717.09,11.2,92859417,138442600,0.0005353587985598152,0.0006852956444056721,73.523,0,0,221178,1284,630784,659456,59546987,1709194,1353.95,846.56,0.01,0.08,3.297008536409946
30-5-2021 22:24:30,1622427870.4859219,1500.0,80.4,3402.44,1498.67,13721.99,11.2,93135277,138804029,0.0005514309470176427,0.0007224792856870862,72.549,0,0,222194,1289,630784,659456,59625322,1715019,1360.32,850.37,0.01,0.08,3.298397377075201
30-5-2021 22:24:35,1622427875.498865,1500.0,64.6,3413.26,1502.92,13726.82,11.3,93649209,139403790,0.0010252101350155074,0.0011964249273970792,73.036,0,0,223210,1294,630784,659456,59703643,1720842,1368.09,854.19,0.01,0.08,3.3033575223082536
30-5-2021 22:24:40,1622427880.502365,1500.0,85.4,3423.19,1507.4,13732.37,11.2,93921792,139748473,0.0005447846264466827,0.0006888837506283295,73.523,0,0,224226,1299,630784,659456,59782005,1726665,1374.59,858.01,0.01,0.08,3.2509287871948893
30-5-2021 22:24:45,1622427885.506093,1500.0,74.5,3431.22,1512.15,13739.56,11.2,94175341,140048720,0.0005067201982469659,0.0006000466156958094,71.088,0,0,225243,1302,630784,659456,59858297,1730160,1379.49,861.81,0.01,0.08,3.302563899070965
30-5-2021 22:24:50,1622427890.5133255,1500.0,96.0,3440.88,1516.71,13745.28,11.2,94447098,140401625,0.0005427289504322357,0.0007047905307031213,73.523,0,0,226264,1307,630784,659456,59936931,1735983,1386.25,865.88,0.01,0.08,3.2897667243696893
30-5-2021 22:24:55,1622427895.517158,1500.0,97.5,3451.3,1521.84,13749.61,11.2,94721731,140770664,0.0005488453014421137,0.0007375126849245948,73.523,0,0,227287,1313,630784,659456,60016703,1742973,1393.98,870.38,0.01,0.08,3.3219580669321997
30-5-2021 22:25:0,1622427900.5212078,1500.0,86.9,3461.55,1526.73,13754.24,11.2,94992729,141122949,0.0005415573625831204,0.0007039997914286991,72.062,0,0,228308,1318,630784,659456,60095374,1748796,1400.73,874.35,0.01,0.08,3.3064824138050763
30-5-2021 22:25:5,1622427905.5323768,1500.0,63.3,3469.43,1530.61,13761.96,11.2,95263585,141458157,0.0005405046254423393,0.0006689217683391753,72.062,0,0,229333,1322,630784,659456,60173150,1753456,1405.7,877.6,0.01,0.08,3.2999846235497774
30-5-2021 22:25:10,1622427910.5362642,1500.0,66.6,3480.24,1535.77,13765.87,11.2,95535154,141814834,0.0005427160475065901,0.0007127998102747664,73.523,0,0,230360,1327,630784,659456,60252100,1759279,1413.64,882.23,0.01,0.08,3.3018198772860066
30-5-2021 22:25:15,1622427915.5444868,1500.0,93.8,3489.94,1540.91,13770.89,11.3,95799102,142149521,0.0005270292919016312,0.0006682750110577888,73.523,0,0,231387,1332,630784,659456,60331066,1765104,1420.22,886.8,0.01,0.08,3.3031095150466006
30-5-2021 22:25:20,1622427920.547039,1500.0,93.2,3500.62,1545.51,13775.36,11.2,96069255,142493812,0.0005400303392571569,0.0006882306897690784,73.523,0,0,232412,1336,630784,659456,60408839,1769764,1427.67,891.01,0.01,0.08,3.29834777562287
30-5-2021 22:25:25,1622427925.5507307,1500.0,22.3,3507.8,1548.58,13785.06,11.2,96320952,142787833,0.0005030226009810643,0.000587608148539925,71.088,0,0,233433,1338,630784,659456,60484326,1772094,1431.26,892.89,0.01,0.08,3.3004806380730827
30-5-2021 22:25:30,1622427930.552363,1500.0,63.6,3514.17,1550.99,13796.15,11.2,96574608,143080418,0.0005071464457355735,0.0005849790378526145,72.062,0,0,234454,1340,630784,659456,60559821,1774424,1434.71,894.55,0.01,0.08,3.297802159647235
30-5-2021 22:25:35,1622427935.5562215,1500.0,92.5,3525.07,1555.86,13800.34,11.2,96853029,143444370,0.0005564126090133537,0.0007273426999961501,73.523,0,0,235481,1345,630784,659456,60638783,1780247,1442.33,898.67,0.01,0.08,3.2938340434607922
30-5-2021 22:25:40,1622427940.5624335,1000.0,22.4,3532.61,1559.46,13809.02,11.2,97106287,143739477,0.0005058874857844298,0.0005894816284870992,72.062,0,0,236504,1348,630784,659456,60715433,1783742,1446.64,901.5,0.01,0.08,3.244232591130268
30-5-2021 22:25:45,1622427945.5663097,1500.0,19.3,3536.61,1560.17,13824.27,11.2,97343262,143978965,0.00047358285874760065,0.0004786049654003392,70.114,0,0,237517,1349,630784,659456,60789445,1784907,1447.32,901.58,0.01,0.08,3.244232591130268
30-5-2021 22:25:50,1622427950.570239,1500.0,22.5,3540.52,1560.9,13839.61,11.2,97574395,144210594,0.0004619030018304268,0.0004628942228542871,69.14,0,0,238522,1349,630784,659456,60861942,1784907,1448.03,901.64,0.01,0.08,3.244232591130268
30-5-2021 22:25:55,1622427955.5723455,1500.0,21.9,3544.32,1561.76,13854.72,11.2,97808208,144445015,0.00046742907884637794,0.0004686445667787795,68.166,0,0,239527,1349,630784,659456,60934441,1784907,1448.74,901.76,0.01,0.08,3.244232591130268
30-5-2021 22:26:0,1622427960.5762014,900.0,22.5,3548.18,1562.48,13869.94,11.2,98040627,144677208,0.0004644797984113833,0.0004640281467200802,67.679,0,0,240532,1349,630784,659456,61006913,1784907,1449.41,901.85,0.01,0.08,3.244232591130268
30-5-2021 22:26:5,1622427965.5800726,1500.0,21.4,3552.0,1563.27,13885.18,11.2,98274144,144911437,0.00046667268311139683,0.0004680955814458877,68.166,0,0,241542,1349,630784,659456,61079714,1784907,1450.05,901.91,0.01,0.08,3.244232591130268
30-5-2021 22:26:10,1622427970.5823367,1500.0,21.5,3555.78,1564.03,13900.44,11.2,98508339,145145626,0.00046817800686105955,0.00046816601229225505,67.192,0,0,242553,1349,630784,659456,61152529,1784907,1450.7,902.01,0.01,0.08,3.244232591130268
30-5-2021 22:26:15,1622427975.586233,1500.0,20.0,3559.49,1564.71,13915.85,11.2,98743835,145382150,0.0004706252665392978,0.0004726796656543673,67.192,0,0,243570,1349,630784,659456,61225696,1784907,1451.32,902.11,0.01,0.08,3.244232591130268
30-5-2021 22:26:20,1622427980.5901337,1500.0,20.5,3563.13,1565.49,13931.12,11.2,98977060,145616629,0.000466086381183503,0.00046859242608436743,67.192,0,0,244587,1349,630784,659456,61298831,1784907,1451.91,902.25,0.01,0.08,3.244232591130268
30-5-2021 22:26:25,1622427985.592433,1500.0,21.6,3566.95,1566.14,13946.53,11.2,99210743,145853111,0.00046715117504062215,0.0004727466019177964,66.705,0,0,245604,1349,630784,659456,61371934,1784907,1452.52,902.37,0.01,0.08,3.244232591130268
30-5-2021 22:26:30,1622427990.5963442,1500.0,24.7,3570.79,1566.93,13961.69,11.2,99444467,146088316,0.000467082623983076,0.00047004230876563545,66.218,0,0,246621,1349,630784,659456,61445049,1784907,1453.13,902.5,0.01,0.08,3.244232591130268
30-5-2021 22:26:35,1622427995.6002464,1500.0,29.3,3574.97,1567.96,13976.25,11.3,99928413,146569836,0.0009671372080400471,0.0009622889917789247,66.218,0,0,247626,1349,630784,659456,61517540,1784907,1453.77,902.66,0.01,0.08,3.244232591130268
30-5-2021 22:26:40,1622428000.601149,1500.0,23.5,3578.84,1568.8,13991.34,11.2,100162232,146802298,0.0004675535922937191,0.00046484008216518986,66.705,0,0,248637,1349,630784,659456,61590367,1784907,1454.45,902.76,0.01,0.08,3.244232591130268
30-5-2021 22:26:45,1622428005.602458,800.0,20.9,3582.65,1569.48,14006.79,11.2,100395749,147035879,0.00046691177015599456,0.0004670397366564634,66.218,0,0,249654,1349,630784,659456,61663493,1784907,1455.16,902.83,0.01,0.08,3.244232591130268
30-5-2021 22:26:50,1622428010.6063204,1500.0,21.1,3586.26,1570.16,14022.18,11.2,100626897,149770184,0.0004619391629924546,0.005464388889655475,65.731,0,0,250671,1349,630784,659456,61736673,1784907,1455.73,902.98,0.01,0.08,3.244232591130268
30-5-2021 22:26:55,1622428015.6102202,1500.0,21.9,3589.52,1570.97,14037.78,11.2,100860710,152811295,0.00046726155349204686,0.0060774817918668005,66.218,0,0,251688,1349,630784,659456,61809823,1784907,1456.3,903.13,0.01,0.08,3.244232591130268
30-5-2021 22:27:0,1622428020.6123273,1500.0,21.3,3593.13,1571.59,14053.15,11.2,101095163,153045510,0.0004687084728068034,0.00046823267332235226,65.731,0,0,252705,1349,630784,659456,61882953,1784907,1456.91,903.23,0.01,0.08,3.244232591130268
30-5-2021 22:27:5,1622428025.6162362,1500.0,21.5,3596.77,1572.38,14068.5,11.2,101328680,153279523,0.00046666916993326875,0.00046766039501875247,65.244,0,0,253722,1349,630784,659456,61956121,1784907,1457.57,903.34,0.01,0.08,3.244232591130268
30-5-2021 22:27:10,1622428030.6202018,1500.0,21.9,3600.4,1573.12,14083.95,11.2,101562875,153513928,0.0004680188034078082,0.0004684384705600345,65.244,0,0,254739,1349,630784,659456,62029233,1784907,1458.18,903.48,0.01,0.08,3.244232591130268
30-5-2021 22:27:15,1622428035.6225138,800.0,16.0,3603.69,1573.75,14099.77,11.2,101798545,153750777,0.000471122158299969,0.00047347906849064096,65.244,0,0,255756,1349,630784,659456,62102382,1784907,1458.82,903.62,0.01,0.08,3.244232591130268
30-5-2021 22:27:20,1622428040.626359,1500.0,21.7,3607.33,1574.3,14115.13,11.2,102033867,153986541,0.0004702823326787261,0.0004711656533671615,65.244,0,0,256773,1349,630784,659456,62175540,1784907,1459.43,903.75,0.01,0.08,3.244232591130268
30-5-2021 22:27:25,1622428045.6302552,1500.0,19.5,3610.97,1574.95,14130.68,11.2,102265224,154218621,0.00046235371212560863,0.0004637985862114016,64.757,0,0,257790,1349,630784,659456,62248690,1784907,1460.1,903.86,0.01,0.08,3.244232591130268
30-5-2021 22:27:30,1622428050.6340997,1500.0,20.7,3614.91,1575.61,14145.87,11.2,102499259,154452549,0.0004677103775292559,0.00046749654194741714,65.244,0,0,258808,1349,630784,659456,62321898,1784907,1460.79,903.92,0.01,0.08,3.244232591130268
30-5-2021 22:27:35,1622428055.6415734,1500.0,20.9,3618.42,1576.29,14161.38,11.2,102733586,154686634,0.00046795452897359206,0.00046747125134868493,65.244,0,0,259826,1349,630784,659456,62395044,1784907,1461.44,904.01,0.01,0.08,3.244232591130268
30-5-2021 22:27:40,1622428060.6444626,1000.0,24.9,3622.01,1577.08,14176.84,11.2,102967955,154921464,0.00046846730494302274,0.0004693887724902612,64.757,0,0,260844,1349,630784,659456,62468188,1784907,1462.08,904.14,0.01,0.08,3.244232591130268
30-5-2021 22:27:45,1622428065.647612,1500.0,20.4,3625.5,1577.83,14192.24,11.2,103201538,155155073,0.00046687191649928304,0.0004669238837650044,64.757,0,0,261862,1349,630784,659456,62541314,1784907,1462.64,904.32,0.01,0.08,3.244232591130268
30-5-2021 22:27:50,1622428070.6512473,1500.0,20.7,3629.26,1578.53,14207.8,11.2,103434881,155388962,0.00046634695009097873,0.0004674381567470588,64.27,0,0,262880,1349,630784,659456,62614468,1784907,1463.29,904.41,0.01,0.08,3.244232591130268
30-5-2021 22:27:55,1622428075.6523259,1500.0,24.2,3632.93,1579.18,14223.14,11.2,103668694,155623343,0.0004675251449472551,0.000468660899940904,65.244,0,0,263898,1349,630784,659456,62687628,1784907,1463.94,904.51,0.01,0.08,3.244232591130268
30-5-2021 22:28:0,1622428080.6554873,1500.0,18.6,3636.69,1579.84,14238.52,11.2,103906368,155861081,0.0004750476339975925,0.00047517555311611556,64.757,0,0,264916,1349,630784,659456,62760783,1784907,1464.64,904.58,0.01,0.08,3.244232591130268
30-5-2021 22:28:5,1622428085.6569312,1500.0,23.7,3640.39,1580.45,14253.96,11.2,104136557,156091766,0.00046024509383543646,0.0004612368074557327,64.27,0,0,265934,1349,630784,659456,62833911,1784907,1465.28,904.72,0.01,0.08,3.244232591130268
30-5-2021 22:28:10,1622428090.6608398,1500.0,21.1,3643.97,1581.18,14269.51,11.2,104370844,156326047,0.0004682079892494318,0.00046819599862282644,64.27,0,0,266952,1349,630784,659456,62907041,1784907,1465.93,904.81,0.01,0.08,3.244232591130268
30-5-2021 22:28:15,1622428095.6627176,1000.0,20.6,3647.53,1581.77,14285.02,11.2,104601342,156557139,0.00046082293474607183,0.0004620104887519164,63.783,0,0,267970,1349,630784,659456,62980160,1784907,1466.59,904.91,0.01,0.08,3.244232591130268
30-5-2021 22:28:20,1622428100.666612,1500.0,19.6,3651.11,1582.36,14300.64,11.2,104834755,156791048,0.00046646268815858926,0.0004674539161250121,63.783,0,0,268988,1349,630784,659456,63053326,1784907,1467.22,904.99,0.01,0.08,3.244232591130268
30-5-2021 22:28:25,1622428105.6701505,1500.0,19.2,3654.79,1582.96,14316.03,11.2,105068744,157025749,0.00046764703603988155,0.00046907002895690066,63.296,0,0,270006,1349,630784,659456,63126466,1784907,1467.86,905.07,0.01,0.08,3.244232591130268
30-5-2021 22:28:30,1622428110.6741714,1500.0,22.6,3658.35,1583.6,14331.62,11.2,105302292,157259862,0.00046672066983333876,0.00046784976183350936,63.296,0,0,271024,1349,630784,659456,63199588,1784907,1468.49,905.16,0.01,0.08,3.244232591130268
30-5-2021 22:28:35,1622428115.6780782,1500.0,26.1,3662.3,1584.28,14346.69,11.3,105787329,157743702,0.0009693166289424014,0.0009669244980228137,63.783,0,0,272042,1349,630784,659456,63272690,1784907,1469.08,905.31,0.01,0.08,3.244232591130268
30-5-2021 22:28:40,1622428120.6820855,1500.0,19.7,3666.19,1584.96,14361.88,11.2,106023638,157978443,0.0004722395151895854,0.0004691060265801068,63.783,0,0,273060,1349,630784,659456,63345812,1784907,1469.71,905.41,0.01,0.08,3.244232591130268
30-5-2021 22:28:45,1622428125.6849291,1500.0,19.7,3669.77,1585.69,14377.34,11.2,106263092,158218073,0.0004786357884936636,0.00047898758841671726,64.27,0,0,274083,1349,630784,659456,63419260,1784907,1470.34,905.52,0.01,0.08,3.244232591130268
30-5-2021 22:28:50,1622428130.6888382,1500.0,21.1,3673.62,1586.21,14392.86,11.2,106503279,158459431,0.00047999872633757443,0.000482338896740391,63.783,0,0,275106,1349,630784,659456,63492708,1784907,1471.03,905.61,0.01,0.08,3.244232591130268
30-5-2021 22:28:55,1622428135.692342,1500.0,19.4,3677.37,1586.93,14408.17,11.2,106735610,158692330,0.00046433661152825266,0.00046547181602247877,64.27,0,0,276129,1349,630784,659456,63566164,1784907,1471.67,905.7,0.01,0.08,3.244232591130268
30-5-2021 22:29:0,1622428140.6943161,1500.0,21.1,3681.17,1587.43,14423.66,11.2,106972279,158928524,0.0004731511898950419,0.00047220156482711943,64.27,0,0,277152,1349,630784,659456,63639580,1784907,1472.31,905.79,0.01,0.08,3.244232591130268
30-5-2021 22:29:5,1622428145.6974409,1500.0,22.8,3684.85,1588.17,14438.94,11.2,107207775,159164516,0.00047069784078305706,0.00047168922122700684,62.809,0,0,278175,1349,630784,659456,63713026,1784907,1472.99,905.88,0.01,0.08,3.244232591130268
30-5-2021 22:29:10,1622428150.701354,1500.0,20.6,3688.31,1588.93,14454.53,11.2,107441816,159398901,0.0004677159501433514,0.0004684034121130461,62.809,0,0,279198,1349,630784,659456,63786468,1784907,1473.55,906.02,0.01,0.08,3.244232591130268
30-5-2021 22:29:15,1622428155.7023535,900.0,22.2,3691.9,1589.54,14470.16,11.2,107675487,159638209,0.0004672486016131419,0.0004785203485021152,62.809,0,0,280221,1349,630784,659456,63859885,1784907,1474.26,906.05,0.01,0.08,3.244232591130268
30-5-2021 22:29:20,1622428160.7062445,1500.0,24.6,3695.66,1590.15,14485.57,11.2,107908818,159874998,0.0004662991268391602,0.00047320974900513823,64.27,0,0,281244,1349,630784,659456,63933329,1784907,1474.85,906.19,0.01,0.08,3.244232591130268
30-5-2021 22:29:25,1622428165.7101784,1500.0,20.5,3699.11,1590.84,14501.19,11.2,108142631,160111247,0.0004672583698471795,0.0004721265396621501,62.809,0,0,282267,1349,630784,659456,64006743,1784907,1475.48,906.31,0.01,0.08,3.244232591130268
30-5-2021 22:29:30,1622428170.7140725,1500.0,23.9,3702.95,1591.47,14516.45,11.2,108382699,160351296,0.0004797623523816371,0.00047972438195369486,62.809,0,0,283290,1349,630784,659456,64080175,1784907,1476.15,906.42,0.01,0.08,3.244232591130268
30-5-2021 22:29:35,1622428175.7179904,1500.0,20.6,3706.62,1592.18,14531.77,11.2,108619056,160587640,0.00047234387771308614,0.0004723178980703835,62.809,0,0,284313,1349,630784,659456,64153669,1784907,1476.78,906.53,0.01,0.08,3.244232591130268
30-5-2021 22:29:40,1622428180.7215664,1500.0,19.8,3710.05,1592.98,14547.23,11.2,108851275,160819929,0.0004641060676027311,0.0004642459675451655,63.296,0,0,285336,1349,630784,659456,64227143,1784907,1477.4,906.67,0.01,0.08,3.244232591130268
30-5-2021 22:29:45,1622428185.7223725,1500.0,20.1,3713.6,1593.64,14562.84,11.2,109082446,161051581,0.0004622674738650733,0.0004632293187977383,61.835,0,0,286354,1349,630784,659456,64300297,1784907,1478.03,906.75,0.01,0.08,3.244232591130268
30-5-2021 22:29:50,1622428190.726267,1500.0,20.2,3717.38,1594.28,14578.21,11.2,109319453,161288908,0.00047364507146061376,0.00047428457334396486,62.809,0,0,287372,1349,630784,659456,64373429,1784907,1478.62,906.92,0.01,0.08,3.244232591130268
30-5-2021 22:29:55,1622428195.7290034,1500.0,21.0,3721.01,1594.95,14593.84,11.2,109555421,161525372,0.00047167786673753037,0.00047266932414659357,63.783,0,0,288390,1349,630784,659456,64446587,1784907,1479.22,907.03,0.01,0.08,3.244232591130268
30-5-2021 22:30:0,1622428200.732376,1500.0,21.6,3724.57,1595.63,14609.43,11.2,109790118,161759823,0.0004690775912892162,0.0004685859229361603,62.322,0,0,289408,1349,630784,659456,64519748,1784907,1479.82,907.15,0.01,0.08,3.244232591130268
30-5-2021 22:30:5,1622428205.736324,1000.0,22.1,3727.99,1596.34,14625.07,11.2,110023779,161993980,0.00046695329617541464,0.00046794451351550565,63.296,0,0,290420,1349,630784,659456,64592562,1784907,1480.43,907.29,0.01,0.08,3.244232591130268
30-5-2021 22:30:10,1622428210.740221,1500.0,19.8,3731.54,1597.05,14640.51,11.2,110257974,162228241,0.00046802522566254356,0.0004681571228631402,62.809,0,0,291432,1349,630784,659456,64665370,1784907,1481.03,907.42,0.01,0.08,3.244232591130268
30-5-2021 22:30:15,1622428215.7423565,1500.0,23.1,3734.95,1597.84,14656.02,11.2,110496388,162466559,0.0004766244322548053,0.0004764325142235803,63.783,0,0,292444,1349,630784,659456,64738214,1784907,1481.63,907.54,0.01,0.08,3.244232591130268
30-5-2021 22:30:20,1622428220.7462957,1500.0,22.7,3738.99,1598.51,14671.18,11.2,110728702,162699361,0.00046426224011558584,0.00046523747179846506,62.809,0,0,293456,1349,630784,659456,64811046,1784907,1482.27,907.66,0.01,0.08,3.244232591130268
30-5-2021 22:30:25,1622428225.7502205,900.0,21.0,3742.62,1599.07,14686.82,11.2,110961091,162932226,0.0004644134496856344,0.00046536470298097265,62.322,0,0,294468,1349,630784,659456,64883893,1784907,1482.95,907.75,0.01,0.08,3.244232591130268
30-5-2021 22:30:30,1622428230.7523732,1500.0,27.3,3746.5,1599.7,14702.11,11.2,111193972,163166345,0.00046556155886292585,0.0004680364933138785,62.809,0,0,295474,1349,630784,659456,64956387,1784907,1483.56,907.91,0.01,0.08,3.244232591130268
30-5-2021 22:30:35,1622428235.756293,1500.0,23.9,3750.34,1600.57,14717.12,11.3,111679284,163650301,0.0009698636579551487,0.000967153782410783,63.296,0,0,296486,1349,630784,659456,65029167,1784907,1484.18,908.02,0.01,0.08,3.244232591130268
30-5-2021 22:30:40,1622428240.760195,1500.0,20.4,3754.19,1601.18,14732.51,11.2,111915200,163884975,0.0004714640733535526,0.00046898201033491413,62.322,0,0,297498,1349,630784,659456,65101987,1784907,1484.81,908.12,0.01,0.08,3.244232591130268
30-5-2021 22:30:45,1622428245.7623532,1500.0,21.7,3757.94,1601.79,14747.9,11.2,112148695,164118760,0.0004667885186733708,0.0004673682684342448,62.809,0,0,298510,1349,630784,659456,65174795,1784907,1485.45,908.22,0.01,0.08,3.244232591130268
30-5-2021 22:30:50,1622428250.7663007,1500.0,21.7,3761.38,1602.44,14763.49,11.2,112382058,164353126,0.0004663578108427942,0.00046836222835660457,62.809,0,0,299522,1349,630784,659456,65247627,1784907,1486.07,908.32,0.01,0.08,3.244232591130268
30-5-2021 22:30:55,1622428255.7690587,1000.0,24.9,3765.08,1603.26,14778.71,11.2,112615871,164587435,0.0004673681972605748,0.00046835965036985975,62.809,0,0,300534,1349,630784,659456,65320441,1784907,1486.71,908.5,0.01,0.08,3.244232591130268
30-5-2021 22:31:0,1622428260.7723625,1500.0,24.4,3768.82,1603.94,14794.09,11.3,112851768,164822588,0.00047148246642793215,0.0004699954489795442,62.809,0,0,301546,1349,630784,659456,65393223,1784907,1487.35,908.59,0.01,0.08,3.244232591130268
30-5-2021 22:31:5,1622428265.7762592,1500.0,21.0,3772.58,1604.76,14809.48,11.2,113083803,165055191,0.0004637086121007836,0.00046484372745697226,62.322,0,0,302558,1349,630784,659456,65466025,1784907,1487.95,908.74,0.01,0.08,3.244232591130268
30-5-2021 22:31:10,1622428270.7801628,1500.0,19.2,3776.41,1605.37,14824.89,11.2,113315614,165287680,0.0004632603208640334,0.00046461526302616463,62.322,0,0,303564,1349,630784,659456,65538543,1784907,1488.59,908.85,0.01,0.08,3.244232591130268
30-5-2021 22:31:15,1622428275.7824185,1500.0,20.1,3780.25,1605.91,14840.15,11.2,113546924,165519905,0.0004624113897438828,0.00046424056453794985,61.835,0,0,304570,1349,630784,659456,65611043,1784907,1489.24,908.96,0.01,0.08,3.244232591130268
30-5-2021 22:31:20,1622428280.7828119,1500.0,20.3,3783.78,1606.6,14855.8,11.2,113780739,165754154,0.00046759321064007014,0.00046846114235282504,62.322,0,0,305570,1349,630784,659456,65683233,1784907,1489.87,909.04,0.01,0.08,3.244232591130268
30-5-2021 22:31:25,1622428285.7867281,1500.0,20.4,3787.36,1607.29,14871.29,11.2,114016531,165990298,0.0004712149196343463,0.0004719183686559895,62.809,0,0,306570,1349,630784,659456,65755437,1784907,1490.51,909.18,0.01,0.08,3.244232591130268
30-5-2021 22:31:30,1622428290.7886508,1500.0,21.2,3791.77,1608.14,14885.81,11.3,114253699,166227537,0.0004741536777240197,0.0004742956231429565,61.835,0,0,307570,1349,630784,659456,65827617,1784907,1491.13,909.31,0.01,0.08,3.244232591130268
30-5-2021 22:31:35,1622428295.7924006,800.0,22.1,3795.35,1608.75,14901.3,11.2,114487694,166461267,0.0004676392848076127,0.000467109681993561,62.322,0,0,308570,1349,630784,659456,65899812,1784907,1491.82,909.41,0.01,0.08,3.244232591130268
30-5-2021 22:31:40,1622428300.7962928,1500.0,19.2,3799.14,1609.49,14916.66,11.2,114720243,166694160,0.0004647362322792073,0.0004654236971313634,61.835,0,0,309570,1349,630784,659456,65971974,1784907,1492.46,909.52,0.01,0.08,3.244232591130268
30-5-2021 22:31:45,1622428305.8002195,900.0,24.7,3803.03,1610.27,14931.87,11.2,114952943,166927026,0.00046503478456012224,0.0004653665240282657,62.809,0,0,310570,1349,630784,659456,66044157,1784907,1493.14,909.62,0.01,0.08,3.244232591130268
30-5-2021 22:31:50,1622428310.8023381,1500.0,20.3,3806.77,1610.94,14947.46,11.2,115184986,167159601,0.00046388944192595703,0.0004649529912814843,63.296,0,0,311564,1349,630784,659456,66116045,1784907,1493.77,909.71,0.01,0.08,3.244232591130268
30-5-2021 22:31:55,1622428315.8062453,1500.0,20.2,3810.17,1611.74,14963.03,11.2,115418799,167393910,0.00046726086332758845,0.0004682520887436709,62.322,0,0,312558,1349,630784,659456,66187871,1784907,1494.4,909.82,0.01,0.08,3.244232591130268
30-5-2021 22:32:0,1622428320.8101985,1000.0,23.6,3813.73,1612.25,14978.71,11.2,115653417,167628441,0.0004688652946124092,0.0004686914320757271,62.809,0,0,313552,1349,630784,659456,66259733,1784907,1495.07,909.9,0.01,0.08,3.244232591130268
30-5-2021 22:32:5,1622428325.814504,900.0,21.0,3816.43,1612.7,14995.23,11.3,115889481,167865021,0.00047172181329991486,0.0004727529254375672,62.809,0,0,314546,1349,630784,659456,66331614,1784907,1495.68,910.05,0.01,0.08,3.244232591130268
30-5-2021 22:32:10,1622428330.817244,1500.0,22.4,3820.32,1613.34,15010.53,11.2,116122338,168097800,0.00046545891504141945,0.0004653030004871083,62.322,0,0,315546,1349,630784,659456,66403786,1784907,1496.35,910.12,0.01,0.08,3.244232591130268
30-5-2021 22:32:15,1622428335.8211484,1500.0,21.3,3824.19,1614.09,15025.8,11.2,116353471,168329429,0.0004619053126773641,0.00046289653866018776,62.322,0,0,316546,1349,630784,659456,66475992,1784907,1496.96,910.27,0.01,0.08,3.244232591130268
30-5-2021 22:32:20,1622428340.8235679,1500.0,20.3,3827.75,1614.87,15041.25,11.2,116586988,168563730,0.0004668081141918745,0.00046837535581251214,62.809,0,0,317546,1349,630784,659456,66548204,1784907,1497.58,910.39,0.01,0.08,3.244232591130268
30-5-2021 22:32:25,1622428345.8274777,1500.0,19.3,3831.39,1615.67,15056.75,11.2,116818432,168795670,0.0004625263204875147,0.000463517545384085,61.835,0,0,318546,1349,630784,659456,66620418,1784907,1498.22,910.5,0.01,0.08,3.244232591130268
30-5-2021 22:32:30,1622428350.8307261,1500.0,20.1,3835.07,1616.36,15072.11,11.2,117052156,169029814,0.00046714450059601685,0.0004679839552102213,62.322,0,0,319546,1349,630784,659456,66692636,1784907,1498.89,910.62,0.01,0.08,3.244232591130268
30-5-2021 22:32:35,1622428355.8323843,1500.0,21.1,3838.87,1617.09,15087.37,11.3,117536379,169512738,0.0009681249308121778,0.0009655277921278835,61.348,0,0,320546,1349,630784,659456,66764814,1784907,1499.52,910.68,0.01,0.08,3.244232591130268
30-5-2021 22:32:40,1622428360.8337004,1500.0,20.9,3842.87,1617.84,15102.37,11.2,117772250,169747467,0.0004716178635231663,0.00046933446454599885,62.809,0,0,321546,1349,630784,659456,66837035,1784907,1500.17,910.75,0.01,0.08,3.244232591130268
30-5-2021 22:32:45,1622428365.835316,1500.0,20.9,3846.64,1618.7,15117.68,11.2,118005767,169981264,0.0004668831477866458,0.0004674429669063684,62.322,0,0,322552,1349,630784,659456,66909613,1784907,1500.81,910.83,0.01,0.08,3.244232591130268
30-5-2021 22:32:50,1622428370.8383286,1500.0,21.5,3850.38,1619.29,15133.06,11.2,118239284,170215794,0.00046675276678652216,0.0004687775467929232,62.809,0,0,323558,1349,630784,659456,66982191,1784907,1501.46,910.92,0.01,0.08,3.244232591130268
30-5-2021 22:32:55,1622428375.8422234,1500.0,20.8,3853.99,1619.93,15148.65,11.2,118473097,170450103,0.00046726202102396737,0.00046825324889593296,62.809,0,0,324564,1349,630784,659456,67054783,1784907,1502.07,911.05,0.01,0.08,3.244232591130268
30-5-2021 22:33:0,1622428380.8450487,900.0,20.9,3857.54,1620.81,15164.01,11.2,118707413,170684246,0.0004683673480780256,0.00046802154347561905,63.296,0,0,325570,1349,630784,659456,67127344,1784907,1502.73,911.16,0.01,0.08,3.244232591130268
30-5-2021 22:33:5,1622428385.84895,1000.0,22.5,3861.21,1621.55,15179.4,11.2,118938546,170916203,0.00046190559878383163,0.00046355231393657,62.322,0,0,326576,1349,630784,659456,67199917,1784907,1503.44,911.23,0.01,0.08,3.244232591130268
30-5-2021 22:33:10,1622428390.8494148,1500.0,22.6,3865.12,1622.15,15194.62,11.3,119172024,171149776,0.0004669125849523231,0.00046710256728714895,62.809,0,0,327582,1349,630784,659456,67272481,1784907,1504.07,911.33,0.01,0.08,3.244232591130268
30-5-2021 22:33:15,1622428395.8497615,1500.0,23.3,3868.74,1622.83,15210.08,11.2,119405367,171384110,0.0004666536459121153,0.0004686355085053746,61.835,0,0,328588,1349,630784,659456,67345049,1784907,1504.71,911.44,0.01,0.08,3.244232591130268
30-5-2021 22:33:20,1622428400.8523316,1500.0,19.3,3872.18,1623.42,15225.79,11.2,119639130,171618391,0.00046728580086644457,0.00046832126860449043,62.809,0,0,329594,1349,630784,659456,67417605,1784907,1505.35,911.52,0.01,0.08,3.244232591130268
30-5-2021 22:33:25,1622428405.856253,1500.0,19.1,3875.68,1624.04,15241.43,11.2,119871954,171851545,0.00046528309983334736,0.0004659425826312763,61.835,0,0,330600,1349,630784,659456,67490175,1784907,1505.97,911.6,0.01,0.08,3.244232591130268
30-5-2021 22:33:30,1622428410.860171,1500.0,21.2,3879.39,1624.62,15257.04,11.2,120104429,172084495,0.0004645859345794259,0.000465535190709871,61.835,0,0,331606,1349,630784,659456,67562719,1784907,1506.65,911.68,0.01,0.08,3.244232591130268
30-5-2021 22:33:35,1622428415.864011,1500.0,21.5,3883.26,1625.25,15272.24,11.2,120338645,172318508,0.0004680725231448283,0.00046766683471108166,61.835,0,0,332612,1349,630784,659456,67635277,1784907,1507.35,911.75,0.01,0.08,3.244232591130268
30-5-2021 22:33:40,1622428420.8679395,1000.0,20.6,3887.04,1626.04,15287.47,11.2,120573158,172553053,0.0004686577828041428,0.0004687217325598055,62.809,0,0,333618,1349,630784,659456,67707843,1784907,1507.96,911.86,0.01,0.08,3.244232591130268
30-5-2021 22:33:45,1622428425.8718555,1500.0,20.8,3890.51,1626.84,15302.93,11.2,120808654,172788829,0.0004706234053805649,0.00047118296712898763,62.809,0,0,334619,1349,630784,659456,67780075,1784907,1508.53,912.03,0.01,0.08,3.244232591130268
30-5-2021 22:33:50,1622428430.8723934,1500.0,18.7,3894.21,1627.45,15318.39,11.2,121042171,173022842,0.0004669837644723582,0.0004679756577699695,61.835,0,0,335620,1349,630784,659456,67852342,1784907,1509.2,912.1,0.01,0.08,3.244232591130268
30-5-2021 22:33:55,1622428435.8763435,1500.0,19.8,3897.57,1628.17,15334.04,11.2,121275984,173257223,0.0004672568559613434,0.00046839195920276303,61.835,0,0,336621,1349,630784,659456,67924592,1784907,1509.8,912.22,0.01,0.08,3.244232591130268
30-5-2021 22:34:0,1622428440.8782232,800.0,22.6,3901.05,1628.94,15349.54,11.2,121509249,173489733,0.00046635467936076734,0.00046484524681444716,62.322,0,0,337622,1349,630784,659456,67996815,1784907,1510.46,912.36,0.01,0.08,3.244232591130268
30-5-2021 22:34:5,1622428445.882112,1500.0,24.3,3904.85,1629.54,15364.93,11.2,121743095,173724003,0.0004673285263179411,0.0004681758672823314,62.809,0,0,338623,1349,630784,659456,68069097,1784907,1511.06,912.47,0.01,0.08,3.244232591130268
30-5-2021 22:34:10,1622428450.8823323,800.0,21.8,3908.45,1630.3,15380.39,11.2,121977024,173957900,0.00046783738720008024,0.00046777339001978025,62.322,0,0,339624,1349,630784,659456,68141346,1784907,1511.7,912.61,0.01,0.08,3.244232591130268
30-5-2021 22:34:15,1622428455.8863187,1500.0,19.5,3911.89,1630.95,15396.0,11.2,122210541,174192129,0.0004666619436255732,0.0004680848092150652,61.835,0,0,340625,1349,630784,659456,68213610,1784907,1512.33,912.7,0.01,0.08,3.244232591130268
30-5-2021 22:34:20,1622428460.8901837,1500.0,22.3,3915.43,1631.83,15411.57,11.2,122444058,174426142,0.000466673261234385,0.0004676644950099656,61.835,0,0,341626,1349,630784,659456,68285872,1784907,1512.93,912.82,0.01,0.08,3.244232591130268
30-5-2021 22:34:25,1622428465.891265,800.0,21.1,3918.85,1632.6,15427.24,11.2,122677871,174660451,0.0004675248997735752,0.00046851668530426715,62.322,0,0,342627,1349,630784,659456,68358093,1784907,1513.51,912.99,0.01,0.08,3.244232591130268
30-5-2021 22:34:30,1622428470.8923447,1500.0,22.1,3922.28,1633.27,15442.82,11.2,122910769,174893731,0.0004656954286252859,0.00046645926366781465,61.835,0,0,343628,1349,630784,659456,68430353,1784907,1514.14,913.07,0.01,0.08,3.244232591130268
30-5-2021 22:34:35,1622428475.8962734,1500.0,21.0,3926.37,1634.06,15457.79,11.3,123393167,175375111,0.0009640385238229963,0.0009620041223179076,61.835,0,0,344635,1349,630784,659456,68502919,1784907,1514.74,913.2,0.01,0.08,3.244232591130268
30-5-2021 22:34:40,1622428480.9001782,1500.0,24.4,3930.25,1634.81,15472.91,11.2,123629800,175609880,0.0004728966847618566,0.00046917159392331715,61.348,0,0,345642,1349,630784,659456,68575505,1784907,1515.36,913.31,0.01,0.08,3.244232591130268
30-5-2021 22:34:45,1622428485.9023652,1500.0,19.8,3933.82,1635.44,15488.45,11.2,123860948,175841308,0.0004620938788780714,0.0004626536340396383,62.322,0,0,346649,1349,630784,659456,68648061,1784907,1515.96,913.44,0.01,0.08,3.244232591130268
30-5-2021 22:34:50,1622428490.9058352,900.0,25.3,3937.41,1636.18,15503.78,11.2,124094291,176075642,0.0004663623497525073,0.00046834297522061537,61.835,0,0,347656,1349,630784,659456,68720604,1784907,1516.64,913.58,0.01,0.08,3.244232591130268
30-5-2021 22:34:55,1622428495.9097128,1500.0,19.7,3940.94,1637.0,15519.42,11.2,124328104,176310024,0.000467263623997655,0.00046840074213075567,62.322,0,0,348663,1349,630784,659456,68793166,1784907,1517.24,913.68,0.01,0.08,3.244232591130268
30-5-2021 22:35:0,1622428500.9124155,1500.0,22.3,3944.66,1637.65,15534.83,11.2,124562659,176544383,0.0004688565630531897,0.0004684647748314148,63.296,0,0,349670,1349,630784,659456,68865742,1784907,1517.86,913.79,0.01,0.08,3.244232591130268
30-5-2021 22:35:5,1622428505.9159071,1500.0,19.1,3948.26,1638.23,15550.43,11.2,124796014,176778260,0.00046638431076854683,0.0004674275822228597,62.809,0,0,350677,1349,630784,659456,68938300,1784907,1518.49,913.91,0.01,0.08,3.244232591130268
30-5-2021 22:35:10,1622428510.919834,1500.0,21.6,3951.91,1639.05,15565.99,11.2,125030371,177013068,0.0004683461839499638,0.0004692474761194378,61.835,0,0,351684,1349,630784,659456,69010840,1784907,1519.15,913.99,0.01,0.08,3.244232591130268
30-5-2021 22:35:15,1622428515.9223707,900.0,19.9,3955.7,1639.51,15581.47,11.2,125262996,177246706,0.0004650140729076511,0.0004670390455282011,61.835,0,0,352696,1349,630784,659456,69083697,1784907,1519.85,914.07,0.01,0.08,3.244232591130268
30-5-2021 22:35:20,1622428520.925772,1000.0,21.4,3959.41,1640.28,15596.82,11.2,125495035,177479255,0.00046376252281234544,0.00046478182942301995,61.835,0,0,353708,1349,630784,659456,69156561,1784907,1520.49,914.22,0.01,0.08,3.244232591130268
30-5-2021 22:35:25,1622428525.9297361,1500.0,20.9,3963.02,1641.01,15612.25,11.2,125728848,177713636,0.0004672555424506985,0.0004683906425012175,61.835,0,0,354720,1349,630784,659456,69229413,1784907,1521.05,914.37,0.01,0.08,3.244232591130268
30-5-2021 22:35:30,1622428530.9323559,1500.0,56.8,3967.78,1641.89,15626.28,11.4,126189662,177955133,0.0009211453671105475,0.0004827410684594997,63.296,0,0,355732,1349,630784,659456,69302283,1784907,1521.69,914.58,0.01,0.08,3.244232591130268
30-5-2021 22:35:35,1622428535.9362276,1500.0,22.6,3972.75,1642.88,15640.0,11.4,126547914,178201999,0.0007159496145386461,0.0004933499814172632,63.296,0,0,356746,1363,630784,692224,69375193,1810031,1522.22,914.64,0.01,0.08,3.244232591130268
