time_stamp,time,cpu_freq,cpu,cpu_user_time,cpu_system_time,cpu_idle_time,memory,net_sent,net_recv,net_upload_rate,net_download_rate,temp,gpu,gpu_mem,io_counters_read_count_ipykernel,io_counters_write_count_ipykernel,io_counters_read_bytes_ipykernel,io_counters_write_bytes_ipykernel,io_counters_read_chars_ipykernel,io_counters_write_chars_ipykernel,memory_percent_ipykernel,cpu_times_user_ipykernel,cpu_times_system_ipykernel,cpu_times_children_user_ipykernel,cpu_times_children_system_ipykernel
12-6-2021 15:5:48,1623524748.8145778,1500.0,76.8,3837.03,1257.62,7273.47,13.0,91227045,121298832,0.0,0.0,69.627,0,0,12936,251,0,438272,40791337,445346,3.0269782299225723,46.89,3.35,0.03,0.05
12-6-2021 15:5:55,1623524755.1530375,1500.0,93.9,3855.07,1263.42,7274.46,13.1,91618708,121605535,0.0006179151034707849,0.0004838762302790924,71.575,0,0,13976,255,0,438272,40870581,450000,3.1261315331312898,54.85,6.91,0.03,0.05
12-6-2021 15:6:0,1623524760.156131,1500.0,88.0,3869.83,1267.49,7275.47,13.0,91983875,121785732,0.0007298824245081905,0.00036017116346521565,72.062,0,0,15010,257,0,438272,40947525,452328,3.0750420372308502,60.72,9.29,0.03,0.05
12-6-2021 15:6:5,1623524765.159689,1500.0,98.8,3884.17,1271.94,7276.56,12.8,92403469,121982562,0.0008385912717919849,0.0003933800769954203,72.062,0,0,16046,260,0,438272,41025602,455820,3.1246930910137047,66.22,11.62,0.03,0.05
12-6-2021 15:6:10,1623524770.1661155,1500.0,94.2,3899.35,1275.87,7277.37,12.8,92982404,122469384,0.0011563836832150906,0.0009723941676183628,73.523,0,0,17080,262,0,438272,41102515,458148,3.080994211510513,72.05,13.71,0.03,0.05
12-6-2021 15:6:15,1623524775.1694562,1500.0,96.5,3913.78,1280.58,7278.28,12.9,93521976,122829847,0.001078423457593546,0.0007204446390741964,73.036,0,0,18132,265,0,438272,41182777,461640,3.12042736611328,77.36,16.07,0.03,0.05
12-6-2021 15:6:20,1623524780.174015,1500.0,96.0,3928.22,1285.02,7278.97,13.0,97358902,123459660,0.007666861659681569,0.001258478569164229,73.523,0,0,19184,268,0,438272,41263055,465132,3.1284131999384943,83.88,18.35,0.03,0.05
12-6-2021 15:6:25,1623524785.177336,1500.0,97.7,3942.93,1289.47,7279.74,13.0,104591178,124651014,0.014454951216866506,0.0023811264879850798,74.01,0,0,20234,270,0,438272,41342180,467460,3.1299508449607405,90.23,20.6,0.03,0.05
12-6-2021 15:6:30,1623524790.1809447,1500.0,92.3,3956.55,1294.15,7281.24,13.1,110874949,125491823,0.012558478034987565,0.001680405183148759,73.523,0,0,21292,273,0,438272,41423196,470952,3.134166968408835,95.56,23.22,0.03,0.05
12-6-2021 15:6:35,1623524795.1830308,1500.0,96.5,3969.86,1298.39,7283.55,13.1,111958406,125760187,0.0021660102700908996,0.0005365041530237695,74.497,0,0,22350,275,0,438272,41503446,473280,3.1345141785751487,101.71,25.94,0.03,0.05
12-6-2021 15:6:40,1623524800.1911998,1500.0,94.1,3984.07,1303.24,7284.36,13.9,112885044,126560919,0.0018502530802836533,0.001598851816439311,74.984,0,0,23402,278,0,438272,41583748,476772,3.1233042503484505,108.05,28.49,0.03,0.05
12-6-2021 15:6:45,1623524805.1927845,1500.0,84.3,3997.13,1308.7,7285.66,13.4,113627422,127296200,0.0014842855502637576,0.001470096047678522,74.984,0,0,24456,282,0,438272,41665210,481428,3.1339189611471823,114.13,31.48,0.03,0.05
12-6-2021 15:6:50,1623524810.1964855,1500.0,92.5,4009.52,1313.38,7288.46,13.4,114751307,127534671,0.0022461074440262977,0.0004765892313576524,74.01,0,0,25510,286,0,438272,41746652,486084,3.1480553750613813,121.38,34.71,0.03,0.05
12-6-2021 15:6:55,1623524815.2019424,1500.0,80.5,4021.71,1317.91,7291.51,13.2,115886716,127773554,0.0022683423654222593,0.00047724514186444315,74.984,0,0,26564,290,0,438272,41828122,490740,3.1242466779427303,127.36,37.99,0.03,0.05
12-6-2021 15:7:0,1623524820.2039847,1500.0,73.9,4034.0,1322.55,7294.4,13.3,116671541,128519922,0.0015690091245574493,0.0014921265279236701,75.471,0,0,27616,293,0,438272,41908436,494232,3.121320192255229,134.58,41.54,0.03,0.05
12-6-2021 15:7:5,1623524825.2077084,1500.0,93.9,4045.58,1327.22,7297.82,13.2,117634903,129295774,0.0019252901896618776,0.0015505492683223411,75.958,0,0,28670,297,0,438272,41989934,498888,3.1181953007584062,140.42,44.76,0.03,0.05
12-6-2021 15:7:10,1623524830.2186532,1500.0,90.1,4059.11,1331.67,7299.76,13.2,118749609,129524930,0.0022245425460872327,0.00045731096063999463,74.984,0,0,29724,301,0,438272,42071415,503544,3.1317364972446393,148.24,48.19,0.03,0.05
12-6-2021 15:7:15,1623524835.230166,1500.0,92.3,4069.89,1335.72,7304.66,13.2,119535468,130264805,0.0015681073524249128,0.001476350626989552,74.497,0,0,30773,305,0,438272,42152608,508196,3.122808235825145,154.11,50.76,0.03,0.05
12-6-2021 15:7:20,1623524840.2322857,1500.0,94.2,4082.15,1340.81,7307.15,13.2,119855842,130506195,0.0006404764662122205,0.00048257540929965575,75.958,0,0,31824,310,0,438272,42234949,514016,3.1238994677764165,161.03,54.17,0.03,0.05
12-6-2021 15:7:25,1623524845.2340062,1500.0,83.7,4094.48,1345.25,7310.02,13.2,120756864,131321624,0.0018014241557203446,0.001630297038113259,74.01,0,0,32873,314,0,438272,42316141,518672,3.118443308020059,167.51,57.13,0.03,0.05
12-6-2021 15:7:30,1623524850.2399542,1500.0,66.3,4105.78,1349.75,7313.91,13.2,121756022,132074984,0.001995941601240742,0.0015049297155312028,75.958,0,0,33922,318,0,438272,42397332,523328,3.142500012400363,174.23,60.73,0.03,0.05
12-6-2021 15:7:35,1623524855.2437358,1500.0,90.1,4117.36,1355.33,7316.68,13.3,122562972,132291672,0.001612680311469068,0.0004330484804902527,76.445,0,0,34969,321,0,438272,42477385,526820,3.119038525448025,181.37,65.34,0.03,0.05
12-6-2021 15:7:40,1623524860.2623115,1500.0,90.6,4130.54,1360.01,7318.95,13.2,123796848,132534748,0.00245861790584373,0.00048435256547730123,75.958,0,0,36025,326,0,438272,42560054,532638,3.127817982510528,189.22,68.86,0.03,0.05
12-6-2021 15:7:45,1623524865.2658422,1500.0,70.3,4141.46,1364.46,7323.23,13.2,125120650,132781190,0.0026457357186233,0.00049253619647724,75.471,0,0,37079,330,0,438272,42641543,537294,3.1213697937075597,194.77,71.87,0.03,0.05
12-6-2021 15:7:50,1623524870.2722743,1500.0,91.1,4154.91,1368.85,7325.27,13.3,126502739,133632723,0.002760626698660066,0.0017008779713825245,76.445,0,0,38133,334,0,438272,42723030,541948,3.089525661311363,202.36,74.98,0.03,0.05
12-6-2021 15:7:55,1623524875.2810311,1500.0,95.5,4168.53,1372.82,7327.55,13.1,127848604,134448097,0.0026870240127865965,0.0016278969416708645,76.932,0,0,39187,338,0,438272,42804534,546604,3.097164284970264,209.83,77.85,0.03,0.05
12-6-2021 15:8:0,1623524880.282305,1500.0,86.6,4180.62,1377.74,7330.27,13.0,128853887,134676568,0.0020100538903419446,0.00045682561266858633,75.471,0,0,40241,342,0,438272,42886026,551260,3.132827729195911,216.07,81.58,0.03,0.05
12-6-2021 15:8:5,1623524885.2840452,1500.0,87.5,4191.84,1382.58,7333.87,13.0,129891876,134912525,0.0020752557208563553,0.0004717498105722729,76.445,0,0,41295,346,0,438272,42967535,555916,3.1207745762795938,222.48,85.25,0.03,0.05
12-6-2021 15:8:10,1623524890.2878647,1500.0,92.3,4204.11,1387.15,7336.83,13.1,131252089,135158103,0.0027183494715207215,0.0004907810956939212,76.445,0,0,42349,350,0,438272,43049011,560572,3.0845655160783108,229.36,88.47,0.03,0.05
12-6-2021 15:8:15,1623524895.29167,1500.0,85.1,4216.29,1392.22,7339.43,13.0,132656024,135401110,0.0028057346120956583,0.0004856443858736549,76.932,0,0,43403,354,0,438272,43130487,565228,3.0849127262446245,236.33,92.35,0.03,0.05
12-6-2021 15:8:20,1623524900.2928336,1500.0,91.2,4229.45,1397.74,7340.58,13.0,134040739,136185588,0.0027687857131633645,0.0015685909943136097,76.932,0,0,44459,359,0,438272,43213122,571048,3.1302484536747235,244.24,96.69,0.03,0.05
12-6-2021 15:8:25,1623524905.29949,1500.0,87.9,4241.4,1401.74,7344.32,13.0,135370050,136418495,0.0026550873309253644,0.00046519469483351434,76.445,0,0,45513,363,0,438272,43294609,575706,3.0754388488494944,250.84,99.63,0.03,0.05
12-6-2021 15:8:30,1623524910.3032837,1500.0,77.0,4253.75,1407.46,7346.1,13.1,136563112,136677500,0.002384314917064651,0.0005176172613781429,77.419,0,0,46569,368,0,438272,43377235,581529,3.143045628375999,258.16,103.92,0.03,0.05
12-6-2021 15:8:35,1623524915.3056982,1500.0,79.0,4265.29,1412.74,7348.94,13.1,137523761,136885150,0.001920370666466746,0.00041509955133646085,76.445,0,0,47621,371,0,438272,43457554,585024,3.107481387055013,265.15,108.41,0.03,0.05
12-6-2021 15:8:40,1623524920.311784,1500.0,63.5,4277.1,1417.5,7352.1,13.0,138835993,137689577,0.0026212734527171107,0.0016068981245304698,76.445,0,0,48673,374,0,438272,43537855,588519,3.122907438729806,271.47,111.92,0.03,0.05
12-6-2021 15:8:45,1623524925.312407,1500.0,76.9,4289.44,1422.52,7354.41,13.0,140213435,137932509,0.002754540790967617,0.00048580347007811953,76.445,0,0,49728,378,0,438272,43619381,593175,3.097015480613272,279.13,115.67,0.03,0.05
12-6-2021 15:8:50,1623524930.3273344,1500.0,94.8,4302.64,1426.95,7356.74,13.1,141591107,138688105,0.0027471424681163423,0.0015066937996408693,77.419,0,0,50783,382,0,438272,43700904,597833,3.124048272133408,286.53,119.04,0.03,0.05
12-6-2021 15:8:55,1623524935.3328426,1500.0,91.2,4315.28,1431.56,7359.34,13.1,142981025,138942368,0.0027767770000309126,0.0005079664054705817,77.906,0,0,51840,387,0,438272,43783603,603658,3.1254371127986627,293.6,122.24,0.03,0.05
12-6-2021 15:9:0,1623524940.3355687,1500.0,86.7,4326.59,1436.94,7362.35,13.1,144006599,139173758,0.002050030291490893,0.00046252782261258353,76.932,0,0,52893,390,0,438272,43863961,607151,3.120080155946966,299.97,126.29,0.03,0.05
12-6-2021 15:9:5,1623524945.3387835,1500.0,87.7,4338.96,1441.83,7364.98,13.1,145168719,139422458,0.0023227465500983463,0.0004970803935991625,77.419,0,0,53952,396,0,438272,43947814,614141,3.1543051580550276,307.47,129.99,0.03,0.05
12-6-2021 15:9:10,1623524950.359944,1500.0,95.5,4351.99,1446.61,7367.14,13.1,146537933,139668341,0.002726887483541762,0.0004896935578482977,77.906,0,0,55007,400,0,438272,44029332,618801,3.109167836434251,314.91,133.67,0.03,0.05
12-6-2021 15:9:15,1623524955.362724,1500.0,92.4,4363.43,1451.31,7370.75,13.1,147858912,139904726,0.0026404899084009194,0.00047250728966724776,77.419,0,0,56062,404,0,438272,44110856,623461,3.088484030812422,321.6,136.95,0.03,0.05
12-6-2021 15:9:20,1623524960.3657358,1500.0,90.6,4375.84,1455.56,7373.84,12.7,149228949,140664051,0.0027384245354532314,0.001517735805954894,77.906,0,0,57117,408,0,438272,44192378,628121,3.1020252272986553,328.75,139.75,0.03,0.05
12-6-2021 15:9:25,1623524965.3694494,1500.0,81.1,4389.02,1459.79,7376.07,12.7,150594566,140902510,0.002729206959156236,0.0004765640456097404,77.419,0,0,58172,412,0,438272,44273936,632781,3.122709032920484,336.4,142.77,0.03,0.05
12-6-2021 15:9:30,1623524970.3729057,1500.0,84.4,4402.49,1463.96,7378.28,12.7,151790297,141692026,0.0023898099940660488,0.0015779412152691957,77.419,0,0,59225,415,0,438272,44354317,636276,3.123949069228747,344.78,145.99,0.03,0.05
12-6-2021 15:9:35,1623524975.3772128,1500.0,88.3,4414.07,1468.4,7382.05,12.7,152804654,141911777,0.0020269679569786636,0.000439123736035753,77.906,0,0,60280,419,0,438272,44435861,640936,3.127173163630231,351.21,149.54,0.03,0.05
12-6-2021 15:9:40,1623524980.380959,1500.0,87.1,4427.06,1473.04,7384.4,12.7,154135210,142157096,0.0026591196433679467,0.0004902706626338022,79.367,0,0,61335,423,0,438272,44517384,645596,3.1253379098940015,358.86,152.79,0.03,0.05
12-6-2021 15:9:45,1623524985.382308,1500.0,73.8,4438.62,1477.21,7388.43,12.8,155574254,142413594,0.0028773117172271696,0.0005128576338495101,76.932,0,0,62390,427,0,438272,44598933,650256,3.144434469041254,364.88,155.7,0.03,0.05
12-6-2021 15:9:50,1623524990.386417,1500.0,88.8,4452.12,1481.86,7390.07,12.8,157064732,143267608,0.0029785083179840023,0.0017066255272971422,77.419,0,0,63445,431,0,438272,44680491,654916,3.084763921887633,372.83,159.24,0.03,0.05
12-6-2021 15:9:55,1623524995.3922875,1500.0,82.2,4464.89,1486.65,7392.24,12.7,158426758,143508421,0.0027208573974296137,0.000481061178308797,77.906,0,0,64494,435,0,438272,44761689,659574,3.082730262342081,380.51,162.74,0.03,0.05
12-6-2021 15:10:0,1623525000.3959515,1500.0,82.0,4476.04,1491.37,7396.17,12.8,159400674,143727417,0.0019464056674167224,0.0004376712730272349,78.393,0,0,65541,438,0,438272,44841704,663069,3.1328773306482414,386.64,166.34,0.03,0.05
12-6-2021 15:10:5,1623525005.4007075,1500.0,67.1,4487.05,1496.06,7400.13,12.7,160558100,143962709,0.0023126522173218186,0.0004701368083299367,77.419,0,0,66590,442,0,438272,44922882,667729,3.132926932100572,392.91,169.96,0.03,0.05
12-6-2021 15:10:10,1623525010.420802,1500.0,90.8,4499.46,1500.53,7403.16,12.7,161939484,144198443,0.002751709083114047,0.0004695807892655531,77.906,0,0,67628,446,0,438272,45003459,672389,3.1314884899829867,399.61,173.21,0.03,0.05
12-6-2021 15:10:15,1623525015.4400668,1500.0,70.5,4510.86,1505.22,7406.85,12.8,163312399,145292797,0.0027352910886314584,0.0021803074072380235,77.906,0,0,68668,451,0,438272,45085208,678214,3.123105844539128,405.72,176.66,0.03,0.05
12-6-2021 15:10:20,1623525020.4423363,1500.0,94.4,4522.83,1510.0,7409.89,12.8,164747434,145784293,0.0028687678625639083,0.0009825460210926638,77.906,0,0,69704,454,0,438272,45164627,681709,3.0912617121429316,412.33,179.88,0.03,0.05
12-6-2021 15:10:25,1623525025.4459374,1500.0,81.7,4535.74,1514.64,7412.01,12.7,166073319,146031943,0.0026498615303919295,0.0004949435343197648,78.88,0,0,70742,458,0,438272,45245183,686369,3.131885301601631,419.7,183.78,0.03,0.05
12-6-2021 15:10:30,1623525030.4494312,1500.0,76.5,4547.43,1519.75,7415.09,12.7,167351430,146266421,0.002554437068778711,0.00046862854244513554,78.393,0,0,71780,462,0,438272,45325763,691027,3.1096142495052255,425.82,187.42,0.03,0.05
12-6-2021 15:10:35,1623525035.4524834,1500.0,90.8,4558.9,1524.99,7418.11,12.7,168360219,146494244,0.0020163471270865934,0.0004553680219889878,78.393,0,0,72818,466,0,438272,45406341,695687,3.0813910231291572,432.72,191.54,0.03,0.05
12-6-2021 15:10:40,1623525040.4562683,1500.0,89.4,4571.13,1528.77,7421.75,12.7,169725043,146723354,0.002727583276769699,0.0004578733994571503,79.367,0,0,73849,469,0,438272,45485465,699182,3.1290084173664607,439.73,194.17,0.03,0.05
12-6-2021 15:10:45,1623525045.460002,1500.0,92.0,4582.76,1533.25,7425.44,12.7,171153749,146982227,0.002855279885446258,0.0005173596735683403,78.393,0,0,74884,474,0,438272,45566904,705007,3.1225602285634926,445.7,197.05,0.03,0.05
12-6-2021 15:10:50,1623525050.462388,1500.0,87.8,4595.67,1537.63,7427.9,12.7,172575021,147753842,0.00284118813209791,0.0015424938931807063,78.88,0,0,75919,479,0,438272,45648271,710830,3.135208598907776,453.6,200.45,0.03,0.05
12-6-2021 15:10:55,1623525055.4658835,1500.0,78.7,4607.73,1541.82,7431.43,12.7,173962669,147996268,0.002773357171079388,0.00048451328114629337,78.88,0,0,76950,482,0,438272,45727337,714321,3.1418055920677355,459.84,203.4,0.03,0.05
12-6-2021 15:11:0,1623525060.469333,1500.0,85.6,4617.92,1547.14,7435.47,12.8,174986729,148787296,0.0020467080007098067,0.001580965311002751,79.367,0,0,77981,485,0,438272,45806384,717816,3.124494685204383,465.1,207.36,0.03,0.05
12-6-2021 15:11:5,1623525065.4951718,1500.0,70.9,4628.91,1551.29,7439.93,12.8,176107001,149010997,0.0022290249110754625,0.0004451018160165496,77.906,0,0,79014,489,0,438272,45886605,722476,3.0792581606789446,471.39,210.49,0.03,0.05
12-6-2021 15:11:10,1623525070.5023775,1500.0,93.9,4642.09,1555.78,7441.81,12.7,177397130,149272775,0.002576544825453773,0.0005228025657260923,78.393,0,0,80054,494,0,438272,45968280,728301,3.154751571126003,478.99,213.86,0.03,0.05
12-6-2021 15:11:15,1623525075.5087023,1500.0,94.1,4654.5,1560.09,7444.95,12.8,178789273,149516776,0.002780768456892755,0.0004873854799760435,78.88,0,0,81092,498,0,438272,46048817,732959,3.1324805190295972,485.9,217.03,0.03,0.05
12-6-2021 15:11:20,1623525080.5123186,1500.0,93.7,4667.86,1564.91,7446.54,12.8,180141631,150280641,0.002702761183104261,0.0015266258425150267,79.367,0,0,82130,502,0,438272,46129369,737619,3.1345637800274795,494.01,220.71,0.03,0.05
12-6-2021 15:11:25,1623525085.514732,1500.0,86.7,4679.51,1569.19,7450.29,12.7,181510495,150512669,0.0027364072605261303,0.00046383212930236825,77.419,0,0,83168,506,0,438272,46209915,742279,3.096965879160942,500.56,223.43,0.03,0.05
12-6-2021 15:11:30,1623525090.5236645,1500.0,72.6,4689.87,1574.31,7454.65,12.8,182732684,150752183,0.002440018862145941,0.00047817373397078755,76.932,0,0,84206,510,0,438272,46290434,746939,3.126429141845273,505.37,227.24,0.03,0.05
12-6-2021 15:11:35,1623525095.5275385,1500.0,36.3,4696.84,1576.36,7464.98,12.8,183664132,150906709,0.0018614537220187624,0.00030881272797694695,76.445,0,0,85242,510,0,438272,46366636,746939,3.11760008333044,507.64,228.27,0.03,0.05
12-6-2021 15:11:40,1623525100.534184,1500.0,55.7,4706.35,1579.45,7471.9,12.8,184990014,151123400,0.002648244249787601,0.00043280676163544345,76.932,0,0,86284,513,0,438272,46446313,750434,3.1284628013908247,511.6,229.97,0.03,0.05
12-6-2021 15:11:45,1623525105.5387983,1500.0,42.4,4712.38,1580.98,7483.81,12.9,186215043,151849319,0.0024477989981817813,0.0014504993767177107,75.958,0,0,87320,513,0,438272,46522503,750434,3.1284628013908247,512.18,230.09,0.03,0.05
12-6-2021 15:11:50,1623525110.5477479,1500.0,90.7,4724.37,1584.78,7487.75,12.9,187718465,152369284,0.003001471654957193,0.001038071951235127,77.906,0,0,88362,516,0,438272,46602196,753929,3.0945850094490766,519.04,232.71,0.03,0.05
12-6-2021 15:11:55,1623525115.5525792,1500.0,93.9,4737.6,1589.71,7489.63,12.8,189099298,153130980,0.0027590000808087583,0.0015219214239170905,77.906,0,0,89408,521,0,438272,46684195,759752,3.13649823666837,526.52,236.76,0.03,0.05
12-6-2021 15:12:0,1623525120.556122,1500.0,68.8,4747.35,1594.4,7494.64,12.8,190048167,153350592,0.0018963942529278512,0.000438912995022486,76.932,0,0,90448,523,0,438272,46762687,762082,3.13937512090354,531.22,240.06,0.03,0.05
12-6-2021 15:12:5,1623525125.5590577,1500.0,90.5,4759.94,1599.13,7497.05,12.8,191228094,153596424,0.0023584692728959482,0.0004913754989033701,78.88,0,0,91494,528,0,438272,46844697,767907,3.0871943930518286,539.23,243.77,0.03,0.05
12-6-2021 15:12:10,1623525130.562304,1500.0,84.8,4772.77,1603.92,7499.11,12.8,192622727,153835274,0.0027874562120693428,0.0004773900490328011,78.393,0,0,92543,532,0,438272,46925850,772567,3.1435912443516347,546.36,247.61,0.03,0.05
12-6-2021 15:12:15,1623525135.5662134,1500.0,93.3,4785.86,1609.1,7500.7,12.8,194010244,154096590,0.0027728659795862544,0.0005222236890225934,79.367,0,0,93594,537,0,438272,47008159,778390,3.1253379098940015,553.9,251.51,0.03,0.05
12-6-2021 15:12:20,1623525140.5719523,1500.0,91.8,4799.52,1613.2,7502.59,12.8,195378644,154328213,0.0027336623168168974,0.00046271489828126293,78.88,0,0,94641,540,0,438272,47088126,781885,3.124891496823027,562.46,254.71,0.03,0.05
12-6-2021 15:12:25,1623525145.5727577,1500.0,89.2,4811.11,1617.93,7505.97,12.8,196814714,155076495,0.0028716774428557412,0.0014963229788902907,79.367,0,0,95688,543,0,438272,47168111,785378,3.1378374758812937,568.79,257.84,0.03,0.05
12-6-2021 15:12:30,1623525150.574451,1500.0,91.4,4823.73,1623.11,7507.99,12.9,198054924,155904534,0.0024795802907550363,0.0016555173594605022,78.88,0,0,96749,547,0,438272,47274040,790038,3.1379862802382856,576.12,261.68,0.03,0.05
12-6-2021 15:12:35,1623525155.578173,1500.0,93.2,4834.62,1627.43,7512.53,12.9,199074721,156119805,0.0020380768749611367,0.0004302217470239262,77.419,0,0,97801,550,0,438272,47354350,793533,3.129702837699088,582.17,264.86,0.03,0.05
12-6-2021 15:12:40,1623525160.5818813,1500.0,85.3,4846.93,1631.93,7515.6,12.8,200489260,156357761,0.002826981305662714,0.00047555929074438865,77.906,0,0,98855,554,0,438272,47435792,798193,3.130942874007351,589.23,267.96,0.03,0.05
12-6-2021 15:12:45,1623525165.5843344,1500.0,70.5,4858.48,1636.86,7518.91,12.9,201948000,156616542,0.0029160493344306013,0.0005173081994140734,77.906,0,0,99904,558,0,438272,47516938,802853,3.13084367110269,595.46,271.35,0.03,0.05
12-6-2021 15:12:50,1623525170.5904133,1500.0,85.8,4871.56,1641.57,7521.04,12.9,203364101,156881976,0.002828762813643481,0.0005302233588399724,78.393,0,0,100959,565,0,438272,47601563,811006,3.1481049765137126,602.83,274.87,0.03,0.05
12-6-2021 15:12:55,1623525175.5925486,1500.0,82.3,4884.88,1645.58,7523.66,12.8,204746919,157643192,0.0027644554244965654,0.0015217821147928197,79.367,0,0,102008,569,0,438272,47682718,815664,3.1304468594840458,610.85,277.85,0.03,0.05
12-6-2021 15:13:0,1623525180.594685,1500.0,78.0,4896.74,1650.64,7526.36,12.9,205739560,157872731,0.0019844340636728016,0.00045888192260987724,78.393,0,0,103062,573,0,438272,47764156,820322,3.1383830918569298,617.45,281.73,0.03,0.05
12-6-2021 15:13:5,1623525185.5984077,1500.0,90.2,4909.47,1655.31,7528.79,12.9,206848477,158094663,0.002216183976701154,0.00044353377422948746,78.393,0,0,104116,577,0,438272,47845608,824982,3.1499402302499417,624.73,285.64,0.03,0.05
12-6-2021 15:13:10,1623525190.5987422,1500.0,78.1,4921.24,1660.02,7531.85,12.9,208236242,158345372,0.0027753443287614225,0.0005013844572528111,77.906,0,0,105170,581,0,438272,47927073,829642,3.158174071336809,631.06,288.98,0.03,0.05
12-6-2021 15:13:15,1623525195.6024926,1500.0,74.1,4933.1,1664.71,7535.11,12.9,209665986,159162674,0.002857344806097035,0.0016333788599306722,78.88,0,0,106224,585,0,438272,48008523,834302,3.107679792864335,637.45,292.38,0.03,0.05
12-6-2021 15:13:20,1623525200.6062872,1500.0,93.4,4945.15,1669.63,7537.96,12.8,211118494,159423042,0.002902812956490731,0.0005203410954401481,78.88,0,0,107278,589,0,438272,48089993,838960,3.139623128165193,643.75,296.22,0.03,0.05
12-6-2021 15:13:25,1623525205.6092074,1500.0,77.7,4957.6,1673.44,7541.53,12.9,212543105,160192589,0.0028475589397214075,0.0015381956473632381,79.854,0,0,108334,594,0,438272,48172611,844785,3.141111171735109,650.56,298.69,0.03,0.05
12-6-2021 15:13:30,1623525210.6122732,1500.0,76.6,4969.11,1678.46,7544.64,12.8,213744814,160420880,0.0024019452115004213,0.0004563022114993253,78.393,0,0,109386,597,0,438272,48252899,848280,3.1379862802382856,657.47,302.36,0.03,0.05
12-6-2021 15:13:35,1623525215.615965,1500.0,87.6,4980.73,1683.04,7548.27,12.8,214788070,160655494,0.0020849725924786595,0.00046888180831146744,79.367,0,0,110440,601,0,438272,48334357,852938,3.140962367378117,664.31,305.86,0.03,0.05
12-6-2021 15:13:40,1623525220.6200125,1500.0,90.3,4993.82,1687.68,7550.3,12.8,216170927,160893545,0.002763476892379669,0.0004757168945942151,78.88,0,0,111494,605,0,438272,48415854,857598,3.1379862802382856,671.98,309.41,0.03,0.05
12-6-2021 15:13:45,1623525225.6261063,1500.0,93.8,5007.2,1692.01,7552.51,12.8,217532309,161152561,0.002719449675894442,0.0005174014180086669,78.88,0,0,112550,610,0,438272,48498518,863423,3.119683344328322,679.83,312.46,0.03,0.05
12-6-2021 15:13:50,1623525230.6271493,1500.0,92.0,5021.12,1696.38,7554.02,12.9,219062661,161544144,0.003060065620564939,0.0007830026529175513,78.88,0,0,113606,615,0,438272,48581147,869248,3.137391062810319,688.06,315.67,0.03,0.05
12-6-2021 15:13:55,1623525235.627677,1500.0,83.8,5033.52,1700.62,7557.14,12.9,220491584,162301997,0.002857544460298031,0.0015155460734205017,80.341,0,0,114660,619,0,438272,48662619,873908,3.1379862802382856,694.93,318.5,0.03,0.05
12-6-2021 15:14:0,1623525240.631288,1500.0,67.3,5044.48,1705.76,7560.68,12.9,221474512,162527502,0.0019644372489236736,0.00045068450773457777,79.854,0,0,115712,622,0,438272,48742930,877403,3.1399703383315063,701.23,322.61,0.03,0.05
12-6-2021 15:14:5,1623525245.6625736,1500.0,91.5,5057.37,1710.78,7562.78,12.9,222712954,163344681,0.002461482247433165,0.0016241952400477264,79.367,0,0,116768,627,0,438272,48825567,883228,3.141507983353753,709.19,326.16,0.03,0.05
12-6-2021 15:14:10,1623525250.6661787,1500.0,94.7,5070.72,1715.25,7564.66,12.9,224084733,163595121,0.002741581250099051,0.0005005191129728669,79.854,0,0,117822,631,0,438272,48907041,887888,3.108225408839971,717.18,329.31,0.03,0.05
12-6-2021 15:14:15,1623525255.6699407,1500.0,91.8,5083.44,1719.87,7566.95,12.9,225424737,163834385,0.002677993074390373,0.0004781682255806238,79.367,0,0,118876,635,0,438272,48988529,892548,3.122213018397179,724.62,332.92,0.03,0.05
12-6-2021 15:14:20,1623525260.6748364,1500.0,93.5,5095.7,1724.54,7569.65,12.9,226802144,164077749,0.0027521192970101924,0.00048625189257611473,80.341,0,0,119930,639,0,438272,49069985,897208,3.1394247223558707,731.73,336.42,0.03,0.05
12-6-2021 15:14:25,1623525265.6784945,1500.0,93.3,5108.44,1729.55,7571.73,12.9,228158733,164322878,0.0027111944596274347,0.0004898995839521132,79.854,0,0,120984,643,0,438272,49151470,901868,3.141111171735109,739.23,340.01,0.03,0.05
12-6-2021 15:14:30,1623525270.6822193,900.0,45.3,5119.64,1734.15,7575.59,12.9,229312996,165066214,0.002306807514463498,0.0014855653092676788,78.393,0,0,122038,647,0,438272,49232948,906528,3.1424504109480327,745.1,343.25,0.03,0.05
12-6-2021 15:14:35,1623525275.687419,1500.0,93.0,5131.65,1738.64,7578.9,12.9,230322518,165297266,0.0020169465084303685,0.0004616239414949387,78.393,0,0,123092,651,0,438272,49314406,911188,3.1438888530656177,752.24,346.8,0.03,0.05
12-6-2021 15:14:40,1623525280.6916175,1500.0,74.6,5143.12,1743.41,7582.4,12.9,231696324,165537979,0.0027453067378323923,0.00048102208083517515,77.906,0,0,124146,655,0,438272,49395861,915848,3.1050013144384865,758.99,350.18,0.03,0.05
12-6-2021 15:14:45,1623525285.692511,1500.0,89.9,5155.74,1748.05,7584.81,12.9,233115450,165785215,0.0028377448423085702,0.0004943836444635653,78.88,0,0,125200,659,0,438272,49477349,920504,3.0945850094490766,766.14,353.54,0.03,0.05
12-6-2021 15:14:50,1623525290.697292,1500.0,73.2,5167.99,1752.72,7587.84,12.9,234502923,166608392,0.0027722951270931434,0.0016447812576065642,78.88,0,0,126254,663,0,438272,49558849,925164,3.1401191426884982,772.95,357.0,0.03,0.05
12-6-2021 15:14:55,1623525295.7009096,1500.0,88.9,5180.49,1757.13,7590.62,12.9,235931673,167365642,0.0028554340791090813,0.0015134050438532646,79.367,0,0,127308,667,0,438272,49640333,929822,3.1156656266895495,779.94,360.07,0.03,0.05
12-6-2021 15:15:0,1623525300.7240942,1500.0,90.6,5190.75,1762.67,7594.47,12.9,236971325,167586094,0.002069706960113415,0.0004388690049852476,79.367,0,0,128362,671,0,438272,49721799,934482,3.1440376574226097,785.24,364.21,0.03,0.05
12-6-2021 15:15:5,1623525305.7290235,1500.0,67.7,5201.45,1766.79,7599.4,12.9,238230928,167814771,0.0025167248595547058,0.00045690355668285285,78.88,0,0,129414,674,0,438272,49802100,937975,3.1429960269236683,791.26,367.3,0.03,0.05
12-6-2021 15:15:10,1623525310.7322972,1500.0,82.4,5213.94,1771.57,7601.87,12.9,239562330,168054638,0.002661061682897193,0.00047942010203642547,78.88,0,0,130468,678,0,438272,49883593,942635,3.096618668994628,798.22,370.75,0.03,0.05
12-6-2021 15:15:15,1623525315.7362738,1500.0,92.0,5226.97,1776.47,7603.81,12.9,240920191,168304820,0.0027135638573581276,0.0004999663683996898,79.854,0,0,131524,683,0,438272,49966238,948460,3.1323317146726057,805.87,374.56,0.03,0.05
12-6-2021 15:15:20,1623525320.7399757,1500.0,82.0,5239.18,1781.59,7606.28,13.0,242340095,168556770,0.0028377070041421264,0.0005035271959890308,78.88,0,0,132578,687,0,438272,50047735,953120,3.141607186258414,812.55,377.95,0.03,0.05
12-6-2021 15:15:25,1623525325.743255,1500.0,89.9,5251.49,1786.04,7609.21,13.1,243746088,169308970,0.002810142990685754,0.0015034139982160824,78.88,0,0,133632,691,0,438272,50129219,957778,3.1454760995401947,819.59,381.4,0.03,0.05
12-6-2021 15:15:30,1623525330.7468903,1500.0,47.6,5262.46,1790.12,7613.79,13.0,244770900,169531177,0.0020481348394607497,0.000444091109659191,78.88,0,0,134684,694,0,438272,50209530,961273,3.1020252272986553,825.75,384.32,0.03,0.05
12-6-2021 15:15:35,1623525335.7540505,1500.0,72.4,5273.39,1794.98,7617.91,13.0,245828501,170340562,0.002112177283233163,0.0016164551758079593,78.88,0,0,135732,698,0,438272,50290680,965933,3.0881864220984387,831.64,387.91,0.03,0.05
12-6-2021 15:15:40,1623525340.7541618,1500.0,75.1,5285.39,1799.46,7621.1,13.0,247228770,170581344,0.002800475638181542,0.00048155327662943904,78.393,0,0,136780,702,0,438272,50371811,970591,3.1408631644734557,837.45,391.1,0.03,0.05
12-6-2021 15:15:45,1623525345.7583094,1500.0,78.0,5297.75,1803.62,7624.25,12.9,248580006,170824246,0.0027002321414521836,0.00048540135670084155,79.367,0,0,137828,706,0,438272,50452950,975251,3.1365478381206997,844.36,394.11,0.03,0.05
12-6-2021 15:15:50,1623525350.76122,1500.0,86.8,5310.66,1808.34,7626.44,13.0,250104026,171226121,0.003046266698691481,0.000803282391003162,79.367,0,0,138876,710,0,438272,50534109,979911,3.1032652636069185,852.11,397.45,0.03,0.05
12-6-2021 15:15:55,1623525355.7623196,1500.0,93.5,5322.85,1813.4,7628.95,13.0,251434774,171984698,0.00266091081968401,0.0015168204249515593,79.367,0,0,139924,714,0,438272,50615253,984571,3.1208737791842545,858.98,401.59,0.03,0.05
12-6-2021 15:16:0,1623525360.765933,1500.0,57.4,5334.47,1818.03,7632.43,13.0,252391295,172216501,0.001911660453701196,0.0004632711965020092,77.906,0,0,140972,718,0,438272,50696428,989231,3.1083742131969623,865.78,404.79,0.03,0.05
12-6-2021 15:16:5,1623525365.769652,1500.0,93.1,5345.98,1822.81,7635.87,12.9,253660718,172455352,0.002536959084421215,0.00047734696336295437,79.367,0,0,142020,722,0,438272,50777609,993891,3.140019939783837,871.64,408.41,0.03,0.05
12-6-2021 15:16:10,1623525370.7733033,1500.0,84.2,5357.52,1826.83,7639.85,13.0,255092362,172699484,0.0028611985350702,0.00048790769266923766,78.393,0,0,143068,726,0,438272,50858790,998551,3.13937512090354,877.37,411.24,0.03,0.05
12-6-2021 15:16:15,1623525375.777169,1500.0,91.5,5370.25,1831.2,7642.4,12.9,256529104,172942210,0.0028712641000538694,0.00048507696576676645,79.367,0,0,144111,730,0,438272,50939643,1003211,3.140416751402481,884.53,414.31,0.03,0.05
12-6-2021 15:16:20,1623525380.7817388,1500.0,89.1,5382.44,1835.65,7645.7,12.9,257976838,173747090,0.0028928240924825377,0.0016082900971845276,78.88,0,0,145154,734,0,438272,51020487,1007871,3.1320837074109527,891.11,417.88,0.03,0.05
12-6-2021 15:16:25,1623525385.7832644,1500.0,78.4,5394.0,1839.62,7649.78,12.9,259412400,174499139,0.0028702482066252613,0.0015036391974323096,78.88,0,0,146195,737,0,438272,51100178,1011366,3.118492909472389,897.22,420.31,0.03,0.05
12-6-2021 15:16:30,1623525390.7900462,1500.0,78.2,5405.85,1845.12,7652.29,12.9,260583360,174737282,0.0023387478083130137,0.0004756408581976208,79.367,0,0,147238,741,0,438272,51181043,1016026,3.136349432311378,903.95,424.63,0.03,0.05
12-6-2021 15:16:35,1623525395.793047,1500.0,88.6,5417.66,1849.56,7655.87,13.0,261620932,174956927,0.002073899355010883,0.0004390265194428583,79.367,0,0,148286,745,0,438272,51262235,1020686,3.1402679470454893,910.94,427.78,0.03,0.05
12-6-2021 15:16:40,1623525400.794728,1500.0,73.6,5429.77,1853.64,7659.5,12.9,263132486,175193424,0.00302209191866119,0.00047283502441038523,79.367,0,0,149326,748,0,438272,51341911,1024181,3.1359030192404034,917.76,430.68,0.03,0.05
12-6-2021 15:16:45,1623525405.7992463,1500.0,74.8,5441.16,1858.03,7663.43,13.0,264551064,175432777,0.0028345945070560826,0.0004782738059150745,79.367,0,0,150368,752,0,438272,51422773,1028841,3.1117967134077684,923.62,433.6,0.03,0.05
12-6-2021 15:16:50,1623525410.8036132,1500.0,91.5,5452.58,1862.58,7667.17,13.0,266012176,175676407,0.002919674029872363,0.00048683481067693905,78.88,0,0,151415,756,0,438272,51503945,1033501,3.140218345593159,929.31,436.93,0.03,0.05
12-6-2021 15:16:55,1623525415.8223069,1500.0,84.5,5463.87,1866.49,7671.61,13.0,267362480,176411268,0.0026905487455685714,0.0014642475633022385,78.393,0,0,152460,759,0,438272,51583939,1036996,3.1662591080666846,934.93,439.66,0.03,0.05
12-6-2021 15:17:0,1623525420.8262162,1500.0,65.3,5475.05,1871.49,7675.19,13.0,268311710,176623544,0.001896976810952702,0.0004242203149097645,80.341,0,0,153505,762,0,438272,51663930,1040491,3.138234287499938,941.35,443.62,0.03,0.05
12-6-2021 15:17:5,1623525425.8337626,1500.0,93.3,5487.4,1875.95,7678.13,13.0,269555484,177431774,0.00248379923913207,0.001614023977863915,79.854,0,0,154552,766,0,438272,51745082,1045151,3.095081023972382,948.53,446.92,0.03,0.05
12-6-2021 15:17:10,1623525430.8323054,1500.0,94.8,5500.48,1880.86,7680.01,13.0,270982156,177673428,0.002854175829198268,0.0004834488977347829,80.341,0,0,155594,770,0,438272,51825953,1049811,3.093592980402466,956.47,450.46,0.03,0.05
12-6-2021 15:17:15,1623525435.8360758,1500.0,92.0,5513.93,1885.58,7681.78,13.0,272379414,177921139,0.0027924103263577927,0.0004950486984883358,79.854,0,0,156636,774,0,438272,51906814,1054469,3.139474323808201,964.63,454.09,0.03,0.05
12-6-2021 15:17:20,1623525440.8522897,1500.0,90.2,5526.96,1890.98,7683.16,13.0,273771089,178184726,0.00277435338571791,0.0005254700169804205,80.341,0,0,157680,779,0,438272,51988868,1060294,3.151477875272188,972.29,458.23,0.03,0.05
12-6-2021 15:17:25,1623525445.8535197,1500.0,85.7,5539.16,1895.54,7686.21,12.9,275237080,178940017,0.002931260908966572,0.0015102104877821698,79.854,0,0,158722,783,0,438272,52069722,1064954,3.1035628723209014,978.42,461.22,0.03,0.05
12-6-2021 15:17:30,1623525450.8572464,1500.0,88.3,5551.58,1900.44,7688.74,13.0,276367439,179180305,0.002259034242015984,0.0004802180722633577,79.854,0,0,159765,787,0,438272,52150605,1069614,3.137192657000997,985.7,464.75,0.03,0.05
12-6-2021 15:17:35,1623525455.8618188,1500.0,89.9,5563.99,1904.87,7691.78,13.0,277450937,179403989,0.002165016139716745,0.00044695926544986736,80.341,0,0,160806,790,0,438272,52230334,1073109,3.1385318962139213,993.3,468.05,0.03,0.05
12-6-2021 15:17:40,1623525460.8624375,1500.0,82.9,5576.84,1909.64,7693.92,13.0,278890165,179683289,0.0028780998661025745,0.0005585308878109994,79.367,0,0,161853,796,0,438272,52313537,1080099,3.1404663528548116,1000.78,471.37,0.03,0.05
12-6-2021 15:17:45,1623525465.8669453,1500.0,93.5,5589.95,1914.59,7695.73,13.4,280242806,179937466,0.0027028452336219744,0.0005078961032131457,79.854,0,0,162896,800,0,438272,52394414,1084759,3.1392263165465484,1008.26,475.44,0.03,0.05
12-6-2021 15:17:50,1623525470.8704886,1500.0,92.4,5602.3,1919.72,7697.99,13.2,281754715,180346463,0.0030216766121649746,0.0008174147183101881,79.854,0,0,163939,804,0,438272,52475304,1089419,3.1040092853918764,1013.78,478.81,0.03,0.05
12-6-2021 15:17:55,1623525475.8722703,1500.0,70.9,5613.78,1924.37,7701.72,13.2,282923275,181672362,0.0023362874863631445,0.0026508533938192362,79.367,0,0,164982,808,0,438272,52556204,1094079,3.129107620271122,1020.13,481.83,0.03,0.05
12-6-2021 15:18:0,1623525480.8759987,1500.0,94.2,5624.74,1929.77,7705.16,13.1,283783510,181886034,0.0017191880393905646,0.00042702557644441427,79.854,0,0,166023,811,0,438272,52635941,1097574,3.1406151572118035,1026.3,486.42,0.03,0.05
12-6-2021 15:18:5,1623525485.8775146,1500.0,93.6,5637.35,1933.77,7708.46,13.1,284977475,182122934,0.002387206263359907,0.0004736564001373256,80.341,0,0,167071,815,0,438272,52717142,1102234,3.139672729617523,1033.76,489.26,0.03,0.05
12-6-2021 15:18:10,1623525490.880594,1500.0,93.2,5650.01,1938.7,7710.59,13.0,286402772,182373581,0.002848839448574172,0.0005009854516404444,79.367,0,0,168121,820,0,438272,52799478,1108053,3.140168744140828,1040.83,492.53,0.03,0.05
12-6-2021 15:18:15,1623525495.8822846,1500.0,92.5,5663.08,1943.81,7712.31,13.0,287765292,182619702,0.0027241189066711806,0.0004920756168194357,80.341,0,0,169169,824,0,438272,52880635,1112713,3.1394247223558707,1048.89,496.39,0.03,0.05
12-6-2021 15:18:20,1623525500.8859513,1500.0,93.5,5675.83,1948.79,7714.25,13.1,289170275,182885165,0.002807906883638216,0.0005305369424763516,79.854,0,0,170219,829,0,438272,52963006,1118534,3.1363990337637087,1056.25,499.86,0.03,0.05
12-6-2021 15:18:25,1623525505.8898053,1500.0,96.5,5689.4,1953.23,7716.01,13.0,290500811,183637675,0.002659022406208212,0.0015038608131578114,81.315,0,0,171267,833,0,438272,53044178,1123192,3.1494938171789673,1064.1,503.12,0.03,0.05
12-6-2021 15:18:30,1623525510.893929,1500.0,72.3,5701.43,1958.46,7718.57,13.1,291672129,183877267,0.002340705532256798,0.0004787891246309463,80.341,0,0,172320,837,0,438272,53125648,1127850,3.1466665343961275,1070.97,506.91,0.03,0.05
12-6-2021 15:18:35,1623525515.8981855,1500.0,81.6,5712.31,1962.63,7723.24,13.0,292750566,184094383,0.0021550394205906006,0.00043386265386012243,80.341,0,0,173371,840,0,438272,53205952,1131345,3.1269747578209093,1077.52,510.16,0.03,0.05
12-6-2021 15:18:40,1623525520.9051337,1500.0,91.5,5725.25,1967.33,7725.49,13.1,294105422,184914040,0.0027059516836320835,0.0016370390943028798,80.828,0,0,174429,844,0,438272,53287746,1136005,3.1464681285868052,1085.01,513.42,0.03,0.05
12-6-2021 15:18:45,1623525525.9089203,1500.0,97.0,5738.52,1972.16,7727.28,13.0,295532460,185156884,0.002851916207423863,0.00048532046061537296,80.828,0,0,175487,848,0,438272,53369549,1140665,3.1467657373007887,1092.59,517.11,0.03,0.05
12-6-2021 15:18:50,1623525530.9124026,1500.0,77.6,5750.46,1976.59,7730.68,13.0,296955714,185415859,0.0028445268770501044,0.0005175895152826205,79.854,0,0,176547,853,0,438272,53452513,1146490,3.145674505349517,1098.76,520.09,0.03,0.05
12-6-2021 15:18:55,1623525535.9139512,1500.0,92.6,5762.61,1981.22,7733.56,13.0,298380013,186170534,0.0028477160460110263,0.001508882690378475,79.854,0,0,177605,857,0,438272,53534315,1151150,3.1487993968463397,1105.62,523.45,0.03,0.05
12-6-2021 15:19:0,1623525540.9168153,1500.0,85.2,5772.58,1985.98,7738.66,13.0,299299679,186378026,0.001838278988797549,0.00041474642309662535,79.367,0,0,178657,858,0,438272,53612604,1152315,3.1494938171789673,1110.81,527.01,0.03,0.05
12-6-2021 15:19:5,1623525545.926279,1500.0,86.4,5784.94,1990.02,7742.11,13.0,300523344,186613471,0.002442706549064704,0.0004700004032513305,80.828,0,0,179717,863,0,438272,53695569,1158140,3.137093454096336,1118.05,529.81,0.03,0.05
12-6-2021 15:19:10,1623525550.9362714,1500.0,83.3,5796.43,1993.88,7746.33,13.0,301973541,186852013,0.0028946092039362826,0.00047613246250362447,79.854,0,0,180773,866,0,438272,53776202,1161635,3.1440376574226097,1123.8,532.45,0.03,0.05
12-6-2021 15:19:15,1623525555.9381971,1500.0,92.7,5809.17,1998.43,7748.79,13.0,303231611,187089461,0.0025151713034716537,0.0004747131683187241,79.854,0,0,181832,870,0,438272,53858027,1166295,3.106538959460733,1131.34,535.72,0.03,0.05
12-6-2021 15:19:20,1623525560.9418747,1500.0,90.8,5822.4,2003.3,7750.66,13.0,304633190,187354737,0.0028010977329077673,0.0005301620545076952,79.854,0,0,182893,875,0,438272,53941003,1172120,3.148898599751001,1138.49,539.3,0.03,0.05
12-6-2021 15:19:25,1623525565.947386,1500.0,87.0,5835.29,2007.84,7753.07,13.0,306031420,188677750,0.002793380976893336,0.0026431126112174555,80.341,0,0,183952,879,0,438272,54022812,1176780,3.147807367799729,1145.81,542.49,0.03,0.05
12-6-2021 15:19:30,1623525570.949413,1500.0,61.8,5847.21,2011.98,7756.88,13.0,307126712,188905710,0.002189696281904757,0.0004557352417647608,78.88,0,0,185011,883,0,438272,54104622,1181440,3.122907438729806,1152.61,545.61,0.03,0.05
12-6-2021 15:19:35,1623525575.952277,1500.0,95.2,5859.03,2017.18,7759.85,13.1,308124890,189133370,0.0019952131881858593,0.0004550593525627621,80.828,0,0,186070,887,0,438272,54186461,1186100,3.1433928385423124,1159.27,549.23,0.03,0.05
12-6-2021 15:19:40,1623525580.9561896,1500.0,86.1,5871.38,2021.77,7762.7,13.1,309577988,189379636,0.002903923571023747,0.0004921468766330517,80.341,0,0,187129,891,0,438272,54268299,1190760,3.146120918420491,1166.15,552.54,0.03,0.05
12-6-2021 15:19:45,1623525585.962661,1500.0,94.3,5884.78,2026.66,7764.43,13.0,311018687,189629353,0.0028776734873529803,0.0004987884285623328,80.341,0,0,188188,895,0,438272,54350117,1195420,3.1373414613579884,1174.43,556.28,0.03,0.05
12-6-2021 15:19:50,1623525590.9662802,1500.0,93.7,5896.39,2030.96,7768.14,13.2,312550120,190062005,0.003060650582336432,0.0008646781124273945,79.854,0,0,189247,899,0,438272,54431925,1200080,3.136845446834683,1180.66,558.8,0.03,0.05
12-6-2021 15:19:55,1623525595.972731,1500.0,91.6,5908.97,2035.58,7770.67,13.0,313946883,190828730,0.0027899264973774173,0.0015314741253181108,81.315,0,0,190308,904,0,438272,54514903,1205905,3.147112947467102,1187.66,562.36,0.03,0.05
12-6-2021 15:20:0,1623525600.9763782,1500.0,64.7,5917.79,2039.53,7777.76,13.1,314875467,191029113,0.0018558143359881586,0.0004004738872178663,79.367,0,0,191363,906,0,438272,54594396,1208235,3.1040588868442067,1191.58,565.22,0.03,0.05
12-6-2021 15:20:5,1623525605.980863,1500.0,94.9,5929.77,2044.88,7780.2,13.1,316113743,191278749,0.0024743325771775584,0.0004988245651504972,81.315,0,0,192424,911,0,438272,54677399,1214060,3.147162548919433,1198.62,569.14,0.03,0.05
12-6-2021 15:20:10,1623525610.9828062,1500.0,86.4,5942.26,2049.43,7782.97,13.1,317529769,192098142,0.002830951829034489,0.0016381493786470425,80.341,0,0,193483,915,0,438272,54759235,1218720,3.147658563442737,1205.4,572.33,0.03,0.05
12-6-2021 15:20:15,1623525615.9864922,1500.0,85.7,5954.01,2053.94,7786.41,13.1,318911595,192352670,0.002761616163499465,0.0005086810053242534,78.88,0,0,194542,919,0,438272,54841078,1223378,3.1469641431101105,1211.46,575.2,0.03,0.05
12-6-2021 15:20:20,1623525620.9903996,1500.0,83.2,5966.01,2058.87,7789.25,13.1,320283316,192595194,0.002741299706027885,0.0004846692366047518,79.854,0,0,195601,923,0,438272,54922899,1228038,3.147708164895068,1218.6,578.79,0.03,0.05
12-6-2021 15:20:25,1623525625.9922767,1500.0,83.0,5978.88,2063.93,7791.22,13.1,321645207,193354020,0.002722759838124964,0.0015170824661628675,79.854,0,0,196660,927,0,438272,55004735,1232696,3.1099614596715393,1226.26,582.58,0.03,0.05
12-6-2021 15:20:31,1623525631.010603,1500.0,81.9,5990.92,2068.93,7794.14,13.0,322804718,193598472,0.0023105532297554784,0.0004871185854383324,80.341,0,0,197719,931,0,438272,55086597,1237356,3.14408725887494,1232.61,586.63,0.03,0.05
12-6-2021 15:20:36,1623525636.0122697,1500.0,91.7,6002.35,2074.21,7797.32,13.1,323866933,193829477,0.0021237220426940694,0.0004618560371229398,79.367,0,0,198778,935,0,438272,55168430,1242016,3.1418551935200663,1239.41,590.8,0.03,0.05
12-6-2021 15:20:41,1623525641.0127873,1500.0,74.7,6014.46,2079.4,7799.75,13.0,325273458,194071146,0.0028127588194180988,0.0004832879693783989,80.341,0,0,199837,939,0,438272,55250251,1246674,3.147559360538076,1246.17,594.49,0.03,0.05
12-6-2021 15:20:46,1623525646.0165877,1500.0,95.3,6027.67,2084.97,7800.87,13.1,326617458,194327342,0.0026859584609095146,0.0005120028376868854,80.341,0,0,200898,944,0,438272,55333254,1252497,3.15073385348723,1253.84,598.48,0.03,0.05
12-6-2021 15:20:51,1623525651.0232244,1500.0,79.2,6038.99,2088.71,7805.77,13.1,328030166,194557731,0.002821670728965212,0.00046016720905917306,79.367,0,0,201960,947,0,438272,55414229,1255992,3.1460217155158303,1260.04,601.02,0.03,0.05
12-6-2021 15:20:56,1623525656.025606,1500.0,77.5,6051.56,2093.46,7808.21,13.1,329395510,195379025,0.0027293879580234195,0.0016418059870603205,80.341,0,0,203018,951,0,438272,55496069,1260650,3.139474323808201,1266.69,604.68,0.03,0.05
12-6-2021 15:21:1,1623525661.0292714,1500.0,68.9,6060.85,2097.96,7814.06,13.1,330276903,196099678,0.0017614946668487485,0.0014402501678009141,79.367,0,0,204080,954,0,438272,55577079,1264145,3.154751571126003,1271.13,608.03,0.03,0.05
12-6-2021 15:21:6,1623525666.0322917,1500.0,94.2,6073.14,2103.33,7816.27,13.1,331545941,196357992,0.0025365437821811354,0.0005163161154751378,79.854,0,0,205146,959,0,438272,55660376,1269970,3.1467161358484574,1278.74,611.84,0.03,0.05
12-6-2021 15:21:11,1623525671.0371375,1500.0,72.0,6084.52,2107.52,7820.39,13.1,332843843,196581491,0.0025932906565421,0.0004465652017228595,79.367,0,0,206208,962,0,438272,55741372,1273465,3.1540075493410447,1284.99,614.84,0.03,0.05
12-6-2021 15:21:16,1623525676.0407841,1500.0,84.6,6096.45,2111.89,7823.72,13.1,334286905,196823696,0.002884020619063922,0.00048405696639532966,80.341,0,0,207272,966,0,438272,55823510,1278123,3.1147231990952697,1291.43,617.69,0.03,0.05
12-6-2021 15:21:21,1623525681.0465474,1500.0,72.7,6108.61,2116.67,7826.47,13.1,335676469,197065320,0.0027759283027504736,0.00048269162141778316,79.854,0,0,208336,970,0,438272,55905657,1282783,3.1436904472562954,1298.54,621.33,0.03,0.05
12-6-2021 15:21:26,1623525686.0558765,1500.0,90.9,6121.65,2121.61,7828.23,13.1,337122711,197837485,0.002887097207500825,0.0015414539304140487,79.854,0,0,209402,975,0,438272,55988966,1288606,3.143988055970279,1305.56,624.95,0.03,0.05
12-6-2021 15:21:31,1623525691.0595894,1500.0,66.6,6133.52,2126.65,7831.08,13.1,338188747,198062366,0.0021304899439593657,0.0004494282642307822,80.341,0,0,210464,978,0,438272,56069955,1292101,3.1199313515899747,1312.71,628.54,0.03,0.05
12-6-2021 15:21:36,1623525696.065793,1500.0,86.9,6145.63,2131.2,7834.29,13.1,339240089,198291057,0.00210007836916515,0.00045681521552715223,79.854,0,0,211523,982,0,438272,56151813,1296761,3.134365374218157,1319.97,631.81,0.03,0.05
12-6-2021 15:21:41,1623525701.0696347,1500.0,95.2,6158.63,2136.31,7835.86,13.1,340604460,198553361,0.0027266470415144004,0.0005242052385878865,79.854,0,0,212584,987,0,438272,56234815,1302586,3.14031754849782,1327.21,635.93,0.03,0.05
12-6-2021 15:21:46,1623525706.0729377,1500.0,72.7,6170.35,2141.08,7839.17,13.2,342042172,199394873,0.0028735257196026145,0.0016819129111770893,80.828,0,0,213643,991,0,438272,56316674,1307246,3.17439374624889,1333.65,639.35,0.03,0.05
12-6-2021 15:21:51,1623525711.0847087,1500.0,79.0,6182.26,2145.74,7842.39,13.2,343660191,199845294,0.0032284376355769125,0.0008987262252508707,79.854,0,0,214697,995,0,438272,56398217,1311906,3.10906863352959,1340.21,642.57,0.03,0.05
12-6-2021 15:21:56,1623525716.0822809,1500.0,91.3,6194.97,2150.25,7845.02,13.1,344991110,200588756,0.0026631311186762563,0.0014876463464367756,81.802,0,0,215749,998,0,438272,56478593,1315399,3.1570828393855375,1347.42,645.97,0.03,0.05
12-6-2021 15:22:1,1623525721.0922763,1500.0,58.6,6204.61,2155.93,7849.34,13.2,345881890,200808598,0.0017780056030415575,0.00043880678482213575,79.854,0,0,216803,1002,0,438272,56560161,1320059,3.1737985288209236,1352.67,650.11,0.03,0.05
12-6-2021 15:22:6,1623525726.102285,1500.0,87.5,6216.93,2160.64,7851.97,13.2,347134411,201056898,0.0025000376378936226,0.0004956079343092743,80.341,0,0,217857,1006,0,438272,56641698,1324719,3.145922512611169,1359.52,653.61,0.03,0.05
12-6-2021 15:22:11,1623525731.1063144,1500.0,93.0,6229.9,2165.21,7854.35,13.1,348503850,201299626,0.0027366725088352286,0.0004850650848446389,80.341,0,0,218911,1010,0,438272,56723222,1329379,3.154404360959689,1367.09,656.81,0.03,0.05
12-6-2021 15:22:16,1623525736.1279123,1500.0,73.1,6241.03,2169.38,7858.82,13.1,349874910,201529052,0.002730326158350342,0.0004568784803040607,80.341,0,0,219963,1013,0,438272,56803584,1332874,3.1466665343961275,1372.87,660.03,0.03,0.05
12-6-2021 15:22:21,1623525741.1315126,1500.0,83.3,6253.33,2173.77,7861.82,13.1,351308593,201775245,0.0028653027762935252,0.0004920317018504313,79.854,0,0,221019,1018,0,438272,56886256,1338697,3.1381350845952767,1379.54,663.09,0.03,0.05
12-6-2021 15:22:26,1623525746.1394293,1500.0,95.5,6266.34,2179.02,7863.38,13.1,352645188,202538874,0.002668964128252096,0.001524843657422794,80.828,0,0,222073,1022,0,438272,56967785,1343357,3.164622260139777,1387.31,666.96,0.03,0.05
12-6-2021 15:22:31,1623525751.1460223,1500.0,60.5,6277.67,2183.51,7867.38,13.0,353847816,203324724,0.0024020886112572147,0.001569630288964237,79.367,0,0,223119,1025,0,438272,57047806,1346852,3.09964435758679,1393.25,670.33,0.03,0.05
12-6-2021 15:22:36,1623525756.1553664,1500.0,85.8,6290.28,2188.16,7869.97,13.1,355022111,203541693,0.002344209094713211,0.0004331285606008973,80.828,0,0,224165,1028,0,438272,57127851,1350347,3.1601581294300294,1401.23,673.55,0.03,0.05
12-6-2021 15:22:41,1623525761.1566908,1500.0,93.4,6303.57,2192.49,7872.1,13.2,356368579,203799446,0.002692222875816576,0.0005153694873627519,80.341,0,0,225215,1033,0,438272,57210216,1356172,3.173848130273255,1409.06,676.58,0.03,0.05
12-6-2021 15:22:46,1623525766.1593812,1500.0,93.2,6317.19,2197.22,7873.57,13.1,357714053,204039710,0.00268950087895593,0.00048026958468277167,81.315,0,0,226263,1037,0,438272,57291422,1360830,3.1142271845719645,1417.59,680.09,0.03,0.05
12-6-2021 15:22:51,1623525771.16552,1500.0,92.2,6330.08,2201.38,7876.19,13.1,359152969,204282222,0.0028743030447884936,0.00048442923700740495,80.828,0,0,227311,1041,0,438272,57372628,1365490,3.145872911158839,1425.09,683.43,0.03,0.05
12-6-2021 15:22:56,1623525776.1694245,1500.0,91.2,6342.9,2206.18,7878.32,13.1,360473396,205033187,0.0026387933235083056,0.0015007580337181947,80.828,0,0,228359,1045,0,438272,57453818,1370148,3.1691855937541855,1432.23,686.68,0.03,0.05
12-6-2021 15:23:1,1623525781.1722918,1500.0,78.0,6353.58,2211.19,7882.29,13.1,361463312,205249709,0.0019786973271648176,0.0004327958156776743,80.341,0,0,229405,1048,0,438272,57533857,1373643,3.1403671499501504,1438.26,690.83,0.03,0.05
12-6-2021 15:23:6,1623525786.1763442,1500.0,88.8,6365.78,2216.15,7884.88,13.1,362788064,205513960,0.002647358368677501,0.0005280740065169921,79.854,0,0,230444,1053,0,438272,57615634,1379468,3.156884433576215,1445.23,694.38,0.03,0.05
12-6-2021 15:23:11,1623525791.194883,1500.0,78.4,6378.57,2220.96,7887.1,13.0,364184092,205766411,0.0027817418842166464,0.0005030368448285969,80.828,0,0,231481,1057,0,438272,57696210,1384128,3.1525195057711293,1452.84,697.9,0.03,0.05
12-6-2021 15:23:16,1623525796.1986756,1500.0,90.5,6391.97,2225.52,7888.88,13.1,365598246,206575507,0.002826164340591155,0.0016169655237795466,80.828,0,0,232518,1061,0,438272,57776794,1388788,3.1389287078325654,1461.0,701.31,0.03,0.05
12-6-2021 15:23:21,1623525801.203676,1500.0,88.9,6404.74,2230.78,7890.71,13.1,366969853,206813582,0.0027404733332663253,0.00047567429213862307,80.828,0,0,233555,1065,0,438272,57857397,1393448,3.1543051580550276,1468.53,705.01,0.03,0.05
12-6-2021 15:23:26,1623525806.207395,1500.0,89.8,6416.51,2234.29,7894.98,13.1,368363345,207551061,0.0027849125311425545,0.0014738617147098656,79.854,0,0,234595,1068,0,438272,57937138,1396943,3.147112947467102,1475.03,707.22,0.03,0.05
12-6-2021 15:23:31,1623525811.211029,1500.0,59.7,6427.87,2238.97,7898.65,13.2,369414500,207775562,0.0021007831608897075,0.00044867590450780356,79.367,0,0,235632,1072,0,438272,58017719,1401603,3.1456249038971857,1481.38,710.46,0.03,0.05
12-6-2021 15:23:36,1623525816.212362,1500.0,82.7,6439.22,2244.47,7902.06,13.1,370572424,207995244,0.002315230760277714,0.0004392468969287525,79.854,0,0,236667,1075,0,438272,58097137,1405098,3.149295411369645,1488.19,714.26,0.03,0.05
12-6-2021 15:23:41,1623525821.2171218,1500.0,84.4,6451.8,2250.27,7903.91,13.1,371971721,208239003,0.0027959323906246933,0.0004870543448648033,79.854,0,0,237699,1079,0,438272,58177410,1409758,3.1461705198728223,1495.88,717.85,0.03,0.05
12-6-2021 15:23:46,1623525826.223039,1500.0,93.9,6464.35,2255.99,7906.06,13.2,373384229,208476685,0.0028216767868911234,0.0004748021123150142,81.802,0,0,238733,1084,0,438272,58258847,1415581,3.153313129008417,1504.0,721.13,0.03,0.05
12-6-2021 15:23:51,1623525831.2423124,1500.0,92.7,6476.68,2261.8,7908.26,13.2,374980930,208945010,0.00318113964858,0.0009330533555883215,81.315,0,0,239765,1088,0,438272,58339110,1420241,3.1156160252372187,1511.4,724.3,0.03,0.05
12-6-2021 15:23:56,1623525836.2471032,1500.0,90.8,6489.16,2266.94,7911.36,13.2,376418629,209702583,0.0028726455557424027,0.0015136956425513542,80.341,0,0,240802,1092,0,438272,58419704,1424901,3.1506346505825693,1517.7,727.58,0.03,0.05
12-6-2021 15:24:1,1623525841.257505,1500.0,60.5,6500.52,2272.02,7915.09,13.2,377351964,210013977,0.0018627947439818172,0.0006214950757310869,79.854,0,0,241837,1095,0,438272,58499113,1428396,3.114375988928956,1524.49,731.07,0.03,0.05
12-6-2021 15:24:6,1623525846.2585454,1500.0,86.5,6513.71,2276.97,7917.15,13.2,378722240,210724641,0.002739981832424321,0.001421032294923065,80.828,0,0,242880,1099,0,438272,58580039,1433056,3.1253379098940015,1532.05,734.65,0.03,0.05
12-6-2021 15:24:11,1623525851.2639647,1500.0,95.5,6526.01,2281.29,7920.63,13.1,380126599,210971336,0.002805677064499089,0.0004928558177977303,80.828,0,0,243923,1103,0,438272,58660959,1437716,3.1502378389639247,1538.41,737.63,0.03,0.05
12-6-2021 15:24:16,1623525856.266761,1500.0,93.0,6538.3,2286.23,7923.29,13.1,381450756,211211361,0.002646833672768216,0.00047978166660463307,80.341,0,0,244966,1107,0,438272,58741880,1442376,3.153065121746765,1545.48,741.26,0.03,0.05
12-6-2021 15:24:21,1623525861.2704842,1500.0,83.7,6550.44,2290.74,7926.64,13.2,382807256,211444698,0.002710981324941145,0.00046632675961503275,79.854,0,0,246009,1111,0,438272,58822802,1447036,3.1335221495285377,1552.35,744.52,0.03,0.05
12-6-2021 15:24:26,1623525866.2722516,1500.0,96.7,6563.04,2295.43,7929.24,13.2,384178753,212185310,0.00274202475077641,0.0014807006028609748,81.315,0,0,247052,1115,0,438272,58903710,1451691,3.1513290709151964,1559.29,748.1,0.03,0.05
12-6-2021 15:24:31,1623525871.2759855,1500.0,66.7,6574.48,2300.62,7932.5,13.2,385304559,212415822,0.002249931807908837,0.00046067997586145563,79.854,0,0,248093,1118,0,438272,58983447,1455186,3.1613981657382926,1565.69,751.97,0.03,0.05
12-6-2021 15:24:36,1623525876.2797248,1500.0,72.8,6585.47,2304.11,7937.95,13.2,386527591,212625432,0.002444236025784092,0.00041890671165153775,78.88,0,0,249134,1121,0,438272,59063198,1458681,3.1383830918569298,1571.61,754.07,0.03,0.05
12-6-2021 15:24:41,1623525881.2822845,1500.0,96.3,6598.39,2308.97,7940.1,13.1,387833599,212860604,0.002610679508643875,0.0004701033388821488,81.315,0,0,250177,1125,0,438272,59144108,1463341,3.1345637800274795,1579.06,757.93,0.03,0.05
12-6-2021 15:24:46,1623525886.285825,1500.0,84.3,6611.03,2313.43,7942.7,13.2,389244198,213098479,0.0028192017143012344,0.00047541335828921345,79.854,0,0,251220,1129,0,438272,59225029,1468001,3.1525691072234596,1585.97,760.95,0.03,0.05
12-6-2021 15:24:51,1623525891.2896671,1500.0,81.5,6623.43,2317.81,7945.86,13.3,390658108,213917229,0.0028256487063168384,0.0016362426733645787,80.828,0,0,252263,1133,0,438272,59305952,1472661,3.144384867588923,1593.12,764.06,0.03,0.05
12-6-2021 15:24:56,1623525896.292253,1500.0,84.0,6636.14,2322.63,7948.16,13.2,392022469,214670395,0.002727311495635907,0.0015055533615532205,78.88,0,0,253306,1137,0,438272,59386857,1477319,3.113631967143998,1600.42,767.66,0.03,0.05
12-6-2021 15:25:1,1623525901.300856,1500.0,53.5,6646.83,2327.51,7952.38,13.2,392981104,214879676,0.0019139767748097309,0.0004178430512227858,80.341,0,0,254347,1140,0,438272,59466616,1480814,3.1168064600931515,1606.22,771.38,0.03,0.05
12-6-2021 15:25:6,1623525906.3023074,1500.0,91.8,6659.64,2332.43,7954.61,13.2,394407802,215122792,0.0028525680399065535,0.00048609091173459397,80.341,0,0,255390,1144,0,438272,59547509,1485474,3.1611501584766404,1614.14,775.15,0.03,0.05
12-6-2021 15:25:11,1623525911.3058536,1500.0,93.3,6671.73,2337.2,7957.4,13.1,395779841,215353719,0.00274213314867528,0.0004615266633267249,80.341,0,0,256433,1148,0,438272,59628438,1490134,3.11571522814188,1620.59,778.52,0.03,0.05
12-6-2021 15:25:16,1623525916.3098195,1500.0,92.3,6684.09,2342.42,7959.67,13.2,397240637,215616007,0.002919276514734931,0.000524160251326534,80.341,0,0,257483,1153,0,438272,59710834,1495959,3.160703745405666,1627.49,782.38,0.03,0.05
12-6-2021 15:25:21,1623525921.3123293,1500.0,78.5,6696.3,2346.78,7962.84,13.2,398616221,215862325,0.0027497876987578954,0.0004923888373102968,79.367,0,0,258531,1157,0,438272,59792078,1500619,3.1578764626228257,1634.29,785.4,0.03,0.05
12-6-2021 15:25:26,1623525926.3158743,1500.0,89.8,6707.2,2350.93,7967.47,13.3,399981472,216600223,0.002728567420676325,0.0014747503884503428,79.367,0,0,259577,1160,0,438272,59872149,1504112,3.1271235621779003,1640.01,788.15,0.03,0.05
12-6-2021 15:25:31,1623525931.3225572,1500.0,77.2,6718.77,2355.76,7970.81,13.2,401083507,216833142,0.0022011280282863204,0.0004652162038596065,79.367,0,0,260625,1164,0,438272,59953371,1508770,3.158967694574097,1646.5,791.7,0.03,0.05
12-6-2021 15:25:36,1623525936.3264437,1500.0,84.4,6730.68,2360.64,7973.78,13.2,402302512,217634087,0.0024361164255784344,0.0016006458303984964,80.828,0,0,261673,1168,0,438272,60034594,1513430,3.168887985040202,1653.61,795.46,0.03,0.05
12-6-2021 15:25:41,1623525941.3473666,1500.0,79.1,6741.94,2364.63,7978.25,13.3,403749753,217874390,0.002882420282170181,0.00047860324649891825,80.828,0,0,262719,1171,0,438272,60114655,1516925,3.1704752315147786,1658.82,798.31,0.03,0.05
12-6-2021 15:25:46,1623525946.3497672,1500.0,89.6,6754.3,2368.84,7981.37,13.3,405159588,218125594,0.0028183168490432254,0.0005021668959467274,80.828,0,0,263769,1176,0,438272,60197048,1522750,3.1691855937541855,1665.7,801.1,0.03,0.05
12-6-2021 15:25:51,1623525951.352286,1500.0,94.3,6767.87,2373.51,7982.93,13.3,406793130,218608114,0.0032654389422061727,0.0009645540784340546,80.341,0,0,264811,1180,0,438272,60277970,1527410,3.1718144707277034,1673.57,804.38,0.03,0.05
12-6-2021 15:25:56,1623525956.3729188,1500.0,89.0,6780.4,2378.45,7985.38,13.2,408166700,219369894,0.0027358503799875204,0.001517298792538344,80.341,0,0,265853,1184,0,438272,60358862,1532068,3.1765762101514334,1680.73,808.04,0.03,0.05
12-6-2021 15:26:1,1623525961.3766282,1500.0,71.1,6792.13,2383.07,7988.84,13.2,409120642,219578517,0.001906469660220446,0.00041693668999181306,80.341,0,0,266893,1187,0,438272,60438602,1535563,3.1583724771461306,1687.67,811.86,0.03,0.05
12-6-2021 15:26:6,1623525966.3770127,1500.0,92.2,6804.76,2388.16,7990.82,13.2,410486951,219836296,0.0027324078400380145,0.0005155183495074389,80.341,0,0,267937,1192,0,438272,60520663,1541388,3.172756898321983,1694.76,815.51,0.03,0.05
12-6-2021 15:26:11,1623525971.3936741,1500.0,72.8,6816.06,2393.1,7994.49,13.2,411892270,220079039,0.002801303270022441,0.0004838735971512926,78.88,0,0,268979,1196,0,438272,60601552,1546048,3.170673637324101,1700.63,818.93,0.03,0.05
12-6-2021 15:26:16,1623525976.3985355,1500.0,95.0,6828.87,2397.83,7996.73,13.2,413289492,220328613,0.002791729682286176,0.0004986631642837645,79.854,0,0,270021,1200,0,438272,60682438,1550708,3.17250889106033,1708.54,822.9,0.03,0.05
12-6-2021 15:26:21,1623525981.4023366,1500.0,92.4,6840.91,2402.43,7999.85,13.2,414701173,221156020,0.0028212172500430375,0.0016535569305008424,80.828,0,0,271065,1205,0,438272,60764511,1556533,3.175931391271136,1715.01,825.77,0.03,0.05
12-6-2021 15:26:26,1623525986.4052517,1500.0,91.2,6853.71,2407.01,8002.24,13.2,416157051,221915285,0.002910059351607699,0.0015176451691683091,79.854,0,0,272107,1209,0,438272,60845405,1561193,3.1255859171556546,1722.27,829.04,0.03,0.05
12-6-2021 15:26:31,1623525991.4089472,1500.0,58.8,6864.13,2411.34,8007.28,13.2,417247984,222136985,0.002180254579083643,0.00044307252616140836,79.854,0,0,273152,1212,0,438272,60925466,1564688,3.149394614274306,1727.34,832.21,0.03,0.05
12-6-2021 15:26:36,1623525996.40901,1500.0,35.8,6870.1,2413.52,8018.86,13.2,418431629,222287848,0.0023672603126210106,0.00030172221615682365,76.445,0,0,274191,1212,0,438272,61002028,1564688,3.172310485251008,1728.1,832.71,0.03,0.05
12-6-2021 15:26:41,1623526001.4122481,1500.0,35.9,6879.86,2416.71,8025.78,13.2,419761339,222484990,0.002657698767363628,0.0003940288110908396,77.906,0,0,275240,1214,0,438272,61081217,1567018,3.1702768257054563,1732.31,834.36,0.03,0.05
12-6-2021 15:26:46,1623526006.4161057,1500.0,57.7,6886.6,2418.67,8036.88,13.2,421053027,222651938,0.0025813844037946036,0.000333638590313374,78.393,0,0,276289,1215,0,438272,61159302,1568183,3.1702768257054563,1733.41,834.98,0.03,0.05
12-6-2021 15:26:51,1623526011.4198804,1500.0,69.8,6898.92,2423.54,8039.53,13.3,422458634,222895249,0.0028090933351325124,0.00048625491226525383,79.367,0,0,277342,1218,0,438272,61239711,1571676,3.158074868432148,1740.14,838.64,0.03,0.05
12-6-2021 15:26:56,1623526016.4224124,1500.0,95.7,6912.7,2428.41,8040.65,13.1,423905402,223659565,0.002892071451945321,0.0015278582909388652,79.367,0,0,278397,1222,0,438272,61321271,1576336,3.1710208474904147,1748.95,842.78,0.03,0.05
12-6-2021 15:27:1,1623526021.422692,1500.0,71.1,6923.27,2433.45,8044.85,13.2,424801409,223883643,0.0017919137728893472,0.00044813093469303156,79.367,0,0,279452,1226,0,438272,61402843,1580996,3.1166080542838293,1754.47,846.19,0.03,0.05
12-6-2021 15:27:6,1623526026.426473,1500.0,92.0,6936.1,2438.23,8046.85,13.3,426177764,224700785,0.002750630060563068,0.0016330491399011349,80.341,0,0,280507,1230,0,438272,61484400,1585656,3.1614973686429537,1761.89,849.62,0.03,0.05
12-6-2021 15:27:11,1623526031.4303775,1500.0,88.0,6948.71,2442.65,8049.53,13.2,427581152,224944079,0.0028045858534335288,0.0004862083120457471,80.828,0,0,281562,1234,0,438272,61565956,1590316,3.1717152678230423,1769.41,853.0,0.03,0.05
12-6-2021 15:27:16,1623526036.4322646,1500.0,94.7,6961.07,2447.66,8052.03,13.2,429003822,225193710,0.002844266526567565,0.0004990736413177953,78.88,0,0,282617,1238,0,438272,61647523,1594976,3.168243166159905,1776.51,856.48,0.03,0.05
12-6-2021 15:27:21,1623526041.4359066,1500.0,85.6,6973.59,2452.54,8054.34,13.2,430408682,225444543,0.002807674843477775,0.0005013008442222433,79.854,0,0,283674,1243,0,438272,61730266,1600801,3.1867445078791903,1783.95,859.97,0.03,0.05
12-6-2021 15:27:26,1623526046.4365828,1500.0,93.2,6986.76,2457.02,8056.53,13.2,431830626,226211530,0.002843503470130859,0.001533766587182939,80.341,0,0,284729,1247,0,438272,61811856,1605459,3.167300738565625,1791.31,863.03,0.03,0.05
12-6-2021 15:27:31,1623526051.4403293,1500.0,34.8,6995.45,2460.39,8064.44,13.2,432911079,226394583,0.002159288041345515,0.0003658318814723274,79.367,0,0,285780,1249,0,438272,61891081,1607789,3.118492909472389,1794.56,864.97,0.03,0.05
12-6-2021 15:27:36,1623526056.442322,1500.0,37.7,7001.53,2461.67,8076.75,13.2,434075994,226541774,0.0023289018383043027,0.0002942647235908617,77.419,0,0,286829,1250,0,438272,61969160,1608954,3.118492909472389,1795.2,865.06,0.03,0.05
12-6-2021 15:27:41,1623526061.446145,900.0,35.4,7007.77,2463.14,8088.86,13.2,435350622,226683223,0.0025473083067141457,0.0002826818590807743,75.958,0,0,287876,1250,0,438272,62046053,1608954,3.118492909472389,1795.79,865.14,0.03,0.05
12-6-2021 15:27:46,1623526066.4495728,1500.0,37.4,7013.76,2464.39,8101.14,13.2,436682034,226827295,0.002660999754858227,0.00028794659855997575,76.445,0,0,288923,1250,0,438272,62122943,1608954,3.118492909472389,1796.32,865.26,0.03,0.05
12-6-2021 15:27:51,1623526071.4522707,1500.0,59.6,7020.89,2465.65,8112.25,13.5,438168285,227284557,0.002970898935827359,0.0009140307991007508,75.958,0,0,289970,1250,0,438272,62199865,1608954,3.118492909472389,1796.94,865.34,0.03,0.05
12-6-2021 15:27:56,1623526076.456072,1500.0,84.6,7033.09,2468.0,8117.16,14.0,439577805,227941171,0.002816898399006188,0.0013122303517261542,77.419,0,0,291017,1250,0,438272,62276787,1608954,3.118492909472389,1797.71,865.44,0.03,0.05
12-6-2021 15:28:1,1623526081.4597065,1500.0,54.7,7043.91,2469.37,8124.76,13.3,440065319,228081894,0.0009743197761484334,0.00028124156815791134,76.932,0,0,292064,1250,0,438272,62353701,1608954,3.118492909472389,1798.24,865.53,0.03,0.05
12-6-2021 15:28:6,1623526086.4622717,1500.0,21.6,7048.38,2470.15,8139.14,12.9,440195259,228211180,0.00025974674236292443,0.0002584394130608977,74.984,0,0,293113,1264,0,471040,62430623,1634078,3.118492909472389,1798.5,865.59,0.03,0.05
