time_stamp,time,cpu_freq,cpu,cpu_user_time,cpu_system_time,cpu_idle_time,memory,net_sent,net_recv,net_upload_rate,net_download_rate,gpu,gpu_mem,cpu_times_user_ipykernel,cpu_times_system_ipykernel,cpu_times_children_user_ipykernel,cpu_times_children_system_ipykernel,memory_percent_ipykernel,io_counters_read_count_ipykernel,io_counters_write_count_ipykernel,io_counters_read_bytes_ipykernel,io_counters_write_bytes_ipykernel,io_counters_read_chars_ipykernel,io_counters_write_chars_ipykernel
27-5-2021 17:33:21,1622151201.0223637,600.0,62.5,575.5,270.11,5579.11,36.7,50332405,637985594,0.0,0.0,0,0,49.53,5.41,0.0,0.08,12.789067241487558,13533,317,164618240,643072,43394573,581899
27-5-2021 17:33:28,1622151208.9828737,600.0,66.4,592.89,272.09,5590.68,36.6,50670252,638605004,0.00042440371200174045,0.0007781034114584355,0,0,56.19,5.76,0.0,0.08,12.771069208714398,14534,320,164749312,643072,43469748,585028
27-5-2021 17:33:33,1622151213.9908037,600.0,56.8,602.93,273.42,5599.2,36.6,50805130,638908737,0.0002693288422821452,0.0006065040796340604,0,0,59.89,6.02,0.0,0.08,12.8152271728439,15523,320,165011456,643072,43541504,585028
27-5-2021 17:33:38,1622151218.9937317,600.0,60.6,613.46,274.59,5606.77,36.6,50954572,639218890,0.0002987090748563618,0.0006199429591006891,0,0,66.25,6.46,0.0,0.08,12.815017893393046,16512,323,165011456,643072,43616007,588157
27-5-2021 17:33:44,1622151224.0019743,600.0,56.6,623.72,276.24,5614.68,36.6,51076604,639546350,0.00024366231744962365,0.0006538421272457533,0,0,69.17,6.73,0.0,0.08,12.797019860619885,17495,323,165011456,643072,43687376,588157
27-5-2021 17:33:49,1622151229.0097234,600.0,59.4,634.88,277.79,5621.47,36.5,51227873,639934024,0.0003020698472778214,0.0007741482126118512,0,0,75.35,7.13,0.0,0.08,12.805809597555614,18490,326,165011456,643072,43762181,591286
27-5-2021 17:33:54,1622151234.011907,600.0,63.9,645.71,279.36,5628.29,36.6,51373382,640228635,0.00029089095769302794,0.000588964778377287,0,0,80.3,7.53,0.0,0.08,12.860850093129356,19485,329,165011456,643072,43836998,594418
27-5-2021 17:33:59,1622151239.0177212,600.0,58.2,656.34,280.62,5636.17,36.6,51495167,640563087,0.00024328710208552085,0.0006681270917330265,0,0,83.38,7.84,0.0,0.08,12.860850093129356,20474,329,165011456,643072,43908672,594418
27-5-2021 17:34:4,1622151244.0252888,600.0,59.5,667.68,282.29,5643.34,36.6,51647991,640948202,0.0003051860920530388,0.0007690659964469327,0,0,88.01,8.14,0.0,0.08,12.874662536885504,21469,332,165011456,643072,43983494,597550
27-5-2021 17:34:9,1622151249.0313601,600.0,65.4,677.88,283.88,5650.87,36.6,51785641,641194254,0.00027496611804028054,0.0004915071796298373,0,0,91.98,8.4,0.0,0.08,12.891404892953561,22464,335,165011456,643072,44058272,600682
27-5-2021 17:34:14,1622151254.0393677,600.0,59.8,688.25,285.41,5658.5,36.7,51911816,641518918,0.0002519465063399347,0.0006482897605258455,0,0,96.81,8.82,0.0,0.08,12.900403909340142,23453,335,165011456,643072,44129965,600682
27-5-2021 17:34:19,1622151259.0424743,600.0,98.5,700.23,288.12,5663.33,36.9,52039520,641759789,0.00025524940873928676,0.0004814428704851903,0,0,101.55,11.17,0.0,0.08,13.289454408471633,24443,335,166789120,643072,44201653,600682
27-5-2021 17:34:24,1622151264.0461254,600.0,91.1,714.06,292.92,5664.79,36.9,52163850,641929372,0.0002484785538971719,0.0003389185120690429,0,0,109.68,15.4,0.0,0.08,13.380909528493397,25431,337,166850560,643072,44275359,603012
27-5-2021 17:34:29,1622151269.0492811,600.0,97.7,727.16,298.04,5666.34,36.9,52283947,642085687,0.00024004249917797472,0.00031243281063644487,0,0,117.16,19.49,0.0,0.08,13.336123726011342,26419,339,166850560,643072,44349067,605344
27-5-2021 17:34:34,1622151274.0524125,600.0,99.5,740.66,302.59,5668.15,37.0,52405463,642243177,0.0002428798896870065,0.0003147828584450332,0,0,124.43,23.2,0.0,0.08,13.311638030261808,27407,341,166850560,643072,44422751,607676
27-5-2021 17:34:39,1622151279.0529,600.0,82.8,754.35,306.87,5670.03,37.1,52532427,642414667,0.000253903241082763,0.000342946558184076,0,0,132.22,26.1,0.0,0.08,13.137098968252307,28397,344,166850560,643072,44497633,611174
27-5-2021 17:34:44,1622151284.0562024,600.0,99.3,768.18,312.14,5671.1,37.1,52653060,642577276,0.00024110675690794316,0.00032500334596705484,0,0,140.25,30.31,0.0,0.08,13.334658769855388,29387,347,166850560,643072,44572521,614672
27-5-2021 17:34:49,1622151289.0570323,600.0,84.8,781.7,316.52,5672.89,37.0,52777235,642742219,0.0002483087839662082,0.00032983125229505355,0,0,147.9,34.12,0.0,0.08,13.150702132557605,30373,348,166850560,643072,44645081,615838
27-5-2021 17:34:54,1622151294.0601513,600.0,99.8,795.17,321.92,5673.96,37.1,52896553,642903032,0.00023848723205329318,0.00032142549529983936,0,0,155.37,38.54,0.0,0.08,13.31812569323818,31363,351,166850560,643072,44719957,619332
27-5-2021 17:34:59,1622151299.0675075,600.0,97.0,809.0,327.29,5674.75,37.1,53022868,643078177,0.00025225886833555103,0.00034977539876206377,0,0,163.65,43.08,0.0,0.08,13.373584747713622,32351,353,166850560,643072,44793679,621664
27-5-2021 17:35:4,1622151304.0770266,600.0,88.7,822.34,331.91,5676.68,37.2,53148197,643246624,0.00025018169906821264,0.00033625383321452505,0,0,171.32,46.45,0.0,0.08,13.154887721574617,33341,356,166850560,643072,44868562,625162
27-5-2021 17:35:9,1622151309.087239,600.0,92.7,835.71,336.64,5678.55,37.0,53267436,643401970,0.00023799190527389042,0.0003100587099579649,0,0,179.44,51.32,0.0,0.08,13.31519578092627,34329,358,166850560,643072,44942287,627494
27-5-2021 17:35:14,1622151314.0901823,600.0,99.7,849.04,341.65,5679.98,37.0,53386638,643556321,0.0002382637447429251,0.0003085203877855676,0,0,186.71,55.19,0.0,0.08,13.3388443588724,35317,360,166850560,643072,45016022,629824
27-5-2021 17:35:19,1622151319.0931551,600.0,86.0,862.35,346.79,5681.42,37.3,53513848,643729120,0.00025426881983211104,0.00034539264050128886,0,0,194.46,58.45,0.0,0.08,13.250109871711697,36312,363,166850560,643072,45091218,633322
27-5-2021 17:35:24,1622151324.0967321,600.0,99.5,876.32,351.99,5682.23,37.4,53718627,643974005,0.0004092652121630629,0.0004894198696182307,0,0,202.37,63.28,0.0,0.08,13.331519578092626,37309,367,166850560,643072,45167565,637984
27-5-2021 17:35:29,1622151329.1003542,600.0,78.9,889.61,356.95,5683.86,37.5,53844736,644141228,0.00025203542276465223,0.00033420389901572003,0,0,209.78,67.23,0.0,0.08,13.158026913337379,38302,369,166850560,643072,45241615,640316
27-5-2021 17:35:34,1622151334.1035595,600.0,100.0,902.56,362.19,5685.68,37.1,53965202,644302742,0.00024077764711152231,0.0003228210523763586,0,0,217.01,71.85,0.0,0.08,13.313521545319466,39297,372,166850560,643072,45316832,643814
27-5-2021 17:35:39,1622151339.151638,600.0,85.6,915.97,367.05,5687.31,37.1,54091787,644472978,0.0002507587769732798,0.000337229301708917,0,0,224.49,75.46,0.0,0.08,13.145679425737185,40290,374,166850560,643072,45390884,646146
27-5-2021 17:35:44,1622151344.154134,600.0,100.0,929.71,372.16,5688.23,37.3,54216280,644641152,0.0002488617680011175,0.0003361801785788754,0,0,232.07,79.65,0.0,0.08,13.387815750371471,41285,377,166850560,643072,45466109,649644
27-5-2021 17:35:49,1622151349.170653,600.0,93.5,943.63,376.84,5689.62,37.1,54349931,644848019,0.00026642179197127716,0.0004123716009586325,0,0,240.62,83.78,0.0,0.08,13.3388443588724,42280,380,166850560,643072,45541325,653142
27-5-2021 17:35:54,1622151354.1735642,600.0,86.4,956.94,381.36,5691.5,37.3,54474191,645015791,0.00024837539133414316,0.0003353487538621589,0,0,247.62,86.76,0.0,0.08,13.301174057719273,43273,382,166850560,643072,45615361,655474
27-5-2021 17:35:59,1622151359.177092,600.0,95.9,970.92,386.17,5692.84,37.3,54604632,645196622,0.00026069805772208624,0.00036140699991523046,0,0,255.19,90.57,0.0,0.08,13.381955925747652,44268,385,166850560,643072,45690574,658972
27-5-2021 17:36:4,1622151364.1879547,600.0,80.1,983.89,391.02,5694.61,37.3,54733673,645359977,0.0002575225277306587,0.00032600175539124584,0,0,263.35,95.11,0.0,0.08,13.32691543017391,45268,387,166862848,643072,45789082,661304
27-5-2021 17:36:9,1622151369.1911895,600.0,99.2,996.44,396.16,5696.78,37.4,54854812,645524589,0.00024212135410440024,0.00032901113878960143,0,0,269.95,99.32,0.0,0.08,13.346796978004729,46263,390,166862848,643072,45864293,664802
27-5-2021 17:36:14,1622151374.217082,600.0,85.2,1010.32,400.83,5698.28,37.2,54983754,645698339,0.000256555427916187,0.0003457097423681771,0,0,278.22,103.46,0.0,0.08,13.365841408032145,47256,392,166862848,643072,45938331,667134
27-5-2021 17:36:19,1622151379.2236538,600.0,92.8,1023.95,405.44,5699.89,37.3,55110061,645870775,0.0002522824116175734,0.0003444193111204279,0,0,285.68,106.22,0.0,0.08,13.183349726890317,48245,395,166862848,643072,46013207,670630
27-5-2021 17:36:24,1622151384.2270825,600.0,67.7,1036.73,410.12,5702.28,37.2,55232109,646026553,0.00024392872843153124,0.0003113425001442635,0,0,292.97,110.34,0.0,0.08,13.313730824770314,49232,397,166862848,643072,46086938,672962
27-5-2021 17:36:29,1622151389.2302969,600.0,98.7,1050.5,414.89,5703.66,37.1,55350477,646184102,0.00023658390686453115,0.0003148955625050691,0,0,300.68,114.27,0.0,0.08,13.335914446560492,50223,398,166862848,643072,46159851,674128
27-5-2021 17:36:34,1622151394.2335007,600.0,99.5,1063.09,420.03,5705.77,37.1,55470205,646341509,0.00023930266113089194,0.00031461240462239665,0,0,307.58,118.11,0.0,0.08,13.32670615072306,51220,402,166862848,643072,46236233,678792
27-5-2021 17:36:39,1622151399.236864,600.0,82.7,1077.19,424.19,5707.45,37.0,55600144,646512460,0.0002597033042929811,0.0003416721659562519,0,0,316.53,121.46,0.0,0.08,13.266852227779754,52213,404,166862848,643072,46310299,681124
27-5-2021 17:36:44,1622151404.2370603,600.0,99.0,1090.69,429.33,5708.69,37.3,55721357,646676917,0.00024241648668057737,0.0003289010927048065,0,0,324.34,125.39,0.0,0.08,13.271874934600172,53208,407,166862848,643072,46385509,684622
27-5-2021 17:36:49,1622151409.2389197,600.0,98.8,1103.95,434.68,5710.01,37.5,55849794,646855876,0.00025677850784765703,0.00035778494503849244,0,0,331.77,129.53,0.0,0.08,13.336333005462194,54203,410,166862848,643072,46460729,688120
27-5-2021 17:36:54,1622151414.2470489,600.0,92.3,1117.6,439.62,5711.28,37.1,55976242,647023613,0.0002524855030159554,0.0003349294636481977,0,0,340.03,133.88,0.0,0.08,13.359772303957474,55196,412,166862848,643072,46534790,690452
27-5-2021 17:36:59,1622151419.2502627,600.0,95.5,1131.22,444.71,5712.48,37.1,56103833,647201366,0.00025501808037360017,0.0003552776358884918,0,0,348.13,137.97,0.0,0.08,13.315823619278824,56191,415,166862848,643072,46609977,693948
27-5-2021 17:37:4,1622151424.2546477,600.0,88.9,1144.7,449.61,5713.9,37.3,56236482,647382283,0.00026506553781454635,0.0003615169500319963,0,0,355.89,141.43,0.0,0.08,13.169746562585019,57186,418,166862848,643072,46685192,697446
27-5-2021 17:37:9,1622151429.2662313,600.0,85.2,1157.66,454.23,5716.09,37.1,56359087,647542771,0.0002446432317631144,0.00032023410936910164,0,0,363.08,145.79,0.0,0.08,13.327124709624764,58174,420,166862848,643072,46758941,699778
27-5-2021 17:37:14,1622151434.270875,600.0,89.7,1170.78,459.85,5717.28,37.3,56483166,647712421,0.0002479277406480502,0.0003389851723574635,0,0,370.63,150.19,0.0,0.08,13.15237636816441,59164,423,166862848,643072,46833873,703276
27-5-2021 17:37:19,1622151439.2744617,600.0,92.6,1184.84,464.59,5718.42,37.3,56612487,647891930,0.0002584565951739408,0.0003587606416829358,0,0,379.78,153.66,0.0,0.08,13.173722872151183,60154,426,166862848,643072,46908773,706772
27-5-2021 17:37:24,1622151444.2770271,600.0,99.7,1199.12,469.12,5719.46,37.7,56834969,648158460,0.0004447358163783917,0.0005327866395453687,0,0,387.63,157.29,0.0,0.08,13.442856245945212,61144,429,166862848,643072,46983662,710270
27-5-2021 17:37:29,1622151449.2803771,600.0,99.7,1212.89,473.78,5720.96,37.3,56964079,648326624,0.00025804710743396024,0.00033610280980965446,0,0,395.69,161.51,0.0,0.08,13.291337923529289,62132,431,166862848,643072,47057405,712602
27-5-2021 17:37:34,1622151454.2835815,600.0,99.3,1225.94,478.59,5723.04,37.4,57087663,648492006,0.00024700969910640766,0.00033055215932172374,0,0,402.96,165.03,0.0,0.08,13.301592616620974,63117,434,166862848,643072,47132005,716100
27-5-2021 17:37:39,1622151459.297252,600.0,91.2,1240.12,483.08,5724.3,37.2,57212540,648658723,0.0002490730122425098,0.00033252484750622216,0,0,411.71,168.88,0.0,0.08,13.380700249042546,64100,436,166862848,643072,47205424,718432
27-5-2021 17:37:44,1622151464.300699,600.0,99.0,1254.1,487.6,5725.71,37.4,57331847,648815580,0.00023844961017685238,0.0003134978710680055,0,0,419.65,172.19,0.0,0.08,13.371282673754264,65085,439,166862848,643072,47280026,721930
27-5-2021 17:37:49,1622151469.3054175,600.0,98.7,1267.64,492.47,5727.16,37.9,57477494,649303999,0.0002910193625772111,0.0009759170188922455,0,0,426.9,175.63,0.0,0.08,13.443902643199465,66068,441,166862848,643072,47353460,724262
27-5-2021 17:37:54,1622151474.3221855,600.0,99.3,1283.65,496.04,5727.6,38.2,57594367,649454855,0.0002329647304737939,0.000300703561817996,0,0,433.18,178.1,0.0,0.08,13.367934202540651,67051,443,166862848,643072,47426921,726594
27-5-2021 17:37:59,1622151479.3270257,600.0,93.0,1298.85,500.04,5728.43,38.2,57709939,649604821,0.00023092046273069877,0.00029964193847880087,0,0,441.45,181.05,0.0,0.08,13.157399074984827,68037,444,166862848,643072,47499501,727760
27-5-2021 17:38:4,1622151484.3307087,600.0,99.8,1312.24,505.46,5729.44,37.4,57829870,649764463,0.00023968544337800486,0.0003190489827630175,0,0,448.95,185.85,0.0,0.08,13.368771320344056,69025,446,166862848,643072,47573268,730092
27-5-2021 17:38:9,1622151489.3339396,600.0,95.1,1324.92,510.08,5731.93,37.3,57951505,649916950,0.00024311290966802065,0.00030477706463228075,0,0,455.7,189.23,0.0,0.08,13.379863131239144,70013,448,166862848,643072,47647007,732424
27-5-2021 17:38:14,1622151494.3372865,600.0,98.8,1338.49,515.32,5733.01,37.4,58075170,650080881,0.0002471645520028583,0.00032764268123058724,0,0,463.67,193.3,0.0,0.08,13.452064541782644,71003,451,166862848,643072,47721930,735920
27-5-2021 17:38:19,1622151499.3403935,600.0,84.5,1352.5,519.71,5734.36,37.2,58198682,650245897,0.00024687059111292917,0.000329827040798393,0,0,472.14,197.41,0.0,0.08,13.380909528493397,71996,453,166862848,643072,47795990,738248
27-5-2021 17:38:24,1622151504.3432615,600.0,99.5,1365.89,525.55,5735.18,37.5,58312376,650402509,0.0002272576478726263,0.0003130444416471208,0,0,479.83,201.24,0.0,0.08,13.364795010777891,72991,456,166862848,643072,47871231,741746
27-5-2021 17:38:29,1622151509.347492,600.0,79.1,1379.39,530.37,5736.72,37.6,58437234,650567447,0.00024950489394578106,0.00032959712791834914,0,0,487.7,205.74,0.0,0.08,13.382583764100204,73983,458,166862848,643072,47945254,744078
27-5-2021 17:38:34,1622151514.3507092,600.0,99.8,1392.16,535.38,5738.69,37.5,58560201,650738228,0.00024577585698441756,0.00034134236528219616,0,0,494.81,208.93,0.0,0.08,13.449971747274137,74983,461,166862848,643072,48020781,747576
27-5-2021 17:38:39,1622151519.3534026,600.0,89.1,1405.81,540.11,5740.18,37.2,58684379,650901533,0.0002482222868893152,0.00032643415549018037,0,0,502.72,212.95,0.0,0.08,13.307452441244793,75975,463,166862848,643072,48094832,749908
27-5-2021 17:38:44,1622151524.3554416,600.0,95.3,1419.1,545.51,5741.31,37.3,58815760,651088963,0.00026265489166290754,0.0003747071977255369,0,0,510.73,216.74,0.0,0.08,13.188372433710734,76975,466,166862848,643072,48170357,753406
27-5-2021 17:38:49,1622151529.3581898,600.0,99.3,1433.21,550.26,5742.36,37.2,58935753,651259165,0.00023985416411258099,0.0003402169996607261,0,0,518.52,220.54,0.0,0.08,13.333193813699431,77969,469,166862848,643072,48245536,756904
27-5-2021 17:38:54,1622151534.3620427,600.0,83.2,1446.5,555.03,5744.09,37.2,59069161,651433844,0.0002666105582093876,0.00034908900288931413,0,0,527.34,224.75,0.0,0.08,13.381118807944247,78963,472,166862848,643072,48320723,760402
27-5-2021 17:38:59,1622151539.3649826,600.0,99.3,1460.36,560.03,5745.11,37.3,59187053,651593495,0.0002356454433306832,0.00031911436461496036,0,0,534.89,228.5,0.0,0.08,13.386350794215515,79957,475,166862848,643072,48395917,763900
27-5-2021 17:39:4,1622151544.368923,600.0,99.8,1473.88,565.26,5746.23,37.1,59315912,651769553,0.00025751506042272535,0.00035183872688678464,0,0,542.53,232.72,0.0,0.08,13.33528660820794,80949,477,166862848,643072,48469960,766232
27-5-2021 17:39:9,1622151549.372606,600.0,99.5,1486.6,569.82,5748.79,37.2,59441380,651934314,0.0002507512920742053,0.0003292794468186162,0,0,548.98,235.77,0.0,0.08,13.270200698993365,81943,480,166862848,643072,48545085,769728
27-5-2021 17:39:14,1622151554.3758855,600.0,92.8,1499.79,574.86,5750.43,37.4,59567595,652099366,0.00025226454233265945,0.00032988763016353134,0,0,556.8,239.49,0.0,0.08,13.175815666659691,82940,482,166862848,643072,48619393,772060
27-5-2021 17:39:19,1622151559.3771515,600.0,99.8,1513.99,579.3,5751.71,37.3,59686869,652259299,0.00023848761480929197,0.0003197850302605303,0,0,565.23,243.39,0.0,0.08,13.381328087395097,83937,484,166862848,643072,48693693,774392
27-5-2021 17:39:24,1622151564.3827503,600.0,90.0,1527.88,584.07,5752.85,37.5,59915497,652528671,0.0004567445572224972,0.0005381414125485003,0,0,573.33,247.31,0.0,0.08,13.307452441244793,84932,485,166862848,643072,48766833,775558
27-5-2021 17:39:29,1622151569.3903942,600.0,90.8,1541.03,589.21,5754.57,37.2,60035202,652684432,0.0002390445516505019,0.00031104647600044966,0,0,580.81,251.6,0.0,0.08,13.297407027603962,85929,487,166862848,643072,48841123,777890
27-5-2021 17:39:34,1622151574.3933535,600.0,99.8,1553.32,594.48,5756.76,37.3,60157048,652850069,0.0002435478561329688,0.00033107805136234716,0,0,586.77,254.83,0.0,0.08,13.398279722914008,86928,490,166862848,643072,48916606,781388
27-5-2021 17:39:39,1622151579.3967407,600.0,85.4,1566.39,599.37,5758.69,37.2,60287666,653017822,0.0002610591474252953,0.0003352788678285961,0,0,594.64,259.39,0.0,0.08,13.287780172864828,87925,492,166862848,643072,48990908,783718
27-5-2021 17:39:44,1622151584.4070652,600.0,99.7,1579.71,604.61,5759.88,37.4,60413204,653190667,0.0002505586225951738,0.00034497765714335747,0,0,602.41,263.13,0.0,0.08,13.446413996609675,88928,497,166862848,643072,49068776,789544
27-5-2021 17:39:49,1622151589.4140038,600.0,91.9,1593.51,609.35,5761.27,37.2,60538477,653352541,0.00025019878933686874,0.0003232993448318176,0,0,610.71,266.88,0.0,0.08,13.138354644957412,89925,499,166862848,643072,49143099,791874
27-5-2021 17:39:54,1622151594.4225733,600.0,99.0,1607.29,614.71,5762.0,37.3,60655712,653514179,0.000234068830415172,0.00032272288660082374,0,0,618.28,271.06,0.0,0.08,13.309545235753301,90924,502,166862848,643072,49218610,795372
27-5-2021 17:39:59,1622151599.4270387,600.0,82.4,1620.91,618.94,5764.08,37.2,60788742,653690567,0.00026582260225688605,0.00035246122804546054,0,0,626.25,274.73,0.0,0.08,13.330682460289225,91921,504,166862848,643072,49292907,797702
27-5-2021 17:40:4,1622151604.4280941,600.0,99.0,1634.32,624.62,5764.86,37.6,60909267,653856502,0.00024099912609428314,0.0003317999584190406,0,0,633.25,278.76,0.0,0.08,13.33486804930624,92921,507,166862848,643072,49368412,801200
27-5-2021 17:40:9,1622151609.4317138,600.0,98.0,1646.63,629.24,5767.74,37.4,61029771,654013945,0.000240833652288959,0.00031465820817010696,0,0,640.93,282.52,0.0,0.08,13.19569721449051,93919,509,166862848,643072,49442730,803532
27-5-2021 17:40:14,1622151614.4349222,600.0,93.1,1660.41,634.26,5768.75,37.3,61159107,654200541,0.0002585061218527902,0.0003729526838099465,0,0,649.13,286.18,0.0,0.08,13.204905510327942,94919,512,166862848,643072,49518225,807030
27-5-2021 17:40:19,1622151619.4370916,600.0,99.0,1674.12,639.59,5769.58,37.3,61279865,654366116,0.0002414112579004461,0.0003310063848926478,0,0,656.88,291.01,0.0,0.08,13.377770336730638,95919,515,166862848,643072,49593770,810528
27-5-2021 17:40:24,1622151624.4538388,600.0,92.6,1687.69,644.31,5771.2,37.4,61408863,654537603,0.00025713474074962257,0.00034182906158956356,0,0,664.5,294.14,0.0,0.08,13.20197559801603,96912,517,166862848,643072,49667797,812860
27-5-2021 17:40:29,1622151629.4571683,600.0,98.0,1701.58,648.76,5772.67,37.3,61533055,654708921,0.0002482187103933981,0.0003424079894612872,0,0,672.5,298.32,0.0,0.08,13.380281690140844,97905,519,166862848,643072,49741864,815192
27-5-2021 17:40:34,1622151634.4602919,600.0,89.6,1714.33,653.81,5774.68,37.5,61658627,654880044,0.0002509872071971183,0.0003420323309112897,0,0,679.61,302.04,0.0,0.08,13.159701148944187,98900,522,166862848,643072,49817058,818686
27-5-2021 17:40:39,1622151639.4637768,600.0,93.0,1727.94,659.13,5775.59,37.5,61784469,655055369,0.00025150870022815536,0.0003504057696754767,0,0,687.7,306.03,0.0,0.08,13.406650900948037,99895,525,166862848,643072,49892250,822182
27-5-2021 17:40:44,1622151644.4689422,600.0,47.1,1738.36,661.89,5782.01,37.6,61904069,655190191,0.00023895314522308074,0.0002693657269671086,0,0,691.12,307.4,0.0,0.08,13.392838457191889,100886,526,166862848,643072,49965139,823346
27-5-2021 17:40:49,1622151649.4734318,600.0,85.9,1748.23,664.51,5789.21,37.4,62028560,655339745,0.00024875863165127633,0.0002988396622886392,0,0,695.27,309.17,0.0,0.08,13.140028880564216,101877,527,166862848,643072,50038027,824512
27-5-2021 17:40:54,1622151654.4772208,600.0,87.1,1761.62,669.56,5790.62,37.4,62147949,655499572,0.00023859719352533796,0.00031941195294017194,0,0,703.3,313.92,0.0,0.08,13.383839440805307,102872,530,166862848,643072,50113241,828008
27-5-2021 17:40:59,1622151659.4888012,600.0,79.2,1774.3,674.67,5792.49,37.4,62274960,655671442,0.00025343502080961395,0.0003429457056990997,0,0,710.26,317.12,0.0,0.08,13.14651654354059,103865,532,166862848,643072,50187287,830340
27-5-2021 17:41:4,1622151664.4921415,600.0,99.8,1788.01,679.81,5793.58,37.5,62400398,655839101,0.00025070851446306095,0.0003350941407417397,0,0,717.88,321.31,0.0,0.08,13.391373501035932,104865,535,166862848,643072,50262778,833838
27-5-2021 17:41:9,1622151669.495334,600.0,94.8,1800.85,684.49,5795.92,37.4,62529678,656008231,0.00025839501866817635,0.0003380441638872885,0,0,725.2,324.62,0.0,0.08,13.342192830086013,105863,537,166862848,643072,50337146,836170
27-5-2021 17:41:14,1622151674.4970472,600.0,46.2,1809.5,686.85,5804.67,37.3,62641700,656126381,0.0002239672564590018,0.00023621905831560822,0,0,726.7,325.22,0.0,0.08,13.144842307933786,106857,537,166862848,643072,50409164,836170
27-5-2021 17:41:19,1622151679.5007484,600.0,88.9,1819.97,691.11,5809.58,37.5,62771630,656289191,0.00025966778299983553,0.00032537914069270547,0,0,732.19,328.38,0.0,0.08,13.339053638323254,107855,539,166862848,643072,50483568,838502
27-5-2021 17:41:24,1622151684.504138,600.0,97.3,1833.82,695.86,5810.92,37.7,63008151,656565516,0.00047272153290780307,0.0005522756016622147,0,0,740.14,332.34,0.0,0.08,13.379653851788293,108855,542,166862848,643072,50559087,842000
27-5-2021 17:41:29,1622151689.5085533,600.0,73.3,1847.01,700.69,5812.67,37.4,63133428,656733300,0.0002503329423103978,0.0003352719365295129,0,0,747.58,336.41,0.0,0.08,13.37839817508319,109847,544,166862848,643072,50633123,844332
27-5-2021 17:41:34,1622151694.511596,600.0,97.2,1859.94,705.8,5814.47,37.4,63255840,656894960,0.00024467510551373644,0.00032312336664175594,0,0,754.8,340.55,0.0,0.08,13.380490969591696,110839,546,166862848,643072,50707176,846664
27-5-2021 17:41:39,1622151699.5147135,600.0,99.8,1873.07,711.08,5815.99,37.5,63376461,657054749,0.0002410916763820471,0.0003193788633605336,0,0,761.67,343.87,0.0,0.08,13.378816733984891,111837,548,166862848,643072,50781525,848996
27-5-2021 17:41:44,1622151704.5176508,600.0,96.5,1885.76,715.01,5819.18,37.5,63503951,657219318,0.0002548302965329511,0.00032894475700157835,0,0,768.62,346.74,0.0,0.08,13.446413996609675,112835,550,166862848,643072,50855874,851328
27-5-2021 17:41:49,1622151709.5315955,600.0,94.6,1899.93,719.56,5820.44,37.3,63624393,657377003,0.00024021406095898774,0.0003144929028272362,0,0,777.22,350.72,0.0,0.08,13.391164221585083,113833,552,166862848,643072,50930229,853660
27-5-2021 17:41:54,1622151714.5411096,600.0,94.0,1913.34,725.22,5821.2,37.5,63748933,657548172,0.00024860694605910834,0.00034168783001438505,0,0,784.75,354.85,0.0,0.08,13.453948056840298,114831,554,166862848,643072,51004580,855992
27-5-2021 17:41:59,1622151719.5471115,600.0,99.5,1926.97,730.06,5822.56,37.7,63872716,657717289,0.00024726918058242883,0.00033782847412454554,0,0,792.72,358.88,0.0,0.08,13.372119791557665,115831,557,166862848,643072,51080117,859490
27-5-2021 17:42:4,1622151724.550481,600.0,77.4,1940.33,734.76,5824.43,37.5,63997137,657881378,0.0002486744148414157,0.0003279569852108009,0,0,800.63,363.15,0.0,0.08,13.37839817508319,116829,559,166862848,643072,51154484,861822
27-5-2021 17:42:9,1622151729.554566,600.0,87.6,1953.07,739.77,5826.56,37.4,64123417,658041770,0.00025235383572256876,0.00032052214459308084,0,0,807.31,367.0,0.0,0.08,13.298244145407361,117831,563,166862848,643072,51231175,866486
27-5-2021 17:42:14,1622151734.588814,600.0,90.8,1966.6,745.18,5827.71,37.6,64254264,658229455,0.00025991368928694714,0.000372816348665393,0,0,815.07,370.72,0.0,0.08,13.330473180838373,118831,566,166862848,643072,51306686,869984
27-5-2021 17:42:19,1622151739.5922675,600.0,99.3,1980.32,750.31,5828.93,37.4,64374511,658395074,0.0002403280057771834,0.00033100937228214706,0,0,822.85,375.07,0.0,0.08,13.393675574995292,119829,568,166862848,643072,51381046,872316
27-5-2021 17:42:24,1622151744.595531,600.0,92.8,1993.69,755.01,5830.58,37.3,64500254,658562854,0.00025132196348589923,0.00033534112462454507,0,0,830.91,378.88,0.0,0.08,13.380281690140844,120827,570,166862848,643072,51455461,874648
27-5-2021 17:42:29,1622151749.598457,600.0,91.3,2006.72,760.16,5832.23,37.3,64619244,658724858,0.00023784081026723814,0.0003238184942140823,0,0,837.7,383.05,0.0,0.08,13.385513676412113,121825,572,166862848,643072,51529872,876980
27-5-2021 17:42:34,1622151754.6070573,600.0,99.7,2019.33,765.43,5834.16,37.6,64737266,658883550,0.00023563869037822137,0.00031683902199166854,0,0,844.88,387.05,0.0,0.08,13.343448506791116,122825,575,166862848,643072,51605423,880478
27-5-2021 17:42:39,1622151759.6108687,600.0,92.3,2032.92,770.8,5835.13,37.3,64860808,659053318,0.00024689579827541204,0.0003392773783945553,0,0,852.73,391.73,0.0,0.08,13.370026997049159,123823,577,166862848,643072,51679814,882810
27-5-2021 17:42:44,1622151764.6145172,600.0,84.8,2046.33,775.63,5836.59,37.3,64985017,659222159,0.00024823686059390694,0.00033743577180023865,0,0,860.61,395.34,0.0,0.08,13.283594583847814,124823,580,166862848,643072,51755426,886306
27-5-2021 17:42:49,1622151769.6219418,600.0,89.9,2059.56,781.13,5837.75,37.4,65108889,659395278,0.00024737666578915883,0.0003457246270727314,0,0,867.64,399.15,0.0,0.08,13.386141514764665,125823,583,166862848,643072,51830979,889800
27-5-2021 17:42:54,1622151774.6270735,600.0,99.5,2073.3,786.14,5838.93,37.5,65232140,659563538,0.00024624926347222443,0.00033617496873726365,0,0,876.19,403.55,0.0,0.08,13.375258983320428,126823,586,166862848,643072,51906527,893298
27-5-2021 17:42:59,1622151779.6954668,600.0,92.8,2087.46,790.77,5840.23,37.4,65360456,659731953,0.0002531689909721257,0.00033228479390388227,0,0,884.79,407.49,0.0,0.08,13.210556055500911,127821,588,166862848,643072,51980918,895630
27-5-2021 17:43:4,1622151784.6970809,600.0,99.0,2100.7,796.2,5841.38,37.3,65478874,659887502,0.00023675956957025572,0.00031099760414028026,0,0,892.21,412.07,0.0,0.08,13.388025029822323,128813,590,166862848,643072,52054995,897962
27-5-2021 17:43:9,1622151789.701279,600.0,99.7,2113.23,801.28,5843.63,37.5,65603994,660055525,0.000250030071034871,0.0003357640874799563,0,0,898.9,416.0,0.0,0.08,13.379444572337443,129809,594,166862848,643072,52131384,902626
27-5-2021 17:43:14,1622151794.7070131,600.0,89.3,2127.25,806.2,5844.59,37.3,65723578,660220390,0.00023889402652397499,0.0003293522852795954,0,0,907.59,420.33,0.0,0.08,13.382793043551052,130801,596,166862848,643072,52205425,904958
27-5-2021 17:43:19,1622151799.7123084,600.0,99.0,2140.29,811.65,5845.96,37.4,65844164,660382091,0.00024091685572025551,0.00032305986173205046,0,0,914.43,424.26,0.0,0.08,13.380490969591696,131795,599,166862848,643072,52280628,908456
27-5-2021 17:43:24,1622151804.7155123,600.0,89.1,2154.5,815.88,5847.54,37.8,66101831,660680117,0.0005150039989443867,0.0005956703100878257,0,0,923.29,427.4,0.0,0.08,13.187535315907331,132782,601,166862848,643072,52354392,910788
27-5-2021 17:43:29,1622151809.7170274,600.0,92.4,2168.15,820.46,5849.03,37.2,66226876,660841441,0.00025001423818189403,0.00032255025759091426,0,0,930.27,431.39,0.0,0.08,13.37860745453404,133769,603,166862848,643072,52428163,913120
27-5-2021 17:43:34,1622151814.7208774,600.0,99.3,2181.32,825.06,5851.19,37.6,66346416,660996988,0.0002388960508428092,0.0003108546429684327,0,0,937.71,434.64,0.0,0.08,13.377142498378083,134753,606,166862848,643072,52502791,916616
27-5-2021 17:43:39,1622151819.7239413,600.0,95.5,2194.82,830.02,5852.46,37.3,66474560,661175043,0.00025613104713789135,0.0003558919153307002,0,0,945.47,438.47,0.0,0.08,13.38467655860871,135733,607,166862848,643072,52575072,917782
27-5-2021 17:43:44,1622151824.7269943,600.0,99.8,2208.03,835.33,5853.85,37.4,66596411,661338403,0.00024355328880199862,0.00032652062977484383,0,0,952.72,442.12,0.0,0.08,13.38467655860871,136717,610,166862848,643072,52649709,921280
27-5-2021 17:43:49,1622151829.7302864,600.0,90.3,2222.15,839.54,5855.46,37.2,66722448,661502952,0.0002519081394620089,0.0003288814589393123,0,0,961.44,445.75,0.0,0.08,13.376933218927235,137699,612,166862848,643072,52723180,923612
27-5-2021 17:43:54,1622151834.7427335,600.0,97.3,2235.75,844.89,5856.46,37.4,66844633,661673069,0.00024376317017434635,0.00033938911667184417,0,0,969.13,449.42,0.0,0.08,13.336542284913044,138683,615,166862848,643072,52797829,927110
27-5-2021 17:43:59,1622151839.7467427,600.0,99.8,2249.2,849.75,5857.94,37.2,66975314,661843274,0.000261152594957504,0.0003401372611530519,0,0,977.27,453.82,0.0,0.08,13.371073394303412,139672,618,166862848,643072,52872764,930608
27-5-2021 17:44:4,1622151844.7586367,600.0,84.6,2261.92,855.3,5859.55,37.5,67105090,662024751,0.0002589360435788147,0.0003620926548865164,0,0,984.14,457.52,0.0,0.08,13.346378419103027,140661,621,166862848,643072,52947665,934104
27-5-2021 17:44:9,1622151849.7793643,600.0,90.7,2275.56,859.67,5861.39,37.3,67228774,662185091,0.0002463467628712416,0.0003193561006983512,0,0,992.16,461.25,0.0,0.08,13.383420881903607,141648,623,166862848,643072,53021438,936436
27-5-2021 17:44:14,1622151854.782514,600.0,99.5,2288.48,865.34,5862.75,37.4,67351039,662352881,0.00024437605540904956,0.0003353687346099409,0,0,999.07,465.19,0.0,0.08,13.38718791201892,142637,626,166862848,643072,53096395,939934
27-5-2021 17:44:19,1622151859.8170102,600.0,99.7,2302.65,869.9,5863.96,37.4,67480282,662532799,0.00025671486923385434,0.0003573704250351401,0,0,1008.11,468.82,0.0,0.08,13.380072410689994,143620,629,166862848,643072,53171016,943432
27-5-2021 17:44:24,1622151864.8234591,600.0,87.3,2316.8,874.19,5865.32,37.4,67604790,662700971,0.00024869523367616143,0.00033591074338827566,0,0,1016.9,472.46,0.0,0.08,13.217671556829835,144601,631,166862848,643072,53244466,945764
27-5-2021 17:44:29,1622151869.826596,600.0,93.2,2329.94,879.04,5867.1,37.2,67728371,662870111,0.00024700703404870135,0.00033806790476689254,0,0,1023.94,476.27,0.0,0.08,13.372329071008519,145584,634,166862848,643072,53319099,949262
27-5-2021 17:44:34,1622151874.8270173,600.0,90.7,2342.56,884.05,5869.29,37.4,67857498,663043837,0.00025823224209347824,0.000347422727159553,0,0,1031.26,479.82,0.0,0.08,13.342192830086013,146565,636,166862848,643072,53392561,951592
27-5-2021 17:44:39,1622151879.8304095,600.0,99.8,2357.05,888.51,5870.3,37.3,67978424,663205365,0.00024168802822944409,0.00032283697322201715,0,0,1039.84,483.87,0.0,0.08,13.380700249042546,147548,639,166862848,643072,53467178,955090
27-5-2021 17:44:44,1622151884.834878,600.0,90.7,2371.08,893.02,5871.54,37.3,68108377,663389377,0.00025967393247020926,0.00036769539496362644,0,0,1048.14,487.58,0.0,0.08,13.371491953205114,148529,641,166862848,643072,53540649,957422
27-5-2021 17:44:49,1622151889.8472242,600.0,94.2,2384.49,898.21,5872.92,37.3,68234222,663563288,0.0002510700444040575,0.00034696525481627433,0,0,1055.57,490.81,0.0,0.08,13.387397191469768,149512,644,166862848,643072,53615280,960920
27-5-2021 17:44:54,1622151894.8520312,600.0,98.0,2398.3,903.04,5874.22,37.3,68354398,663725760,0.00024012114774985634,0.00032463189919130825,0,0,1063.83,495.26,0.0,0.08,13.377351777828936,150493,646,166862848,643072,53688760,963252
27-5-2021 17:44:59,1622151899.96705,600.0,94.0,2411.8,908.55,5875.57,37.2,68485745,663903115,0.0002567869327374025,0.00034673381543272417,0,0,1071.92,499.54,0.0,0.08,13.365841408032145,151474,648,166862848,643072,53762251,965584
27-5-2021 17:45:5,1622151905.0024807,600.0,96.8,2425.44,914.18,5876.31,37.4,68608520,664072278,0.00024382224292495967,0.00033594544557047405,0,0,1078.92,503.45,0.0,0.08,13.386141514764665,152457,651,166862848,643072,53836877,969082
27-5-2021 17:45:10,1622151910.006029,600.0,86.4,2438.19,918.65,5878.84,37.4,68736004,664235529,0.00025478719560218085,0.0003262704689941611,0,0,1086.85,507.46,0.0,0.08,13.370654835401712,153438,653,166862848,643072,53910327,971414
27-5-2021 17:45:15,1622151915.0070493,600.0,98.8,2451.38,924.37,5879.93,37.4,68860104,664399764,0.00024814935611514223,0.00032840297745020453,0,0,1094.44,511.68,0.0,0.08,13.375677542222128,154421,656,166862848,643072,53984931,974908
27-5-2021 17:45:20,1622151920.009931,600.0,86.4,2464.47,929.36,5881.54,37.2,68985121,664567023,0.00024988997514488335,0.0003343253105798255,0,0,1101.97,515.56,0.0,0.08,13.290710085176736,155402,658,166862848,643072,54058353,977238
27-5-2021 17:45:25,1622151925.0152965,600.0,100.0,2478.02,935.04,5882.37,37.6,69237671,664860630,0.0005045585711438645,0.0005865845511694185,0,0,1109.45,519.99,0.0,0.08,13.360400142310027,156390,661,166862848,643072,54133270,980736
27-5-2021 17:45:30,1622151930.0170634,600.0,82.7,2490.71,939.71,5884.82,37.4,69366322,665030349,0.0002572111057060057,0.00033931809040984977,0,0,1116.02,523.1,0.0,0.08,13.375258983320428,157376,663,166862848,643072,54207055,983068
27-5-2021 17:45:35,1622151935.0205116,600.0,100.0,2504.14,945.21,5885.74,37.4,69484507,665197728,0.00023620709987232907,0.00033452729339197504,0,0,1124.59,527.62,0.0,0.08,13.33486804930624,158364,666,166862848,643072,54281996,986566
27-5-2021 17:45:40,1622151940.0238507,600.0,87.2,2517.58,949.83,5887.54,37.2,69612682,665363904,0.000256178921042004,0.00033213019998498965,0,0,1132.8,531.99,0.0,0.08,13.370654835401712,159350,668,166862848,643072,54355765,988898
27-5-2021 17:45:45,1622151945.0270445,600.0,99.8,2531.24,955.2,5888.52,37.5,69732254,665525813,0.00023899133924958288,0.0003236112864764386,0,0,1140.24,535.62,0.0,0.08,13.34114643283176,160338,671,166862848,643072,54430706,992396
27-5-2021 17:45:50,1622151950.0617788,600.0,82.3,2544.84,959.82,5890.24,37.2,69861306,665694788,0.00025632336011118136,0.00033561850862277897,0,0,1148.15,539.7,0.0,0.08,13.380700249042546,161324,673,166862848,643072,54504463,994728
27-5-2021 17:45:55,1622151955.064748,600.0,99.3,2558.34,965.17,5891.39,37.3,69985416,665864097,0.00024807268129478237,0.0003384170300325382,0,0,1155.48,543.08,0.0,0.08,13.371282673754264,162312,676,166862848,643072,54579412,998226
27-5-2021 17:46:0,1622151960.067038,600.0,90.4,2572.15,969.74,5892.73,37.3,70111926,666032401,0.00025290416936174775,0.0003364539034088973,0,0,1164.35,547.4,0.0,0.08,13.395349810602097,163298,678,166862848,643072,54653162,1000558
27-5-2021 17:46:5,1622151965.0701442,600.0,99.0,2585.19,975.17,5894.09,37.4,70231163,666189274,0.00023832594633346404,0.000313551214632786,0,0,1171.42,551.48,0.0,0.08,13.3821652051985,164285,680,166862848,643072,54726948,1002890
27-5-2021 17:46:10,1622151970.0940979,600.0,88.3,2597.74,980.27,5896.45,37.5,70356919,666357277,0.0002503128175626895,0.0003344039591668352,0,0,1178.42,554.78,0.0,0.08,13.359144465604922,165274,683,166862848,643072,54801870,1006388
27-5-2021 17:46:15,1622151975.0970702,600.0,97.3,2611.87,984.96,5897.6,37.5,70479165,666519973,0.0002443467424870212,0.0003251986782035273,0,0,1186.73,559.08,0.0,0.08,13.387606470920622,166263,686,166862848,643072,54876836,1009884
27-5-2021 17:46:20,1622151980.100418,600.0,91.4,2625.24,989.9,5899.09,37.5,70602746,666687188,0.0002469966173047927,0.00033420622395530794,0,0,1194.88,562.56,0.0,0.08,13.154050603771218,167252,689,166862848,643072,54951828,1013382
27-5-2021 17:46:25,1622151985.1070745,600.0,99.5,2639.14,994.41,5900.64,37.5,70726656,666860054,0.00024749052040866425,0.0003452723452583662,0,0,1202.73,566.05,0.0,0.08,13.465667706087938,168241,692,166862848,643072,55026838,1016878
27-5-2021 17:46:30,1622151990.1072254,600.0,96.8,2652.9,999.12,5901.93,37.3,70854101,667074995,0.0002548823066854414,0.00042986902492271535,0,0,1210.07,570.41,0.0,0.08,13.38446727915786,169233,694,166862848,643072,55100978,1019210
27-5-2021 17:46:35,1622151995.1170766,600.0,99.5,2666.39,1003.8,5903.72,37.4,70979167,667242429,0.0002496401481322919,0.00033420952586939824,0,0,1217.57,573.31,0.0,0.08,13.35788878889982,170227,697,166862848,643072,55176249,1022708
27-5-2021 17:46:40,1622152000.1188097,600.0,91.9,2680.24,1008.43,5905.07,37.4,71100866,667399994,0.00024331366433782235,0.00031502080971404023,0,0,1226.18,576.91,0.0,0.08,13.315823619278824,171217,698,166862848,643072,55249176,1023874
27-5-2021 17:46:45,1622152005.1221368,600.0,99.8,2694.19,1013.4,5906.07,37.5,71229807,667570683,0.0002577105126588748,0.00034115098917513186,0,0,1233.86,581.6,0.0,0.08,13.381118807944247,172205,701,166862848,643072,55324105,1027372
27-5-2021 17:46:50,1622152010.1365817,600.0,93.7,2707.72,1018.3,5907.56,37.7,71353537,667736844,0.0002467471559529036,0.00033136469878194795,0,0,1241.9,585.27,0.0,0.08,13.212439570558567,173197,703,166862848,643072,55398215,1029704
27-5-2021 17:46:55,1622152015.163622,600.0,98.8,2721.35,1023.89,5908.4,37.4,71472476,667897358,0.00023659846400095612,0.00031930120356358696,0,0,1249.63,590.02,0.0,0.08,13.37274762991022,174191,706,166862848,643072,55473471,1033202
27-5-2021 17:47:0,1622152020.1666176,600.0,86.1,2734.34,1029.0,5910.12,37.2,71601038,668072034,0.0002569700374583881,0.0003491428125191067,0,0,1256.87,594.07,0.0,0.08,13.379026013435741,175183,708,166862848,643072,55547558,1035534
27-5-2021 17:47:5,1622152025.1670976,600.0,99.7,2747.22,1034.46,5911.62,37.4,71721149,668232881,0.00024019894394711658,0.0003216631244187615,0,0,1263.64,598.06,0.0,0.08,13.383630161354457,176177,711,166862848,643072,55622839,1039032
27-5-2021 17:47:10,1622152030.1705024,600.0,93.2,2759.83,1038.96,5914.37,37.5,71850623,668401456,0.0002587717838818733,0.0003369205668156293,0,0,1271.09,601.77,0.0,0.08,13.197162170646465,177169,713,166862848,643072,55696960,1041364
27-5-2021 17:47:15,1622152035.1808527,600.0,99.8,2773.51,1043.88,5915.65,37.3,71978592,668573312,0.0002554092911535474,0.00034300197032471956,0,0,1278.68,605.4,0.0,0.08,13.381118807944247,178163,716,166862848,643072,55772265,1044862
27-5-2021 17:47:20,1622152040.1859403,600.0,83.2,2786.7,1048.31,5917.7,37.4,72106454,668740886,0.0002554640594918491,0.0003348073259083005,0,0,1286.5,608.64,0.0,0.08,13.333821652051986,179157,719,166862848,643072,55847570,1048360
27-5-2021 17:47:25,1622152045.1870997,600.0,99.2,2800.42,1053.1,5919.05,37.6,72376647,669051798,0.0005402607211510202,0.0006216798412042725,0,0,1294.24,612.78,0.0,0.08,13.371910512106815,180151,722,166862848,643072,55922857,1051858
27-5-2021 17:47:30,1622152050.1901677,600.0,81.2,2812.9,1057.86,5921.65,37.4,72504942,669221126,0.000256432654447678,0.00033844833011665627,0,0,1300.76,615.76,0.0,0.08,13.446623276060524,181137,724,166862848,643072,55996614,1054190
27-5-2021 17:47:35,1622152055.1936524,600.0,99.3,2826.54,1063.27,5922.51,37.4,72623013,669380318,0.00023597753659082357,0.0003181622583442707,0,0,1308.98,620.77,0.0,0.08,13.387397191469768,182123,726,166862848,643072,56070383,1056522
27-5-2021 17:47:40,1622152060.1975107,600.0,99.2,2840.37,1067.98,5923.93,37.4,72749051,669544199,0.0002518816316163803,0.00032750927236963474,0,0,1316.64,624.05,0.0,0.08,13.37860745453404,183111,729,166862848,643072,56145338,1060020
27-5-2021 17:47:45,1622152065.20041,600.0,100.0,2854.07,1072.71,5925.38,37.3,72873149,669711660,0.0002480521709214018,0.0003347279133803032,0,0,1325.54,628.31,0.0,0.08,13.388234309273173,184095,730,166862848,643072,56217950,1061186
27-5-2021 17:47:50,1622152070.2070491,600.0,85.9,2866.5,1078.18,5927.35,37.4,72996436,669878923,0.00024624702127830806,0.00033408238922249416,0,0,1332.17,631.91,0.0,0.08,13.34365778624197,185081,732,166862848,643072,56291739,1063518
27-5-2021 17:47:55,1622152075.2106507,600.0,93.5,2880.09,1083.55,5928.22,37.5,73120833,670053648,0.0002486149201343751,0.0003491984687772108,0,0,1340.59,636.24,0.0,0.08,13.352028964275997,186075,735,166862848,643072,56367012,1067016
27-5-2021 17:48:0,1622152080.2141008,600.0,95.2,2894.26,1088.01,5929.53,37.3,73240285,670211483,0.0002387392624956334,0.0003154523280983014,0,0,1348.71,640.3,0.0,0.08,13.403302429734424,187067,737,166862848,643072,56441105,1069348
27-5-2021 17:48:5,1622152085.2173178,600.0,88.5,2907.34,1092.91,5931.3,37.5,73373780,670392124,0.00026681833005297637,0.00036104970192965807,0,0,1355.28,643.21,0.0,0.08,13.395140531151245,188065,742,166862848,643072,56518768,1075178
27-5-2021 17:48:10,1622152090.2256463,600.0,87.9,2919.95,1097.91,5933.68,37.2,73497889,670554615,0.00024780523390432617,0.00032444158169309123,0,0,1363.28,648.07,0.0,0.08,13.37839817508319,189057,744,166862848,643072,56592891,1077510
27-5-2021 17:48:15,1622152095.2303658,600.0,97.3,2933.09,1103.27,5935.33,37.4,73620908,670723387,0.0002458059839395483,0.0003372256929534905,0,0,1370.53,651.44,0.0,0.08,13.485130695017055,190051,747,166862848,643072,56668192,1081008
27-5-2021 17:48:20,1622152100.2538428,600.0,81.6,2946.34,1107.89,5937.09,37.4,73741499,670878182,0.0002400548427711641,0.0003081431399255529,0,0,1378.35,655.74,0.0,0.08,13.189837389866687,191043,749,166862848,643072,56742283,1083340
27-5-2021 17:48:25,1622152105.2570033,600.0,99.3,2960.02,1113.33,5937.85,37.7,73865014,671045606,0.00024687395212605556,0.0003346364778427942,0,0,1386.12,659.96,0.0,0.08,13.383002323001906,192037,752,166862848,643072,56817505,1086838
27-5-2021 17:48:30,1622152110.276107,600.0,99.8,2973.45,1118.02,5939.61,37.7,74013007,671611840,0.00029485941497688995,0.0011281575883996156,0,0,1392.52,662.99,0.0,0.08,13.394303413347844,193029,754,166862848,643072,56891589,1089170
27-5-2021 17:48:35,1622152115.2870758,600.0,95.4,2989.26,1121.62,5940.11,38.3,74137446,671772954,0.00024833322221464127,0.0003215226638263704,0,0,1400.61,665.49,0.0,0.08,13.20427767197539,194021,756,166862848,643072,56965707,1091502
27-5-2021 17:48:40,1622152120.3001604,600.0,95.2,3004.2,1126.34,5940.46,38.2,74252088,671922094,0.00022868554593246843,0.0002975014595032217,0,0,1408.36,669.29,0.0,0.08,13.31498650147542,195013,758,166862848,643072,57039790,1093834
27-5-2021 17:48:45,1622152125.3272195,600.0,91.4,3016.17,1131.27,5943.43,37.3,74373184,672082345,0.00024088835662333446,0.0003187768385185801,0,0,1414.52,672.94,0.0,0.08,13.380281690140844,196005,760,166862848,643072,57113860,1096164
27-5-2021 17:48:50,1622152130.3315318,600.0,88.5,3029.49,1136.56,5944.75,37.4,74503966,672256657,0.0002613386071154167,0.00034832358645304795,0,0,1422.12,676.66,0.0,0.08,13.464412029382835,196999,763,166862848,643072,57189142,1099662
27-5-2021 17:48:55,1622152135.334963,600.0,99.8,3043.38,1141.74,5945.54,37.4,74626506,672425095,0.00024491192575285746,0.00033664497266165986,0,0,1430.79,680.96,0.0,0.08,13.471318251260907,197993,766,166862848,643072,57264434,1103160
27-5-2021 17:49:0,1622152140.3371344,600.0,84.2,3056.61,1146.68,5947.05,37.5,74750520,672587848,0.00024792033920435265,0.0003253647085532763,0,0,1438.29,684.87,0.0,0.08,13.158026913337379,198980,768,166862848,643072,57338235,1105492
27-5-2021 17:49:5,1622152145.340467,600.0,96.3,3069.99,1151.46,5948.74,37.2,74868676,672745021,0.00023615459753397323,0.00031413662072351107,0,0,1445.67,689.0,0.0,0.08,13.40518594479208,199967,770,166862848,643072,57412011,1107824
27-5-2021 17:49:10,1622152150.3454487,600.0,99.8,3082.42,1156.97,5950.63,37.4,74990165,672906689,0.0002427361495359157,0.0003230141644360594,0,0,1451.98,692.53,0.0,0.08,13.400372517422515,200961,773,166862848,643072,57487304,1111320
27-5-2021 17:49:15,1622152155.3475444,600.0,87.1,3095.38,1162.16,5952.31,37.3,75116688,673083248,0.000252939982770512,0.0003529700561793415,0,0,1460.11,697.26,0.0,0.08,13.385722955862963,201953,775,166862848,643072,57561431,1113652
27-5-2021 17:49:20,1622152160.3559132,600.0,94.8,3108.84,1167.6,5953.28,37.3,75239624,673253467,0.00024546116033797156,0.0003398691453404143,0,0,1468.21,701.07,0.0,0.08,13.200929200761777,202947,778,166862848,643072,57636678,1117148
27-5-2021 17:49:25,1622152165.3570294,600.0,99.5,3122.74,1172.73,5954.26,37.7,75522116,673584319,0.0005648578925622474,0.0006615563041431427,0,0,1475.72,704.85,0.0,0.08,13.408325136554842,203941,781,166862848,643072,57711945,1120646
27-5-2021 17:49:30,1622152170.367094,600.0,74.2,3135.48,1177.47,5956.49,37.5,75647554,673743082,0.0002503720210563244,0.0003168881294262124,0,0,1482.69,708.55,0.0,0.08,13.389699265429128,204933,783,166862848,643072,57786086,1122978
27-5-2021 17:49:35,1622152175.3870895,600.0,84.9,3148.83,1182.15,5958.5,37.2,75772858,673906792,0.00024960978794452937,0.0003261158333684392,0,0,1491.72,713.13,0.0,0.08,13.406860180398885,205925,785,166862848,643072,57860182,1125310
27-5-2021 17:49:40,1622152180.3899777,600.0,99.5,3162.59,1187.35,5959.42,37.3,75895990,674072210,0.00024612183005479413,0.00033064500604232806,0,0,1499.04,716.38,0.0,0.08,13.402046753029321,206919,788,166862848,643072,57935468,1128808
27-5-2021 17:49:45,1622152185.3934822,600.0,86.5,3175.75,1192.05,5961.38,37.2,76021265,674243040,0.00025037451176888984,0.0003414206972299298,0,0,1506.96,720.65,0.0,0.08,13.393047736642739,207911,790,166862848,643072,58009614,1131140
27-5-2021 17:49:50,1622152190.3966463,600.0,99.7,3188.05,1198.19,5962.88,37.4,76145999,674414218,0.00024931023384316763,0.0003421394905062433,0,0,1513.53,725.06,0.0,0.08,13.409999372161646,208905,793,166862848,643072,58084882,1134638
27-5-2021 17:49:55,1622152195.3977358,600.0,81.6,3201.28,1202.79,5964.9,37.3,76274979,674582721,0.0002579037990016252,0.0003369325774784528,0,0,1522.07,729.22,0.0,0.08,13.395977648954648,209897,795,166862848,643072,58158974,1136968
27-5-2021 17:50:0,1622152200.400666,600.0,78.3,3214.31,1208.03,5966.41,37.5,76403382,674760487,0.0002566555913878366,0.00035532376859302484,0,0,1529.44,732.81,0.0,0.08,13.367724923089803,210891,798,166862848,643072,58234280,1140466
27-5-2021 17:50:5,1622152205.4041498,600.0,98.8,3228.54,1212.83,5967.44,37.7,76530027,674931528,0.00025311364194221213,0.00034184381879614594,0,0,1537.78,736.58,0.0,0.08,13.407278739300587,211885,801,166862848,643072,58309548,1143964
27-5-2021 17:50:10,1622152210.4070108,600.0,99.5,3241.13,1217.49,5969.9,37.5,76650734,675089303,0.0002412759407992558,0.0003153695440993694,0,0,1545.37,740.34,0.0,0.08,13.331728857543478,212877,803,166862848,643072,58383642,1146296
27-5-2021 17:50:15,1622152215.413547,600.0,92.0,3254.62,1222.59,5971.2,37.2,76776264,675254177,0.00025073223052502424,0.0003293175000046431,0,0,1553.4,744.95,0.0,0.08,13.38718791201892,213867,804,166862848,643072,58456580,1147462
27-5-2021 17:50:20,1622152220.4171095,600.0,85.1,3267.44,1228.31,5972.45,37.4,76901297,675424680,0.0002498879573088594,0.0003407632095929271,0,0,1560.85,748.82,0.0,0.08,13.212021011656866,214861,807,166862848,643072,58531837,1150958
27-5-2021 17:50:25,1622152225.427068,600.0,90.9,3280.63,1233.84,5973.61,37.4,77025366,675599265,0.0002476447656413996,0.00034847594007772893,0,0,1568.54,753.11,0.0,0.08,13.344913462947073,215855,810,166862848,643072,58607093,1154456
27-5-2021 17:50:30,1622152230.4303856,600.0,69.9,3293.5,1238.67,5975.73,37.3,77143755,675752577,0.00023662099749469095,0.0003064206840830319,0,0,1576.34,757.28,0.0,0.08,13.252830504572758,216842,812,166862848,643072,58680880,1156786
27-5-2021 17:50:35,1622152235.4371045,600.0,99.7,3306.83,1243.9,5977.17,37.4,77269469,675923564,0.00025109059079269746,0.00034151508064233864,0,0,1583.45,761.1,0.0,0.08,13.404139547537827,217833,816,166862848,643072,58756993,1161450
27-5-2021 17:50:40,1622152240.4464262,600.0,99.8,3321.5,1248.22,5977.98,38.1,77403476,676285307,0.00026751526115414596,0.0007221396875960526,0,0,1590.51,763.86,0.0,0.08,13.463365632128582,218820,818,166862848,643072,58830781,1163782
27-5-2021 17:50:45,1622152245.4470701,600.0,91.5,3334.77,1253.09,5979.83,37.8,77531645,676456788,0.00025630498952785896,0.0003429178343376853,0,0,1598.57,768.05,0.0,0.08,13.390745662683381,219807,820,166862848,643072,58904575,1166112
27-5-2021 17:50:50,1622152250.4500742,600.0,98.5,3348.15,1258.1,5981.14,38.0,77652166,676623311,0.0002408972653530384,0.0003328460211779193,0,0,1605.81,771.25,0.0,0.08,13.40518594479208,220796,823,166862848,643072,58979515,1169606
27-5-2021 17:50:55,1622152255.4535146,600.0,99.2,3362.26,1262.84,5982.18,38.0,77778588,676795413,0.0002526701437333073,0.0003439673243327083,0,0,1614.57,775.2,0.0,0.08,13.396186928405498,221785,826,166862848,643072,59054513,1173104
27-5-2021 17:51:0,1622152260.4568357,600.0,97.5,3376.08,1267.86,5983.29,38.0,77906348,676978438,0.0002553503875494688,0.0003658070184818529,0,0,1622.78,779.02,0.0,0.08,13.470481133457508,222774,829,166862848,643072,59129479,1176602
27-5-2021 17:51:5,1622152265.4670892,600.0,75.8,3389.54,1272.24,5985.3,38.1,78030559,677136595,0.0002479136070658934,0.0003156666668227492,0,0,1630.99,782.51,0.0,0.08,13.337588682167297,223761,831,166862848,643072,59203277,1178932
27-5-2021 17:51:10,1622152270.4703743,600.0,91.2,3403.01,1277.05,5986.92,38.0,78149541,677289850,0.00023780775224027068,0.0003063087447646088,0,0,1639.01,786.77,0.0,0.08,13.39325701609359,224744,834,166862848,643072,59277942,1182430
27-5-2021 17:51:15,1622152275.4734595,600.0,99.8,3416.04,1282.73,5988.15,38.0,78273569,677462669,0.00024790303706266446,0.00034542486343513247,0,0,1645.94,790.79,0.0,0.08,13.461482117070926,225730,836,166862848,643072,59351693,1184762
27-5-2021 17:51:20,1622152280.4768627,600.0,98.7,3430.13,1287.62,5988.97,38.0,78400852,677636585,0.00025439285072177876,0.0003475954135754883,0,0,1654.44,794.73,0.0,0.08,13.394931251700395,226718,839,166862848,643072,59426609,1188260
27-5-2021 17:51:25,1622152285.48706,600.0,81.8,3443.94,1291.95,5990.68,38.0,78698914,677974393,0.0005949106914185209,0.0006742408990300934,0,0,1662.48,798.37,0.0,0.08,13.387815750371471,227704,841,166862848,643072,59500355,1190592
27-5-2021 17:51:30,1622152290.4903164,600.0,96.5,3457.09,1296.61,5992.84,38.0,78820653,678135064,0.00024331953470015837,0.0003211328576693512,0,0,1669.4,802.07,0.0,0.08,13.402046753029321,228690,843,166862848,643072,59574085,1192924
27-5-2021 17:51:35,1622152295.4939172,600.0,87.8,3469.59,1301.49,5995.13,38.0,78945999,678301289,0.0002505115897798326,0.00033221075272567676,0,0,1676.57,805.63,0.0,0.08,13.465667706087938,229673,846,166862848,643072,59648737,1196422
27-5-2021 17:51:40,1622152300.4970324,600.0,99.8,3483.24,1306.08,5996.83,37.9,79070466,678472816,0.00024877900186737065,0.00034284039828472195,0,0,1684.93,809.85,0.0,0.08,13.398279722914008,230656,849,166862848,643072,59723367,1199920
27-5-2021 17:51:45,1622152305.5105872,600.0,91.0,3496.05,1311.46,5998.45,38.2,79200901,678648397,0.00026016470329872884,0.00035021258688154334,0,0,1692.25,813.65,0.0,0.08,13.204486951426238,231643,851,166862848,643072,59797183,1202252
27-5-2021 17:51:50,1622152310.5173783,600.0,98.2,3509.19,1317.05,5999.66,37.9,79324664,678822379,0.0002471902605123313,0.0003474920283481851,0,0,1699.73,817.63,0.0,0.08,13.352866082079402,232632,854,166862848,643072,59872167,1205748
27-5-2021 17:51:55,1622152315.520739,600.0,99.7,3523.11,1321.9,6000.74,38.0,79453648,678996485,0.00025779472336480376,0.0003479781066345634,0,0,1707.67,821.79,0.0,0.08,13.404767385890379,233615,857,166862848,643072,59946791,1209246
27-5-2021 17:52:0,1622152320.5231283,600.0,91.6,3536.55,1327.08,6002.03,37.8,79580452,679165751,0.00025348687420814325,0.0003383703136313963,0,0,1715.39,826.12,0.0,0.08,13.32084632609924,234596,859,166862848,643072,60020273,1211578
27-5-2021 17:52:5,1622152325.530094,600.0,97.3,3548.88,1333.28,6003.48,37.9,79703496,679332801,0.00024574564499834674,0.00033363520364238663,0,0,1721.99,830.53,0.0,0.08,13.391792059937636,235585,862,166862848,643072,60095227,1215074
27-5-2021 17:52:10,1622152330.5482962,600.0,90.8,3561.65,1337.95,6006.01,37.9,79829809,679495769,0.00025170966080456805,0.00032475374666106295,0,0,1729.87,834.35,0.0,0.08,13.169746562585019,236572,864,166862848,643072,60169011,1217406
27-5-2021 17:52:15,1622152335.5533724,600.0,99.0,3575.11,1342.77,6007.45,37.9,79954283,679661574,0.00024869551585826214,0.0003312736796992075,0,0,1737.46,838.49,0.0,0.08,13.39053638323253,237559,866,166862848,643072,60242809,1219738
27-5-2021 17:52:20,1622152340.5582726,600.0,88.1,3587.99,1348.21,6009.12,37.8,80079078,679837803,0.0002493456304577447,0.00035211291405855917,0,0,1744.9,842.79,0.0,0.08,13.403093150283574,238546,868,166862848,643072,60316613,1222070
27-5-2021 17:52:25,1622152345.5612524,600.0,99.8,3601.55,1353.58,6010.11,38.0,80199662,680009003,0.00024102436127151626,0.0003421960678836627,0,0,1752.73,846.44,0.0,0.08,13.341774271184311,239535,871,166862848,643072,60391590,1225568
27-5-2021 17:52:30,1622152350.5645857,600.0,67.6,3614.44,1358.11,6012.37,38.1,80327884,680172328,0.0002562731513953372,0.00032643237862179227,0,0,1760.58,850.05,0.0,0.08,13.204486951426238,240524,874,166862848,643072,60466589,1229066
27-5-2021 17:52:35,1622152355.5670164,600.0,99.5,3628.28,1363.08,6013.41,37.9,80451318,680335559,0.0002467480470190354,0.000326303372352546,0,0,1768.34,854.57,0.0,0.08,13.397233325659755,241511,876,166862848,643072,60540407,1231398
27-5-2021 17:52:40,1622152360.5767484,600.0,89.2,3641.54,1368.32,6014.85,38.0,80582178,680567560,0.0002612115773688974,0.00046310062021367543,0,0,1775.16,857.67,0.0,0.08,13.460017160914969,242500,879,166862848,643072,60615397,1234894
27-5-2021 17:52:45,1622152365.589823,600.0,99.5,3655.55,1373.29,6015.78,37.7,80703672,680732153,0.00024235426122801385,0.00032832744759660957,0,0,1783.79,861.95,0.0,0.08,13.39911684071741,243494,882,166862848,643072,60690670,1238392
27-5-2021 17:52:50,1622152370.5929103,600.0,93.2,3669.62,1377.98,6016.88,37.7,80832441,680906662,0.00025737907963074977,0.00034880262957142255,0,0,1792.2,865.75,0.0,0.08,13.390745662683381,244486,884,166862848,643072,60764798,1240724
27-5-2021 17:52:55,1622152375.5960827,600.0,92.3,3683.32,1383.08,6017.94,37.8,80957015,681078567,0.00024899002093036176,0.00034359199791315876,0,0,1800.76,869.3,0.0,0.08,13.354749597137058,245474,887,166862848,643072,60839742,1244220
27-5-2021 17:53:0,1622152380.5970752,600.0,99.7,3697.47,1387.74,6019.09,37.7,81079302,681239571,0.0002445254599089813,0.0003219440917447122,0,0,1808.67,873.54,0.0,0.08,13.38467655860871,246460,889,166862848,643072,60913521,1246552
27-5-2021 17:53:5,1622152385.6070807,600.0,97.7,3710.87,1392.8,6020.45,37.8,81200535,681399409,0.00024198177153091115,0.0003190375755607613,0,0,1815.72,876.76,0.0,0.08,13.406650900948037,247448,892,166862848,643072,60988468,1250050
27-5-2021 17:53:10,1622152390.617044,600.0,90.4,3723.5,1397.41,6022.96,37.8,81326078,681564143,0.0002505866672745354,0.00032881278961633314,0,0,1823.01,880.44,0.0,0.08,13.19548793503966,248440,894,166862848,643072,61062581,1252382
27-5-2021 17:53:15,1622152395.620461,600.0,99.2,3737.35,1402.44,6023.99,37.8,81450413,681737787,0.00024850017423166807,0.00034705082442018555,0,0,1830.79,884.28,0.0,0.08,13.397442605110605,249434,897,166862848,643072,61137848,1255880
27-5-2021 17:53:20,1622152400.6239445,600.0,93.1,3750.81,1407.17,6025.7,37.8,81580200,681905273,0.0002593932789459858,0.0003347387852215351,0,0,1839.29,888.75,0.0,0.08,13.39095494213423,250431,899,166862848,643072,61212264,1258212
27-5-2021 17:53:25,1622152405.6500797,600.0,96.3,3764.56,1412.05,6027.01,38.1,81888568,682263640,0.0006135290583075231,0.0007130070825717719,0,0,1846.41,891.78,0.0,0.08,13.349308331414939,251430,902,166862848,643072,61287835,1261710
27-5-2021 17:53:30,1622152410.6534111,600.0,77.3,3776.78,1416.93,6029.72,37.8,82013063,682423732,0.0002488242122689231,0.0003199708083903485,0,0,1852.48,895.31,0.0,0.08,13.397861164012307,252427,904,166862848,643072,61362241,1264042
27-5-2021 17:53:35,1622152415.657292,600.0,99.3,3790.0,1422.35,6030.98,37.7,82137549,682590567,0.0002487789107851577,0.0003334112235981699,0,0,1861.09,900.5,0.0,0.08,13.403302429734424,253426,907,166862848,643072,61437799,1267538
27-5-2021 17:53:40,1622152420.671641,600.0,93.3,3803.72,1427.02,6032.36,37.7,82267720,682769824,0.00025959699700238285,0.00035748806486587747,0,0,1869.17,904.04,0.0,0.08,13.394512692798694,254423,909,166862848,643072,61512263,1269870
27-5-2021 17:53:45,1622152425.6871774,600.0,91.2,3816.7,1432.63,6033.74,37.8,82390155,682942216,0.00024411148175254238,0.0003437159845002188,0,0,1876.64,908.16,0.0,0.08,13.203649833622835,255422,912,166862848,643072,61587881,1273368
27-5-2021 17:53:50,1622152430.6914465,600.0,86.7,3830.43,1437.55,6034.93,37.8,82517924,683123821,0.0002553200014978971,0.0003629001469215976,0,0,1885.08,911.77,0.0,0.08,13.186070359751376,256415,915,166862848,643072,61663139,1276866
27-5-2021 17:53:55,1622152435.695235,600.0,87.7,3843.9,1442.68,6036.29,37.7,82641388,683287094,0.00024674104572979704,0.0003262987653035796,0,0,1892.8,916.24,0.0,0.08,13.399744679069961,257412,917,166862848,643072,61737541,1279198
27-5-2021 17:54:0,1622152440.697507,600.0,93.7,3857.27,1447.73,6037.73,37.8,82761181,683450221,0.00023947718680414882,0.00032610582464585067,0,0,1900.31,919.28,0.0,0.08,13.463784191030284,258409,919,166862848,643072,61811929,1281530
27-5-2021 17:54:5,1622152445.7058504,600.0,99.3,3870.84,1452.35,6039.38,37.8,82888571,683623768,0.0002543555590063368,0.00034651577202977267,0,0,1907.96,923.04,0.0,0.08,13.39011782433083,259408,922,166862848,643072,61887503,1285028
27-5-2021 17:54:10,1622152450.7071285,600.0,93.0,3883.42,1457.45,6041.44,37.8,83015443,683791824,0.00025367915138957024,0.00033602610084120703,0,0,1915.41,927.0,0.0,0.08,13.213276688361969,260405,924,166862848,643072,61961911,1287360
27-5-2021 17:54:15,1622152455.7160802,600.0,99.8,3896.35,1463.29,6042.65,37.8,83137641,683958010,0.00024395923178688667,0.00033177800695375985,0,0,1922.92,932.08,0.0,0.08,13.387606470920622,261399,927,166862848,643072,62037185,1290856
27-5-2021 17:54:20,1622152460.7170384,600.0,94.3,3910.03,1468.23,6043.91,37.8,83264255,684127295,0.00025317948046817775,0.000338505128588114,0,0,1931.11,935.47,0.0,0.08,13.171839357093527,262391,929,166862848,643072,62111303,1293188
27-5-2021 17:54:25,1622152465.7203326,600.0,93.2,3923.95,1473.19,6044.89,37.8,83394274,684306356,0.00025986678783190375,0.00035788620813856836,0,0,1938.84,939.04,0.0,0.08,13.456250130799658,263385,932,166862848,643072,62186622,1296686
27-5-2021 17:54:30,1622152470.7253282,600.0,76.5,3937.16,1477.81,6046.88,37.7,83515424,684461644,0.00024205815560653573,0.0003102660079886729,0,0,1946.59,943.3,0.0,0.08,13.399744679069961,264375,933,166862848,643072,62259526,1297852
27-5-2021 17:54:35,1622152475.7270212,600.0,99.0,3949.94,1483.19,6048.51,37.8,83638016,684625793,0.00024510100829220374,0.0003281868752459945,0,0,1953.64,947.59,0.0,0.08,13.389280706527426,265369,936,166862848,643072,62334799,1301350
27-5-2021 17:54:40,1622152480.7302458,600.0,95.0,3964.05,1487.98,6049.57,37.9,83762552,684796817,0.0002489114714521699,0.0003418275478065451,0,0,1961.82,951.1,0.0,0.08,13.397651884561453,266361,938,166862848,643072,62408944,1303682
27-5-2021 17:54:45,1622152485.7470443,600.0,99.7,3979.45,1492.23,6049.96,38.6,83880893,684956269,0.00023588948228346214,0.00031783616607145964,0,0,1968.62,953.71,0.0,0.08,13.38467655860871,267355,941,166862848,643072,62484226,1307180
27-5-2021 17:54:50,1622152490.7570064,600.0,82.1,3993.5,1496.48,6051.46,39.0,84012170,685133914,0.00026203192330344626,0.00035458352198207383,0,0,1976.91,957.06,0.0,0.08,13.200929200761777,268351,945,166862848,643072,62560664,1311842
27-5-2021 17:54:55,1622152495.7674131,600.0,91.9,4008.65,1500.86,6052.19,37.4,84132621,685295098,0.00024040164088330671,0.00032169843408634975,0,0,1985.79,961.22,0.0,0.08,13.381955925747652,269343,947,166862848,643072,62634796,1314174
27-5-2021 17:55:0,1622152500.7747726,600.0,87.9,4021.05,1506.2,6053.94,37.5,84260852,685468974,0.00025608506814748876,0.0003472408957990872,0,0,1992.64,964.53,0.0,0.08,13.203231274721135,270337,950,166862848,643072,62710132,1317672
27-5-2021 17:55:5,1622152505.7770934,600.0,86.9,4034.85,1510.74,6055.48,37.2,84385177,685627997,0.0002485346418283674,0.00031789844639028725,0,0,2000.01,968.36,0.0,0.08,13.2946863947429,271329,952,166862848,643072,62784265,1320004
27-5-2021 17:55:10,1622152510.7850506,600.0,99.8,4047.59,1515.91,6057.41,37.3,84509198,685798014,0.0002476478822598256,0.00033949371475934536,0,0,2007.05,972.26,0.0,0.08,13.364795010777891,272323,955,166862848,643072,62859513,1323502
27-5-2021 17:55:15,1622152515.7935066,600.0,89.5,4061.06,1520.63,6059.2,37.2,84641504,685971171,0.000264165244175188,0.00034572930317327275,0,0,2015.69,976.23,0.0,0.08,13.399953958520813,273315,957,166862848,643072,62933610,1325834
27-5-2021 17:55:20,1622152520.8008795,600.0,94.5,4073.89,1526.02,6060.79,37.4,84770249,686144941,0.00025711087170616906,0.0003470282820799332,0,0,2022.83,979.94,0.0,0.08,13.328798945231568,274309,960,166862848,643072,63008873,1329332
27-5-2021 17:55:25,1622152525.804131,600.0,89.9,4088.23,1530.65,6061.63,37.5,85075656,686485276,0.0006104170393799275,0.0006802276408116632,0,0,2031.05,984.21,0.0,0.08,13.375677542222128,275301,962,166862848,643072,63082988,1331664
27-5-2021 17:55:30,1622152530.8070247,600.0,95.0,4100.69,1535.64,6063.92,37.2,85199412,686645462,0.0002473688384365032,0.00032018669602920023,0,0,2037.99,988.52,0.0,0.08,13.388652868174875,276293,964,166862848,643072,63157128,1333996
27-5-2021 17:55:35,1622152535.8105738,600.0,87.3,4113.15,1541.23,6065.69,37.4,85327575,686820225,0.0002561441837883056,0.00034927807550849823,0,0,2045.05,992.15,0.0,0.08,13.196115773392211,277287,967,166862848,643072,63232442,1337494
27-5-2021 17:55:40,1622152540.818388,600.0,87.5,4126.66,1546.32,6067.03,37.2,85448633,686976955,0.0002417382033684063,0.00031297087853698495,0,0,2053.23,996.92,0.0,0.08,13.369189879245758,278279,969,166862848,643072,63306555,1339826
27-5-2021 17:55:45,1622152545.8202379,600.0,45.8,4137.08,1549.73,6072.93,37.2,85567151,687112549,0.00023694833434075594,0.00027108770352689434,0,0,2056.06,998.29,0.0,0.08,13.14672582299144,279269,970,166862848,643072,63379575,1340992
27-5-2021 17:55:50,1622152550.8239346,600.0,99.5,4147.37,1552.96,6079.21,37.2,85687678,687260048,0.00024087591176357774,0.00029478005848661255,0,0,2061.27,1001.36,0.0,0.08,13.385095117510412,280259,971,166862848,643072,63452568,1342156
27-5-2021 17:55:55,1622152555.8336415,600.0,95.3,4161.29,1557.75,6080.44,37.4,85811968,687428651,0.0002480983431652246,0.00033655261849453987,0,0,2068.9,1004.58,0.0,0.08,13.187326036456481,281253,974,166862848,643072,63527908,1345654
27-5-2021 17:56:0,1622152560.8492439,600.0,99.5,4174.6,1563.31,6081.44,37.4,85939754,687603648,0.0002547769760774857,0.00034890525161310133,0,0,2076.34,1008.85,0.0,0.08,13.39095494213423,282247,977,166862848,643072,63603236,1349152
27-5-2021 17:56:5,1622152565.8526146,600.0,75.8,4187.72,1568.07,6083.4,37.3,86063968,687764541,0.0002482606345038121,0.0003215692133513278,0,0,2083.66,1012.21,0.0,0.08,13.386350794215515,283239,979,166862848,643072,63677374,1351484
27-5-2021 17:56:10,1622152570.8535395,600.0,86.8,4201.0,1572.72,6085.42,37.4,86187405,687922122,0.0002468283453621073,0.00031510371679890334,0,0,2091.36,1016.07,0.0,0.08,13.441182010338403,284231,981,166862848,643072,63751478,1353816
27-5-2021 17:56:15,1622152575.857177,600.0,48.6,4210.32,1575.05,6093.44,37.2,86300363,688040822,0.00022575176323262977,0.0002372274145763306,0,0,2093.86,1016.85,0.0,0.08,13.14023816001507,285214,981,166862848,643072,63822950,1353816
27-5-2021 17:56:20,1622152580.874157,600.0,87.9,4222.37,1579.72,6096.54,37.4,86428009,688200870,0.00025442796604757586,0.0003190126373719695,0,0,2100.91,1020.72,0.0,0.08,13.16702592972396,286201,983,166862848,643072,63896796,1356148
27-5-2021 17:56:25,1622152585.8770297,600.0,99.5,4235.64,1584.76,6098.12,37.3,86551566,688364605,0.00024697210437747745,0.00032728196306357606,0,0,2108.34,1024.95,0.0,0.08,13.360818701211727,287190,986,166862848,643072,63971825,1359644
27-5-2021 17:56:30,1622152590.88022,600.0,96.7,4248.36,1589.76,6100.34,37.3,86670450,688528373,0.00023761638748545917,0.00032732714701489416,0,0,2114.69,1028.64,0.0,0.08,13.377142498378083,288177,988,166862848,643072,64045660,1361976
27-5-2021 17:56:35,1622152595.8836563,600.0,84.1,4261.05,1594.28,6102.8,37.4,86802181,688699690,0.00026328105604072976,0.0003423986812347109,0,0,2122.15,1031.96,0.0,0.08,13.341774271184311,289164,990,166862848,643072,64119482,1364308
27-5-2021 17:56:40,1622152600.89057,600.0,94.3,4275.15,1599.01,6103.87,37.1,86924488,688857362,0.00024427623134248405,0.00031490856572585497,0,0,2130.81,1036.53,0.0,0.08,13.3821652051985,290151,992,166862848,643072,64193316,1366638
27-5-2021 17:56:45,1622152605.9044564,600.0,91.3,4288.58,1604.18,6105.12,37.5,87045597,689027569,0.00024154715342311972,0.00033947118994202694,0,0,2139.03,1040.1,0.0,0.08,13.167653768076512,291134,995,166862848,643072,64268028,1370136
27-5-2021 17:56:50,1622152610.9090557,600.0,97.0,4302.02,1609.17,6106.54,37.4,87169323,689194795,0.0002472245863697215,0.0003341446315266237,0,0,2146.31,1044.2,0.0,0.08,13.339053638323254,292115,997,166862848,643072,64341554,1372468
27-5-2021 17:56:55,1622152615.9123545,600.0,99.8,4315.59,1614.44,6107.58,37.4,87292674,689364227,0.00024653934520052934,0.0003386405812357913,0,0,2154.71,1048.25,0.0,0.08,13.449134629470732,293098,1000,166862848,643072,64416241,1375966
27-5-2021 17:57:0,1622152620.915899,600.0,84.0,4329.65,1618.6,6109.22,37.3,87420400,689529311,0.00025527103483987025,0.00032993410515873934,0,0,2163.17,1051.41,0.0,0.08,13.308498838499046,294079,1002,166862848,643072,64489723,1378298
27-5-2021 17:57:5,1622152625.9187403,600.0,98.0,4342.99,1623.73,6110.65,37.3,87539473,689691766,0.00023801075114243678,0.0003247254757740593,0,0,2169.95,1055.29,0.0,0.08,13.380072410689994,295060,1004,166862848,643072,64563208,1380630
27-5-2021 17:57:10,1622152630.9221134,600.0,84.3,4355.57,1628.57,6113.07,37.5,87667127,689865440,0.00025513587788389674,0.0003471138268727019,0,0,2177.4,1058.9,0.0,0.08,13.173095033798631,296049,1007,166862848,643072,64638228,1384126
27-5-2021 17:57:15,1622152635.9270976,600.0,98.7,4369.24,1633.35,6114.56,37.2,87791853,690033469,0.0002492035868671676,0.00033572334154629587,0,0,2185.33,1062.82,0.0,0.08,13.399535399619111,297038,1010,166862848,643072,64713203,1387624
27-5-2021 17:57:20,1622152640.9301715,600.0,92.2,4382.77,1638.29,6115.8,37.4,87920382,690205498,0.0002569000614008121,0.0003438466078684212,0,0,2193.32,1066.39,0.0,0.08,13.183140447439465,298025,1012,166862848,643072,64787013,1389956
27-5-2021 17:57:25,1622152645.9334896,600.0,99.2,4396.69,1643.5,6116.62,37.6,88237157,690570877,0.0006331298459974886,0.0007302733801616807,0,0,2201.44,1070.35,0.0,0.08,13.363748613523638,299014,1015,166862848,643072,64862012,1393454
27-5-2021 17:57:30,1622152650.9366026,600.0,68.2,4409.35,1648.16,6119.23,37.4,88364316,690731470,0.0002541597585388545,0.00032098615200678096,0,0,2207.8,1073.88,0.0,0.08,13.352028964275997,300001,1017,166862848,643072,64935825,1395786
27-5-2021 17:57:35,1622152655.937053,600.0,99.0,4423.56,1653.1,6119.92,37.3,88487660,690905514,0.0002466657816933814,0.000348056648957735,0,0,2216.26,1078.3,0.0,0.08,13.406232342046334,300990,1020,166862848,643072,65010792,1399284
27-5-2021 17:57:40,1622152660.9380195,600.0,88.3,4437.11,1658.11,6121.24,37.3,88618881,691080342,0.0002623912771988981,0.00034958842113784347,0,0,2224.34,1082.29,0.0,0.08,13.320218487746688,301977,1022,166862848,643072,65084649,1401616
27-5-2021 17:57:45,1622152665.9480622,600.0,98.8,4449.83,1663.91,6122.67,37.4,88743368,691252378,0.00024847492978513673,0.000343382305144439,0,0,2231.74,1086.38,0.0,0.08,13.475085281376224,302961,1025,166862848,643072,65159334,1405114
27-5-2021 17:57:50,1622152670.9570262,600.0,95.2,4464.32,1668.45,6123.43,38.8,88866195,691411548,0.0002452143766378008,0.0003177702974870244,0,0,2239.05,1089.45,0.0,0.08,13.186488918653078,303943,1027,166862848,643072,65232813,1407442
27-5-2021 17:57:55,1622152675.9600496,600.0,99.5,4477.97,1673.63,6124.39,38.5,88983798,691575337,0.00023506386224188378,0.00032738004075351737,0,0,2245.86,1093.4,0.0,0.08,13.388862147625725,304927,1030,166862848,643072,65307470,1410940
27-5-2021 17:58:0,1622152680.981983,600.0,86.6,4492.02,1678.22,6125.69,38.4,89109495,691739111,0.000250296035532531,0.00032611743258235867,0,0,2254.68,1097.77,0.0,0.08,13.381537366845949,305909,1032,166862848,643072,65380997,1413272
27-5-2021 17:58:5,1622152685.9902575,600.0,72.1,4504.8,1682.81,6128.14,38.4,89226806,691891916,0.0002342343629664843,0.0003051050782372807,0,0,2261.39,1101.07,0.0,0.08,13.223322102002804,306889,1033,166862848,643072,65453374,1414438
27-5-2021 17:58:10,1622152690.9934847,600.0,98.8,4518.25,1687.38,6130.01,38.4,89349154,692056881,0.0002445381636303472,0.00032971718510543883,0,0,2269.41,1104.89,0.0,0.08,13.388862147625725,307873,1036,166862848,643072,65528079,1417936
27-5-2021 17:58:15,1622152695.9965744,600.0,83.9,4531.18,1692.6,6131.77,38.8,89473044,692224825,0.00024762698304780405,0.00033568057180547584,0,0,2276.6,1108.29,0.0,0.08,13.167863047527364,308849,1038,166862848,643072,65601272,1420268
27-5-2021 17:58:20,1622152700.9970586,600.0,92.4,4542.72,1696.47,6136.06,38.5,89597524,692381630,0.00024893589164753265,0.00031357963118405655,0,0,2282.3,1111.05,0.0,0.08,13.174141431052885,309834,1039,166862848,643072,65673945,1421434
27-5-2021 17:58:26,1622152706.0002432,600.0,100.0,4556.07,1701.99,6137.07,38.5,89719506,692548609,0.0002438087154516083,0.0003337454337311579,0,0,2290.24,1115.7,0.0,0.08,13.454366615742,310818,1042,166862848,643072,65748615,1424932
27-5-2021 17:58:31,1622152711.0033946,600.0,94.5,4568.44,1706.68,6139.74,38.5,89843667,692708047,0.0002481655853620855,0.0003186751443606301,0,0,2295.91,1119.06,0.0,0.08,13.395559090052947,311802,1045,166862848,643072,65823360,1428430
27-5-2021 17:58:36,1622152716.0070233,600.0,83.5,4581.11,1711.56,6141.99,38.4,89972554,692877298,0.0002575870571837265,0.00033825651163734815,0,0,2303.91,1123.31,0.0,0.08,13.37588682167298,312786,1048,166862848,643072,65898049,1431928
27-5-2021 17:58:41,1622152721.0122237,600.0,96.3,4594.38,1716.91,6143.28,38.5,90098420,693052756,0.00025147045131473174,0.0003505513994786535,0,0,2311.1,1126.84,0.0,0.08,13.399744679069961,313770,1051,166862848,643072,65972738,1435426
27-5-2021 17:58:46,1622152726.0273569,600.0,85.5,4608.78,1721.35,6144.27,38.4,90220640,693210400,0.00024370240336186468,0.0003143366198296334,0,0,2319.87,1130.58,0.0,0.08,13.301592616620974,314767,1053,166862848,643072,66047201,1437758
27-5-2021 17:58:51,1622152731.0303638,600.0,99.0,4622.36,1726.63,6145.28,38.4,90337849,693369699,0.0002342771087867728,0.000318406514453874,0,0,2327.56,1134.41,0.0,0.08,13.377142498378083,315764,1055,166862848,643072,66121626,1440088
27-5-2021 17:58:56,1622152736.0330336,600.0,94.7,4635.99,1731.41,6146.73,38.2,90466548,693539900,0.0002572606325338786,0.00034022033518441225,0,0,2335.68,1138.37,0.0,0.08,13.293012159136094,316761,1057,166862848,643072,66196069,1442420
27-5-2021 17:59:1,1622152741.047273,600.0,99.5,4649.26,1736.85,6148.04,38.4,90588872,693706466,0.00024395325473661948,0.00033218598008943266,0,0,2342.89,1142.3,0.0,0.08,13.393884854446142,317754,1060,166862848,643072,66271356,1445918
27-5-2021 17:59:6,1622152746.047885,600.0,80.7,4661.92,1741.86,6150.17,38.5,90710773,693866814,0.00024377216128835548,0.0003206567502995482,0,0,2349.69,1145.99,0.0,0.08,13.398279722914008,318745,1062,166862848,643072,66345443,1448248
27-5-2021 17:59:11,1622152751.0535388,600.0,86.0,4674.66,1746.33,6152.71,38.5,90837031,694027660,0.00025223078458282486,0.00032132865067567237,0,0,2357.46,1149.52,0.0,0.08,13.339890756126657,319742,1064,166862848,643072,66419860,1450580
27-5-2021 17:59:16,1622152756.0635238,600.0,98.0,4688.29,1751.66,6153.62,38.4,90958509,694189930,0.0002424717852950974,0.0003238931872424263,0,0,2365.8,1154.37,0.0,0.08,13.381537366845949,320741,1067,166862848,643072,66495433,1454078
27-5-2021 17:59:21,1622152761.0666163,600.0,90.4,4702.11,1756.4,6154.88,38.3,91082392,694361462,0.000247612850095816,0.0003428519441944053,0,0,2374.15,1158.11,0.0,0.08,13.3966054873072,321738,1069,166862848,643072,66569840,1456408
27-5-2021 17:59:26,1622152766.0779657,600.0,99.7,4715.2,1761.75,6156.46,38.8,91414783,694733956,0.0006632764368256468,0.0007433007905115736,0,0,2381.11,1161.49,0.0,0.08,13.386141514764665,322737,1072,166862848,643072,66645483,1459906
27-5-2021 17:59:31,1622152771.117046,600.0,93.5,4728.57,1766.1,6158.71,38.5,91540177,694885848,0.0002488430239434391,0.0003014280156372462,0,0,2388.59,1165.14,0.0,0.08,13.380700249042546,323734,1074,166862848,643072,66719914,1462238
27-5-2021 17:59:36,1622152776.120522,600.0,84.8,4742.23,1770.68,6160.37,38.5,91664470,695054688,0.000248413307814854,0.00033744541439550057,0,0,2396.71,1168.44,0.0,0.08,13.250109871711697,324733,1077,166862848,643072,66795526,1465736
27-5-2021 17:59:41,1622152781.1471367,600.0,99.5,4756.33,1775.83,6161.15,38.5,91789140,695227011,0.0002480198071350818,0.0003428211857298364,0,0,2404.4,1172.49,0.0,0.08,13.393884854446142,325732,1080,166862848,643072,66871123,1469234
27-5-2021 17:59:46,1622152786.1522746,600.0,91.4,4769.97,1780.8,6162.51,38.3,91917524,695392246,0.00025650442014245653,0.00033013076288508544,0,0,2413.28,1176.95,0.0,0.08,13.402674591381873,326729,1082,166862848,643072,66945592,1471566
27-5-2021 17:59:51,1622152791.155256,600.0,99.8,4783.4,1785.9,6163.84,38.4,92045573,695573193,0.000255945383641127,0.0003616783366813564,0,0,2421.26,1180.35,0.0,0.08,13.340100035577507,327728,1085,166862848,643072,67021203,1475064
27-5-2021 17:59:56,1622152796.1574783,600.0,92.7,4797.09,1790.53,6165.32,38.5,92173270,695745597,0.00025528053803372324,0.0003446548147502762,0,0,2429.78,1184.79,0.0,0.08,13.39262917774104,328727,1088,166862848,643072,67096834,1478562
27-5-2021 18:0:1,1622152801.160309,600.0,85.6,4810.48,1795.52,6166.69,38.4,92303224,695920055,0.0002597609366683453,0.0003487185734127936,0,0,2437.41,1188.33,0.0,0.08,13.303685411129482,329724,1090,166862848,643072,67171305,1480894
27-5-2021 18:0:6,1622152806.1633584,600.0,98.5,4823.43,1801.46,6167.69,38.4,92427177,696088556,0.00024775490054807615,0.0003367965962683548,0,0,2444.15,1192.82,0.0,0.08,13.372119791557665,330723,1093,166862848,643072,67246918,1484392
27-5-2021 18:0:11,1622152811.1789124,600.0,89.4,4835.99,1806.81,6169.63,38.5,92549457,696251247,0.00024380158440763544,0.0003243729438081666,0,0,2451.47,1196.82,0.0,0.08,13.209718937697506,331720,1095,166862848,643072,67321336,1486724
27-5-2021 18:0:16,1622152816.1825001,600.0,99.5,4850.16,1811.62,6170.62,38.3,92674951,696415764,0.00025080803406064297,0.0003287980727329976,0,0,2460.41,1201.26,0.0,0.08,13.393884854446142,332717,1097,166862848,643072,67395791,1489056
27-5-2021 18:0:21,1622152821.1856031,600.0,99.8,4862.85,1817.12,6172.28,38.4,92793211,696571333,0.00023637330588454784,0.0003109450264092104,0,0,2467.5,1205.03,0.0,0.08,13.46629554444049,333714,1099,166862848,643072,67470238,1491388
27-5-2021 18:0:26,1622152826.1895263,600.0,80.0,4876.34,1821.51,6174.24,38.3,92919410,696736832,0.0002522001148257514,0.00033073849082438875,0,0,2475.11,1208.48,0.0,0.08,13.30619676453969,334711,1101,166862848,643072,67544735,1493718
27-5-2021 18:0:31,1622152831.1930294,600.0,90.1,4889.66,1825.99,6176.31,38.2,93041829,696895488,0.0002446665824729788,0.00031708984151833397,0,0,2482.78,1212.13,0.0,0.08,13.374003306615323,335710,1104,166862848,643072,67620358,1497216
27-5-2021 18:0:36,1622152836.1976805,600.0,98.5,4902.91,1831.53,6177.45,38.5,93167598,697069161,0.0002513042333019612,0.0003470231941913469,0,0,2490.03,1215.92,0.0,0.08,13.455413012996253,336709,1107,166862848,643072,67695993,1500714
27-5-2021 18:0:41,1622152841.201107,600.0,99.5,4916.23,1836.57,6178.83,38.5,93289896,697237058,0.00024442849062217606,0.00033556403448945605,0,0,2497.87,1220.14,0.0,0.08,13.390745662683381,337708,1110,166862848,643072,67771590,1504212
27-5-2021 18:0:46,1622152846.2067807,600.0,87.8,4929.79,1841.22,6180.5,38.2,93418249,697409100,0.00025641503832116467,0.00034369400031826144,0,0,2506.44,1224.21,0.0,0.08,13.377561057279785,338705,1112,166862848,643072,67846059,1506544
27-5-2021 18:0:51,1622152851.2070408,600.0,99.5,4942.89,1846.54,6181.88,38.5,93540355,697576328,0.0002441992960361492,0.00033443860152271933,0,0,2513.47,1227.68,0.0,0.08,13.437205700772243,339704,1115,166862848,643072,67921682,1510042
27-5-2021 18:0:56,1622152856.210309,600.0,99.5,4956.24,1851.28,6183.64,38.4,93667672,697746541,0.00025446766762219595,0.00034020362645190226,0,0,2521.36,1231.71,0.0,0.08,13.404139547537827,340703,1118,166862848,643072,67997287,1513540
27-5-2021 18:1:1,1622152861.213573,600.0,84.7,4970.03,1855.94,6184.97,38.6,93793942,697915160,0.0002523752519417247,0.0003370179979976374,0,0,2530.11,1235.01,0.0,0.08,13.189000272063286,341700,1120,166862848,643072,68071716,1515872
27-5-2021 18:1:6,1622152866.2170224,600.0,70.9,4983.04,1860.33,6187.44,38.5,93917156,698071874,0.0002462581094852432,0.00031321191885557163,0,0,2536.8,1238.37,0.0,0.08,13.202184877466882,342697,1122,166862848,643072,68146167,1518204
27-5-2021 18:1:11,1622152871.2206414,600.0,99.5,4996.57,1865.52,6188.63,38.4,94039888,698234463,0.00024528646383502236,0.00032494280927934405,0,0,2545.0,1242.97,0.0,0.08,13.398489002364858,343694,1124,166862848,643072,68220617,1520536
27-5-2021 18:1:16,1622152876.2370882,600.0,100.0,5009.94,1870.79,6189.86,38.5,94162179,698398394,0.00024378011802474495,0.000326787077772808,0,0,2552.45,1246.41,0.0,0.08,13.451645982880942,344693,1127,166862848,643072,68296226,1524034
27-5-2021 18:1:21,1622152881.2404995,600.0,99.5,5024.43,1875.3,6190.69,38.4,94290478,698570539,0.00025642305316521223,0.0003440552653343008,0,0,2561.44,1250.51,0.0,0.08,13.401628194127618,345692,1130,166862848,643072,68371850,1527532
27-5-2021 18:1:26,1622152886.2574625,600.0,93.5,5037.6,1880.53,6192.1,38.8,94636810,698957175,0.0006903220128398167,0.000770657466697664,0,0,2568.91,1253.98,0.0,0.08,13.344285624594521,346689,1132,166862848,643072,68446313,1529864
27-5-2021 18:1:31,1622152891.2609448,600.0,69.6,5050.37,1884.93,6194.73,38.7,94756299,699109801,0.00023881167522581348,0.0003050395496072024,0,0,2575.43,1257.31,0.0,0.08,13.387606470920622,347686,1134,166862848,643072,68520780,1532194
27-5-2021 18:1:36,1622152896.2660658,600.0,94.8,5064.34,1889.3,6196.19,38.6,94887701,699292769,0.0002625351119237418,0.00036556159235371754,0,0,2584.43,1260.93,0.0,0.08,13.133959776489545,348685,1137,166862848,643072,68596381,1535690
27-5-2021 18:1:41,1622152901.2698097,600.0,99.5,5077.79,1894.36,6197.58,38.6,95009765,699460094,0.0002439453392456925,0.0003343996091336143,0,0,2592.23,1264.89,0.0,0.08,13.404767385890379,349684,1140,166862848,643072,68672023,1539186
27-5-2021 18:1:46,1622152906.2744763,600.0,88.5,5091.93,1898.87,6198.83,38.5,95137388,699626236,0.0002550079976264218,0.0003319741640742576,0,0,2600.77,1268.41,0.0,0.08,13.159910428395035,350681,1142,166862848,643072,68746486,1541518
27-5-2021 18:1:51,1622152911.2814226,600.0,96.0,5105.33,1904.23,6199.93,38.5,95263051,699801614,0.0002509773259700709,0.0003502693829844831,0,0,2608.75,1272.38,0.0,0.08,13.361237260113429,351680,1145,166862848,643072,68822109,1545016
27-5-2021 18:1:56,1622152916.2970188,600.0,94.7,5118.97,1909.31,6201.07,38.5,95389095,699978159,0.000251304124567576,0.0003519920557248477,0,0,2616.84,1276.46,0.0,0.08,13.336542284913044,352679,1148,166862848,643072,68897762,1548512
27-5-2021 18:2:1,1622152921.3004618,600.0,98.3,5132.61,1914.29,6202.32,38.3,95512294,700140239,0.0002462284469584214,0.00032393693685030673,0,0,2625.29,1281.09,0.0,0.08,13.394721972249545,353676,1150,166862848,643072,68972236,1550844
27-5-2021 18:2:6,1622152926.303817,600.0,97.2,5145.11,1919.46,6204.47,38.5,95636392,700301918,0.0002480295590370022,0.00032314115518012763,0,0,2631.5,1285.07,0.0,0.08,13.420463344704183,354675,1153,166862848,643072,69047844,1554342
27-5-2021 18:2:11,1622152931.3094907,600.0,90.5,5157.4,1924.63,6206.81,38.5,95763286,700469325,0.0002535003457085216,0.0003344345073370409,0,0,2637.99,1288.55,0.0,0.08,13.502500889437666,355660,1155,166862848,643072,69121663,1556674
27-5-2021 18:2:16,1622152936.312942,600.0,98.8,5171.44,1929.05,6208.17,38.4,95884604,700632483,0.00024246863130632446,0.0003260909094007261,0,0,2646.91,1292.44,0.0,0.08,13.409790092710796,356647,1158,166862848,643072,69196645,1560172
27-5-2021 18:2:21,1622152941.3199985,600.0,86.1,5185.24,1933.66,6209.6,38.5,96016458,700806605,0.0002633363547357981,0.00034775321764456623,0,0,2655.1,1295.99,0.0,0.08,13.347843375258982,357632,1160,166862848,643072,69270446,1562504
27-5-2021 18:2:26,1622152946.3370383,600.0,99.8,5198.54,1939.18,6210.91,38.5,96141660,700975751,0.00024955353274796024,0.0003371430316623256,0,0,2662.36,1300.05,0.0,0.08,13.399326120168261,358625,1163,166862848,643072,69345759,1566002
27-5-2021 18:2:31,1622152951.3403752,600.0,98.5,5211.17,1943.79,6213.32,38.5,96265136,701134385,0.0002467872987750218,0.0003170564024901747,0,0,2669.04,1303.49,0.0,0.08,13.40497666534123,359614,1164,166862848,643072,69418726,1567168
27-5-2021 18:2:36,1622152956.343787,600.0,99.8,5223.75,1949.65,6214.73,38.5,96391916,701308713,0.0002533871003053012,0.0003484182554190137,0,0,2676.4,1308.4,0.0,0.08,13.40790657765314,360607,1167,166862848,643072,69494039,1570666
27-5-2021 18:2:41,1622152961.346881,600.0,87.9,5236.84,1954.52,6216.58,38.3,96520037,701481036,0.0002560835376630662,0.0003444328678414355,0,0,2684.38,1312.25,0.0,0.08,13.431136596697572,361598,1169,166862848,643072,69568154,1572998
27-5-2021 18:2:46,1622152966.3532984,600.0,99.7,5250.29,1960.0,6217.65,38.5,96643693,701649204,0.0002469949813045609,0.00033590486523925566,0,0,2692.46,1316.21,0.0,0.08,13.390745662683381,362597,1172,166862848,643072,69643765,1576496
27-5-2021 18:2:51,1622152971.3670385,600.0,83.9,5264.38,1964.36,6219.06,38.3,96773655,701815904,0.00025921168304377494,0.00033248632341297674,0,0,2700.95,1319.98,0.0,0.08,13.42569533097545,363596,1175,166862848,643072,69719430,1579994
27-5-2021 18:2:56,1622152976.3928764,600.0,99.8,5278.3,1969.47,6220.02,38.5,96895186,701982258,0.00024181241508447956,0.0003309975438280234,0,0,2709.11,1323.81,0.0,0.08,13.392419898290186,364595,1178,166862848,643072,69795077,1583492
27-5-2021 18:3:1,1622152981.4072433,600.0,90.2,5291.97,1974.56,6221.12,38.3,97023468,702151712,0.00025582890811471536,0.00033793698099243057,0,0,2717.11,1328.4,0.0,0.08,13.43134587614842,365592,1180,166862848,643072,69869520,1585824
27-5-2021 18:3:6,1622152986.4102302,600.0,99.5,5305.19,1979.58,6222.82,38.3,97146299,702311742,0.00024551533365916814,0.0003198689161976755,0,0,2724.52,1332.24,0.0,0.08,13.414394240629512,366589,1182,166862848,643072,69944009,1588156
27-5-2021 18:3:11,1622152991.4134858,600.0,99.5,5318.23,1984.86,6224.53,38.7,97269758,702477115,0.00024675733108539717,0.00033053078441900056,0,0,2731.34,1335.78,0.0,0.08,13.398489002364858,367588,1185,166862848,643072,70019634,1591654
27-5-2021 18:3:16,1622152996.4198337,600.0,98.5,5331.99,1989.82,6225.56,38.5,97396817,702652322,0.00025379578621635387,0.00034996968585939374,0,0,2739.86,1339.72,0.0,0.08,13.467551221145596,368587,1188,166862848,643072,70095251,1595152
27-5-2021 18:3:21,1622153001.4224343,600.0,93.4,5345.78,1994.97,6226.55,38.3,97520796,702819257,0.00024782909566805136,0.00033369643314872806,0,0,2748.18,1344.07,0.0,0.08,13.382374484649354,369584,1190,166862848,643072,70169670,1597484
27-5-2021 18:3:26,1622153006.4287727,600.0,94.3,5359.35,1999.6,6228.19,38.7,97875582,703218442,0.0007086736345703577,0.0007973592103858896,0,0,2755.88,1346.97,0.0,0.08,13.36416717242534,370576,1192,166862848,643072,70243799,1599816
27-5-2021 18:3:31,1622153011.4322426,600.0,57.1,5371.87,2004.16,6231.08,38.5,97997586,703374779,0.0002438387786186211,0.0003124571582316921,0,0,2763.01,1350.75,0.0,0.08,13.232530397840236,371568,1194,166862848,643072,70317963,1602148
27-5-2021 18:3:36,1622153016.4353209,600.0,97.2,5384.94,2009.73,6232.28,38.4,98119215,703546335,0.00024310833170363303,0.0003429008949654151,0,0,2770.83,1354.67,0.0,0.08,13.466714103342191,372562,1197,166862848,643072,70393258,1605646
27-5-2021 18:3:41,1622153021.4640877,600.0,91.5,5399.11,2014.61,6233.16,38.3,98243524,703711070,0.0002471957901434262,0.0003275852793384011,0,0,2779.35,1359.12,0.0,0.08,13.39890756126656,373554,1199,166862848,643072,70467401,1607978
27-5-2021 18:3:46,1622153026.4714277,600.0,89.1,5411.94,2020.14,6234.63,38.5,98370055,703880873,0.0002526910518416406,0.00033910819226803,0,0,2786.56,1362.85,0.0,0.08,13.363539334072788,374526,1202,166862848,643072,70541414,1611476
27-5-2021 18:3:51,1622153031.4741025,600.0,98.8,5425.64,2025.07,6235.86,38.4,98496393,704053095,0.00025254089980912407,0.000344259833517445,0,0,2794.43,1366.85,0.0,0.08,13.410208651612498,375498,1205,166862848,643072,70615415,1614974
27-5-2021 18:3:56,1622153036.4776847,600.0,86.6,5439.04,2030.05,6237.38,38.4,98624812,704220773,0.00025665412071210387,0.0003351159069356104,0,0,2802.88,1371.23,0.0,0.08,13.418789109097379,376474,1207,166862848,643072,70688608,1617304
27-5-2021 18:4:1,1622153041.4870439,600.0,99.3,5452.34,2035.15,6238.85,38.4,98749336,704384722,0.00024858269687624563,0.0003272853792856284,0,0,2810.52,1375.41,0.0,0.08,13.385513676412113,377454,1211,166862848,643072,70764113,1621968
27-5-2021 18:4:6,1622153046.4908614,600.0,88.1,5465.21,2039.76,6241.2,38.4,98875427,704554565,0.0002519896030004862,0.00033942684364793345,0,0,2816.68,1377.91,0.0,0.08,13.420672624155033,378430,1213,166862848,643072,70837294,1624300
27-5-2021 18:4:11,1622153051.4998827,600.0,98.0,5478.3,2044.7,6243.17,38.5,99000960,704721407,0.0002506138283863791,0.00033308303279329143,0,0,2825.1,1382.3,0.0,0.08,13.40518594479208,379408,1216,166862848,643072,70911682,1627798
27-5-2021 18:4:16,1622153056.5069711,600.0,90.5,5491.15,2049.96,6244.92,38.5,99125608,704889369,0.0002489430772443032,0.00033544843992769764,0,0,2832.56,1385.79,0.0,0.08,13.380281690140844,380384,1218,166862848,643072,70984948,1630130
27-5-2021 18:4:21,1622153061.5111675,600.0,96.6,5505.13,2055.06,6245.84,38.4,99245564,705050380,0.00023971081524757517,0.00032175195966710566,0,0,2840.58,1390.44,0.0,0.08,13.407069459849739,381362,1221,166862848,643072,71059361,1633628
27-5-2021 18:4:26,1622153066.517326,600.0,84.9,5518.22,2060.1,6247.45,38.4,99375045,705222147,0.00025864342422241736,0.00034311138351118673,0,0,2848.53,1394.37,0.0,0.08,13.188163154259883,382344,1223,166862848,643072,71132861,1635960
27-5-2021 18:4:31,1622153071.5206268,600.0,80.0,5531.11,2064.96,6249.63,38.3,99495232,705375600,0.00024021542578341742,0.0003067035347645149,0,0,2856.2,1398.81,0.0,0.08,13.406860180398885,383324,1224,166862848,643072,71205224,1637126
27-5-2021 18:4:36,1622153076.5235052,600.0,99.8,5544.66,2070.59,6250.34,38.5,99612709,705537436,0.00023481881821097082,0.00032348577393013676,0,0,2863.43,1402.99,0.0,0.08,13.402883870832724,384308,1227,166862848,643072,71279923,1640624
27-5-2021 18:4:41,1622153081.5268428,600.0,89.2,5558.39,2075.26,6251.81,38.5,99740336,705704736,0.0002550837254051234,0.0003343767953511181,0,0,2871.48,1406.43,0.0,0.08,13.173095033798631,385290,1229,166862848,643072,71353466,1642956
27-5-2021 18:4:46,1622153086.5270343,600.0,99.2,5571.78,2080.56,6252.94,38.4,99864463,705870765,0.0002482444947123883,0.00033204528597809596,0,0,2879.94,1411.41,0.0,0.08,13.426741728229704,386274,1232,166862848,643072,71428155,1646452
27-5-2021 18:4:51,1622153091.5338435,600.0,87.0,5584.49,2085.99,6254.56,38.9,99991591,706046501,0.0002539102131572832,0.00035099399990095275,0,0,2887.31,1414.94,0.0,0.08,13.211183893853462,387254,1233,166862848,643072,71500542,1647618
27-5-2021 18:4:56,1622153096.5370605,600.0,99.5,5598.22,2091.29,6255.44,38.5,100112896,706210436,0.0002424540059708326,0.00032765918526712375,0,0,2895.43,1419.83,0.0,0.08,13.422556139212691,388238,1236,166862848,643072,71575260,1651116
27-5-2021 18:5:1,1622153101.5401442,600.0,81.8,5611.5,2095.81,6257.46,38.6,100246105,706387796,0.0002662537903230649,0.00035450136441005325,0,0,2902.82,1422.54,0.0,0.08,13.36437645187619,389224,1240,166862848,643072,71651133,1655780
27-5-2021 18:5:6,1622153106.5443602,600.0,88.5,5624.92,2101.08,6258.7,38.2,100363290,706540447,0.00023417254778087572,0.00030504478893457747,0,0,2910.28,1427.4,0.0,0.08,13.438670656928196,390204,1241,166862848,643072,71723496,1656946
27-5-2021 18:5:11,1622153111.5472937,600.0,95.8,5637.73,2106.6,6260.33,38.4,100490535,706716110,0.0002543407781536864,0.0003511199977430234,0,0,2917.49,1431.02,0.0,0.08,13.537241278278886,391188,1244,166862848,643072,71798187,1660442
27-5-2021 18:5:16,1622153116.5522678,600.0,99.7,5651.51,2111.32,6261.56,38.4,100612274,706877397,0.00024323602263544828,0.00032225341413025856,0,0,2926.07,1435.59,0.0,0.08,13.42192830086014,392170,1246,166862848,643072,71871742,1662774
27-5-2021 18:5:21,1622153121.5553312,600.0,98.0,5664.96,2116.64,6262.76,38.5,100737052,707045804,0.0002494031936399898,0.0003366077644402841,0,0,2933.27,1438.81,0.0,0.08,13.348680493062387,393154,1249,166862848,643072,71946441,1666270
27-5-2021 18:5:26,1622153126.5570204,600.0,99.5,5678.82,2121.72,6263.76,38.8,101097830,707450154,0.0007213123124783559,0.000808426881768354,0,0,2941.62,1443.07,0.0,0.08,13.43385722955863,394138,1252,166862848,643072,72021154,1669768
27-5-2021 18:5:31,1622153131.5774033,600.0,92.2,5691.42,2126.67,6266.1,38.6,101220386,707611526,0.00024411683909568937,0.0003214336512169913,0,0,2947.78,1446.74,0.0,0.08,13.432182993951825,395120,1254,166862848,643072,72094691,1672100
27-5-2021 18:5:36,1622153136.5809476,600.0,86.2,5705.19,2131.44,6267.48,38.4,101348060,707778989,0.0002551671206733737,0.0003346887504842425,0,0,2956.78,1451.19,0.0,0.08,13.42841596383651,396102,1256,166862848,643072,72168252,1674432
27-5-2021 18:5:41,1622153141.5846972,600.0,91.0,5718.03,2136.78,6269.16,38.5,101469148,707944070,0.0002419945230320108,0.0003299145898573548,0,0,2963.88,1454.98,0.0,0.08,13.529497938597409,397084,1258,166862848,643072,72241799,1676764
27-5-2021 18:5:46,1622153146.5884204,600.0,92.3,5732.24,2141.63,6270.02,38.4,101590956,708106953,0.00024343473146216807,0.000325523605713519,0,0,2972.33,1459.12,0.0,0.08,13.414603520080362,398070,1262,166862848,643072,72317668,1681428
27-5-2021 18:5:51,1622153151.5916712,600.0,95.0,5745.73,2146.64,6271.35,38.6,101717560,708278302,0.000253043479362435,0.00034247533368040407,0,0,2980.36,1462.36,0.0,0.08,13.21641588012473,399059,1265,166862848,643072,72392683,1684924
27-5-2021 18:5:56,1622153156.5949383,600.0,99.8,5759.9,2151.82,6271.91,38.5,101838545,708443862,0.0002418119976328105,0.00033090378417231976,0,0,2988.61,1466.86,0.0,0.08,13.41627775568717,400048,1268,166862848,643072,72467712,1688422
27-5-2021 18:6:1,1622153161.6170828,600.0,91.6,5773.24,2156.79,6273.55,38.4,101966639,708617056,0.0002550583691299838,0.0003448606428333756,0,0,2996.93,1470.88,0.0,0.08,13.408325136554842,401035,1270,166862848,643072,72541584,1690754
27-5-2021 18:6:6,1622153166.62024,600.0,94.7,5786.4,2161.6,6275.38,38.5,102085240,708775049,0.0002370523185843137,0.0003157866035707243,0,0,3003.64,1474.27,0.0,0.08,13.443065525396062,402024,1273,166862848,643072,72616624,1694252
27-5-2021 18:6:11,1622153171.6236258,600.0,90.7,5799.72,2166.11,6277.38,38.7,102215933,708945575,0.00026120912055964147,0.00034082121071942205,0,0,3011.83,1478.13,0.0,0.08,13.267061507230604,403011,1275,166862848,643072,72690472,1696584
27-5-2021 18:6:16,1622153176.6293159,600.0,99.2,5813.7,2170.89,6278.55,38.5,102336621,709107380,0.00024110162163820185,0.00032324214411680736,0,0,3019.67,1482.05,0.0,0.08,13.41962622690078,404000,1278,166862848,643072,72765483,1700082
27-5-2021 18:6:21,1622153181.6324878,600.0,90.4,5826.86,2176.11,6280.08,38.3,102464304,709280748,0.00025520410256097456,0.0003465161756286352,0,0,3027.4,1486.36,0.0,0.08,13.407278739300587,404987,1280,166862848,643072,72839344,1702414
27-5-2021 18:6:26,1622153186.641633,600.0,99.3,5839.12,2182.21,6281.6,38.8,102585400,709447196,0.0002417498270023272,0.0003322882275622924,0,0,3034.51,1490.75,0.0,0.08,13.360818701211727,405981,1283,166862848,643072,72914666,1705912
27-5-2021 18:6:31,1622153191.6727946,600.0,76.9,5851.46,2186.91,6284.32,38.6,102710997,709606033,0.00024963817765343276,0.00031570641992992115,0,0,3040.64,1494.2,0.0,0.08,13.515685494841263,406973,1285,166862848,643072,72988801,1708244
27-5-2021 18:6:36,1622153196.676136,600.0,73.5,5865.21,2190.93,6286.42,38.3,102831985,709762052,0.00024181439851402405,0.0003118296082401521,0,0,3048.75,1497.94,0.0,0.08,13.424858213172048,407965,1287,166862848,643072,73062956,1710576
27-5-2021 18:6:41,1622153201.678997,600.0,92.8,5878.37,2196.38,6287.57,38.6,102952085,709931141,0.0002400626350583696,0.0003379846036584901,0,0,3055.87,1501.55,0.0,0.08,13.434903626812883,408957,1289,166862848,643072,73137111,1712908
27-5-2021 18:6:46,1622153206.683505,600.0,92.0,5892.64,2200.67,6288.84,38.4,103076241,710090342,0.0002480883226506863,0.0003181151861715254,0,0,3065.06,1505.58,0.0,0.08,13.411673607768455,409949,1291,166862848,643072,73211290,1715240
27-5-2021 18:6:51,1622153211.6866179,600.0,92.7,5906.08,2206.17,6289.72,38.5,103203442,710267879,0.0002542437183882105,0.0003548530831635578,0,0,3073.0,1510.03,0.0,0.08,13.322102002804344,410943,1294,166862848,643072,73286644,1718738
27-5-2021 18:6:56,1622153216.689915,600.0,90.6,5919.12,2211.8,6290.97,38.6,103333422,710447107,0.0002597886906336416,0.00035821978338887765,0,0,3079.8,1513.78,0.0,0.08,13.53284640981102,411937,1297,166862848,643072,73361983,1722236
27-5-2021 18:7:1,1622153221.6934736,600.0,99.8,5932.84,2216.43,6292.4,38.5,103459032,710613898,0.0002510413270736741,0.0003333447494940306,0,0,3088.2,1517.85,0.0,0.08,13.408534416005693,412929,1299,166862848,643072,73436161,1724566
27-5-2021 18:7:6,1622153226.6962388,600.0,93.5,5945.3,2221.8,6294.47,38.7,103583584,710779585,0.00024896631273197816,0.00033119083963022085,0,0,3094.32,1521.57,0.0,0.08,13.433229391206078,413923,1302,166862848,643072,73511492,1728062
27-5-2021 18:7:11,1622153231.6970284,600.0,80.1,5957.99,2226.37,6296.97,38.6,103709905,710943063,0.00025260210693654186,0.0003269043724936629,0,0,3102.1,1525.2,0.0,0.08,13.197162170646465,414915,1304,166862848,643072,73585697,1730394
27-5-2021 18:7:16,1622153236.7003043,600.0,99.5,5971.89,2231.5,6297.91,38.5,103828086,711101280,0.00023620724309539171,0.0003162268163310819,0,0,3110.09,1529.76,0.0,0.08,13.426741728229704,415907,1306,166862848,643072,73659879,1732726
27-5-2021 18:7:21,1622153241.702579,600.0,99.5,5984.74,2236.53,6299.85,38.5,103946257,711260848,0.00023623452502425878,0.00031899087499531124,0,0,3117.26,1533.37,0.0,0.08,13.509407111315742,416901,1309,166862848,643072,73735188,1736224
27-5-2021 18:7:26,1622153246.70615,600.0,89.1,5999.39,2240.88,6300.83,38.6,104324797,711678682,0.0007565396742991613,0.0008350715862818084,0,0,3125.9,1537.04,0.0,0.08,13.41711487349057,417898,1311,166862848,643072,73809665,1738556
27-5-2021 18:7:31,1622153251.70705,600.0,98.3,6011.33,2245.99,6303.61,38.5,104444517,711834869,0.0002393969071138213,0.0003123177809170264,0,0,3132.0,1540.9,0.0,0.08,13.429671640541615,418897,1314,166862848,643072,73885263,1742054
27-5-2021 18:7:36,1622153256.710235,600.0,99.8,6025.01,2250.88,6304.83,38.5,104578853,712018362,0.0002685009630715526,0.0003667523762572088,0,0,3140.41,1544.97,0.0,0.08,13.443065525396062,419896,1317,166862848,643072,73960894,1745550
27-5-2021 18:7:41,1622153261.7132978,600.0,99.5,6037.8,2255.87,6306.94,38.8,104709892,712181118,0.00026191756370242493,0.0003253127313086323,0,0,3146.73,1548.46,0.0,0.08,13.409790092710796,420893,1319,166862848,643072,74035375,1747882
27-5-2021 18:7:46,1622153266.7166064,600.0,96.5,6051.56,2260.65,6308.2,38.9,104891338,712368328,0.00036265203064016373,0.00037417240752700556,0,0,3154.99,1552.19,0.0,0.08,13.441182010338403,421886,1322,166862848,643072,74110703,1751378
27-5-2021 18:7:51,1622153271.7171757,600.0,85.9,6065.3,2265.27,6309.61,38.8,105036561,712542312,0.00029041293105319237,0.00034792838184281155,0,0,3162.85,1555.12,0.0,0.08,13.359772303957474,422877,1324,166862848,643072,74184858,1753710
27-5-2021 18:7:56,1622153276.722832,600.0,89.8,6079.35,2270.09,6310.71,38.4,105159276,712702114,0.0002451526714145356,0.00031924285700513886,0,0,3170.92,1559.59,0.0,0.08,13.397861164012307,423870,1327,166862848,643072,74260195,1757206
27-5-2021 18:8:1,1622153281.7303004,600.0,91.7,6093.39,2274.59,6312.01,39.0,105288799,712875314,0.00025865964205896866,0.0003458833566595383,0,0,3179.06,1562.33,0.0,0.08,13.49517610865789,424863,1330,166862848,643072,74335514,1760702
27-5-2021 18:8:6,1622153286.7372754,600.0,75.3,6107.21,2278.65,6314.0,38.7,105413687,713032932,0.00024942805108478137,0.0003147968624357911,0,0,3186.94,1566.02,0.0,0.08,13.332775254797733,425854,1332,166862848,643072,74409719,1763034
27-5-2021 18:8:11,1622153291.7433448,600.0,44.6,6117.82,2282.2,6319.75,38.5,105531551,713165191,0.00023544220039675235,0.0002641972950372808,0,0,3190.62,1567.79,0.0,0.08,13.176234225561393,426841,1332,166862848,643072,74481498,1763034
27-5-2021 18:8:16,1622153296.7470827,600.0,49.5,6125.81,2283.7,6329.91,38.5,105651205,713283254,0.0002391292305032811,0.0002359496075426553,0,0,3191.68,1567.92,0.0,0.08,13.176234225561393,427828,1332,166862848,643072,74553349,1763034
27-5-2021 18:8:21,1622153301.750759,600.0,46.5,6133.75,2285.38,6339.97,39.2,105783275,713409049,0.0002639459376519844,0.0002514051580747435,0,0,3192.4,1568.08,0.0,0.08,13.176234225561393,428817,1346,166862848,675840,74625164,1788158
