time_stamp,time,model_number,QOS,QOS_avg,task
14-6-2021 20:4:17,1623715457.7623377,,0.0,0.0,None
14-6-2021 20:4:22,1623715462.7757714,1,0.0,0.0,Linear_Regression_Training
14-6-2021 20:4:27,1623715467.7783298,1,0.0,0.0,Linear_Regression_Training
14-6-2021 20:4:32,1623715472.783392,1,0.0,0.0,Linear_Regression_Training
14-6-2021 20:4:37,1623715477.7884588,1,0.0,0.0,Linear_Regression_Training
14-6-2021 20:4:42,1623715482.7935894,1,0.0,0.0,Linear_Regression_Training
14-6-2021 20:4:47,1623715487.7982447,1,0.0,0.0,Linear_Regression_Training
14-6-2021 20:4:52,1623715492.8032985,1,0.0,0.0,Linear_Regression_Training
14-6-2021 20:4:57,1623715497.8083208,1,0.0,0.0,Linear_Regression_Training
14-6-2021 20:5:2,1623715502.8133588,1,0.0,0.0,Linear_Regression_Training
14-6-2021 20:5:7,1623715507.8183756,1,0.0,0.0,Linear_Regression_Training
14-6-2021 20:5:12,1623715512.8234148,1,0.0,0.0,Linear_Regression_Training
14-6-2021 20:5:17,1623715517.8285015,1,0.0,0.0,Linear_Regression_Training
14-6-2021 20:5:22,1623715522.8313403,1,62.539037227630615,62.539037227630615,Linear_Regression_Training
14-6-2021 20:5:27,1623715527.8363833,1,2.6746530532836914,2.7693891525268555,Linear_Regression_Training
14-6-2021 20:5:32,1623715532.8414078,1,2.7405998706817627,2.978024125099182,Linear_Regression_Training
14-6-2021 20:5:37,1623715537.8478549,1,3.110752820968628,3.110752820968628,Linear_Regression_Training
14-6-2021 20:5:42,1623715542.8526237,1,2.895207643508911,2.9184874296188354,Linear_Regression_Training
14-6-2021 20:5:47,1623715547.8577354,1,3.1621146202087402,2.9571807384490967,Linear_Regression_Training
14-6-2021 20:5:52,1623715552.8581698,1,2.799358606338501,3.0258328914642334,Linear_Regression_Training
14-6-2021 20:5:57,1623715557.8632221,1,2.9209797382354736,2.9209797382354736,Linear_Regression_Training
14-6-2021 20:6:2,1623715562.8682027,1,2.763998031616211,2.6547714471817017,Linear_Regression_Training
14-6-2021 20:6:7,1623715567.8732502,1,2.681448459625244,2.9946542978286743,Linear_Regression_Training
14-6-2021 20:6:12,1623715572.8781607,1,2.5039429664611816,2.9020559787750244,Linear_Regression_Training
14-6-2021 20:6:17,1623715577.883219,1,2.9713869094848633,2.9713869094848633,Linear_Regression_Training
14-6-2021 20:6:22,1623715582.8882627,1,2.6914992332458496,2.620259404182434,Linear_Regression_Training
14-6-2021 20:6:27,1623715587.8933103,1,2.5705795288085938,2.8282201290130615,Linear_Regression_Training
14-6-2021 20:6:32,1623715592.8981683,1,3.037490129470825,2.752267837524414,Linear_Regression_Training
14-6-2021 20:6:37,1623715597.9031925,1,2.7513620853424072,2.642501473426819,Linear_Regression_Training
14-6-2021 20:6:42,1623715602.9082546,1,3.0620157718658447,3.0620157718658447,Linear_Regression_Training
14-6-2021 20:6:47,1623715607.913296,1,3.0490338802337646,3.174226403236389,Linear_Regression_Training
14-6-2021 20:6:52,1623715612.9182098,1,1.7611076831817627,2.361669659614563,Linear_Regression_Training
14-6-2021 20:6:57,1623715617.9232008,1,2.793553352355957,3.017624855041504,Linear_Regression_Training
14-6-2021 20:7:2,1623715622.9282591,1,2.043855667114258,2.477747082710266,Linear_Regression_Training
14-6-2021 20:7:7,1623715627.9332979,1,3.517803192138672,3.517803192138672,Linear_Regression_Training
14-6-2021 20:7:12,1623715632.9383428,1,2.5419280529022217,2.621585488319397,Linear_Regression_Training
14-6-2021 20:7:17,1623715637.9433894,1,2.8195977210998535,2.6214531660079956,Linear_Regression_Training
14-6-2021 20:7:22,1623715642.9486089,1,3.006105661392212,3.159976005554199,Linear_Regression_Training
14-6-2021 20:7:27,1623715647.953053,1,2.9500155448913574,2.9500155448913574,Linear_Regression_Training
14-6-2021 20:7:32,1623715652.9581869,1,2.6017894744873047,2.628599166870117,Linear_Regression_Training
14-6-2021 20:7:37,1623715657.9631765,1,2.804412841796875,2.5821045637130737,Linear_Regression_Training
14-6-2021 20:7:42,1623715662.9682,1,2.304933786392212,2.71714985370636,Linear_Regression_Training
14-6-2021 20:7:47,1623715667.9732502,1,3.7695116996765137,3.7695116996765137,Linear_Regression_Training
14-6-2021 20:7:52,1623715672.9782102,1,3.2943692207336426,3.119974374771118,Linear_Regression_Training
14-6-2021 20:7:57,1623715677.979136,1,2.7375054359436035,2.849424958229065,Linear_Regression_Training
14-6-2021 20:8:2,1623715682.9841535,1,2.3554224967956543,2.595667004585266,Linear_Regression_Training
14-6-2021 20:8:7,1623715687.9891407,1,2.5531375408172607,2.5531375408172607,Linear_Regression_Training
14-6-2021 20:8:12,1623715692.994184,1,2.5717999935150146,2.798161029815674,Linear_Regression_Training
14-6-2021 20:8:17,1623715697.9983997,1,2.572265148162842,2.9926525354385376,Linear_Regression_Training
14-6-2021 20:8:23,1623715703.0034413,1,2.4517295360565186,2.405003547668457,Linear_Regression_Training
14-6-2021 20:8:28,1623715708.008215,1,2.8378474712371826,3.0670086145401,Linear_Regression_Training
14-6-2021 20:8:33,1623715713.0132847,1,3.217707872390747,3.217707872390747,Linear_Regression_Training
14-6-2021 20:8:38,1623715718.0182097,1,3.200817346572876,3.0068163871765137,Linear_Regression_Training
14-6-2021 20:8:43,1623715723.023253,1,3.503119945526123,3.503119945526123,Linear_Regression_Training
14-6-2021 20:8:48,1623715728.0282123,1,3.132296323776245,2.9582325220108032,Linear_Regression_Training
14-6-2021 20:8:53,1623715733.0332272,1,3.070838212966919,3.2469470500946045,Linear_Regression_Training
14-6-2021 20:8:58,1623715738.0382617,1,2.9551870822906494,2.9551870822906494,Linear_Regression_Training
14-6-2021 20:9:3,1623715743.0433135,1,2.5862491130828857,3.073243260383606,Linear_Regression_Training
14-6-2021 20:9:8,1623715748.0483084,1,2.6391184329986572,3.0017404556274414,Linear_Regression_Training
14-6-2021 20:9:13,1623715753.0533884,1,3.321387767791748,3.321387767791748,Linear_Regression_Training
14-6-2021 20:9:18,1623715758.0583835,1,3.093942642211914,3.158649444580078,Linear_Regression_Training
14-6-2021 20:9:23,1623715763.0640235,1,3.0826218128204346,3.0826218128204346,Linear_Regression_Training
14-6-2021 20:9:28,1623715768.0690508,1,3.3030707836151123,2.8996721506118774,Linear_Regression_Training
14-6-2021 20:9:33,1623715773.0740626,1,2.830416202545166,3.0458697080612183,Linear_Regression_Training
14-6-2021 20:9:38,1623715778.0790975,1,2.458780288696289,2.5973780155181885,Linear_Regression_Training
14-6-2021 20:9:43,1623715783.083223,1,2.861469268798828,2.861469268798828,Linear_Regression_Training
14-6-2021 20:9:48,1623715788.0882273,1,3.409545660018921,3.134857416152954,Linear_Regression_Training
14-6-2021 20:9:53,1623715793.0922277,1,2.47967267036438,2.6523900032043457,Linear_Regression_Training
14-6-2021 20:9:58,1623715798.0972755,1,2.856322765350342,2.665092945098877,Linear_Regression_Training
14-6-2021 20:10:3,1623715803.1023142,1,3.2467613220214844,3.2467613220214844,Linear_Regression_Training
14-6-2021 20:10:8,1623715808.1073923,2,2.9022810459136963,2.816274404525757,Linear_Regression_Training
14-6-2021 20:10:13,1623715813.1124618,2,2.242088794708252,2.931761384010315,Linear_Regression_Training
14-6-2021 20:10:18,1623715818.1177313,2,2.4955246448516846,2.8447481393814087,Linear_Regression_Training
14-6-2021 20:10:23,1623715823.118289,2,3.2330000400543213,3.2330000400543213,Linear_Regression_Training
14-6-2021 20:10:28,1623715828.1233275,2,1.9888603687286377,2.498573899269104,Linear_Regression_Training
14-6-2021 20:10:33,1623715833.1282444,2,2.960803270339966,2.5438815355300903,Linear_Regression_Training
14-6-2021 20:10:38,1623715838.13328,2,2.5125820636749268,2.525771975517273,Linear_Regression_Training
14-6-2021 20:10:43,1623715843.1382215,2,2.551835298538208,2.985297203063965,Linear_Regression_Training
14-6-2021 20:10:48,1623715848.1432374,2,3.715352773666382,3.715352773666382,Linear_Regression_Training
14-6-2021 20:10:53,1623715853.1483028,2,2.7580678462982178,2.982514500617981,Linear_Regression_Training
14-6-2021 20:10:58,1623715858.1533504,2,2.7580678462982178,0.0,Linear_Regression_Training
14-6-2021 20:11:3,1623715863.1583788,2,2.0499789714813232,4.9471116065979,Linear_Regression_Training
14-6-2021 20:11:8,1623715868.1654513,2,2.9024507999420166,3.1471089124679565,Linear_Regression_Training
14-6-2021 20:11:13,1623715873.1682048,2,2.862649917602539,2.862649917602539,Linear_Regression_Training
14-6-2021 20:11:18,1623715878.1732447,2,2.691416025161743,2.9978997707366943,Linear_Regression_Training
14-6-2021 20:11:23,1623715883.1782987,2,2.2514214515686035,2.6646080017089844,Linear_Regression_Training
14-6-2021 20:11:28,1623715888.1832995,2,2.8367533683776855,2.8022323846817017,Linear_Regression_Training
14-6-2021 20:11:33,1623715893.1883576,2,2.871100425720215,2.871100425720215,Linear_Regression_Training
14-6-2021 20:11:38,1623715898.193424,2,2.798325300216675,2.798325300216675,Linear_Regression_Training
14-6-2021 20:11:43,1623715903.198656,2,2.798325300216675,0.0,Linear_Regression_Training
14-6-2021 20:11:48,1623715908.2037227,2,3.0542447566986084,6.469682693481445,Linear_Regression_Training
14-6-2021 20:11:53,1623715913.205525,2,2.912240743637085,3.226778030395508,Linear_Regression_Training
14-6-2021 20:11:58,1623715918.210671,2,2.941020965576172,2.941020965576172,Linear_Regression_Training
14-6-2021 20:12:3,1623715923.215655,2,2.939499855041504,2.6815606355667114,Linear_Regression_Training
14-6-2021 20:12:8,1623715928.2207162,2,3.1429107189178467,2.571089267730713,Linear_Regression_Training
14-6-2021 20:12:13,1623715933.2257957,2,2.785762310028076,2.6914427280426025,Linear_Regression_Training
14-6-2021 20:12:18,1623715938.2308044,2,2.7917215824127197,2.9669151306152344,Linear_Regression_Training
14-6-2021 20:12:23,1623715943.2358258,2,2.2433650493621826,2.5132006406784058,Linear_Regression_Training
14-6-2021 20:12:28,1623715948.2383323,2,3.0787038803100586,3.0787038803100586,Linear_Regression_Training
14-6-2021 20:12:33,1623715953.2433412,2,2.690516471862793,2.8241331577301025,Linear_Regression_Training
14-6-2021 20:12:38,1623715958.2483292,2,3.0607500076293945,3.182904601097107,Linear_Regression_Training
14-6-2021 20:12:43,1623715963.2555623,2,2.384002208709717,2.6712886095046997,Linear_Regression_Training
14-6-2021 20:12:48,1623715968.2584357,2,3.4577670097351074,3.4577670097351074,Linear_Regression_Training
14-6-2021 20:12:53,1623715973.2635345,2,2.6048405170440674,2.911665916442871,Linear_Regression_Training
14-6-2021 20:12:58,1623715978.2685297,2,2.34517240524292,2.6907113790512085,Linear_Regression_Training
14-6-2021 20:13:3,1623715983.2736564,2,3.1795854568481445,3.1795854568481445,Linear_Regression_Training
14-6-2021 20:13:8,1623715988.2744384,2,2.838921308517456,2.7236008644104004,Linear_Regression_Training
14-6-2021 20:13:13,1623715993.2782917,2,2.7492434978485107,2.7939352989196777,Linear_Regression_Training
14-6-2021 20:13:18,1623715998.2832747,2,2.5571773052215576,2.8084100484848022,Linear_Regression_Training
14-6-2021 20:13:23,1623716003.2883286,2,3.136568784713745,3.136568784713745,Linear_Regression_Training
14-6-2021 20:13:28,1623716008.2906156,2,2.9116485118865967,2.8538793325424194,Linear_Regression_Training
14-6-2021 20:13:33,1623716013.2916598,2,2.7808587551116943,2.9077765941619873,Linear_Regression_Training
14-6-2021 20:13:38,1623716018.2966952,2,3.0442869663238525,3.0442869663238525,Linear_Regression_Training
14-6-2021 20:13:43,1623716023.2982144,2,2.7007651329040527,3.005424976348877,Linear_Regression_Training
14-6-2021 20:13:48,1623716028.2988603,2,2.8526198863983154,3.003626227378845,Linear_Regression_Training
14-6-2021 20:13:53,1623716033.3038669,2,2.7363789081573486,2.7014474868774414,Linear_Regression_Training
14-6-2021 20:13:58,1623716038.308199,2,3.272505044937134,3.272505044937134,Linear_Regression_Training
14-6-2021 20:14:3,1623716043.313241,2,2.777028799057007,2.83700692653656,Linear_Regression_Training
14-6-2021 20:14:8,1623716048.3182318,2,3.164705753326416,2.7540594339370728,Linear_Regression_Training
14-6-2021 20:14:13,1623716053.3232775,2,2.4146814346313477,2.5055525302886963,Linear_Regression_Training
14-6-2021 20:14:18,1623716058.328237,2,3.299633741378784,3.299633741378784,Linear_Regression_Training
14-6-2021 20:14:23,1623716063.3332844,2,3.297659158706665,3.189977765083313,Linear_Regression_Training
14-6-2021 20:14:28,1623716068.3382893,2,2.7915687561035156,2.808434009552002,Linear_Regression_Training
14-6-2021 20:14:33,1623716073.3433225,2,3.352217197418213,3.352217197418213,Linear_Regression_Training
14-6-2021 20:14:38,1623716078.3485188,2,2.806781768798828,2.9060559272766113,Linear_Regression_Training
14-6-2021 20:14:43,1623716083.3535287,2,2.7049906253814697,3.1549408435821533,Linear_Regression_Training
14-6-2021 20:14:48,1623716088.3582113,2,3.086698532104492,3.086698532104492,Linear_Regression_Training
14-6-2021 20:14:53,1623716093.36357,2,2.174018144607544,2.386051813761393,Linear_Regression_Training
14-6-2021 20:14:58,1623716098.3682256,2,2.9334003925323486,2.9334003925323486,Linear_Regression_Training
14-6-2021 20:15:3,1623716103.3750787,2,2.507258653640747,2.506326675415039,Linear_Regression_Training
14-6-2021 20:15:8,1623716108.37825,3,2.4457600116729736,2.529984712600708,Linear_Regression_Training
14-6-2021 20:15:13,1623716113.380019,3,2.8828418254852295,2.8205825090408325,Linear_Regression_Training
14-6-2021 20:15:18,1623716118.385077,3,2.3464162349700928,2.780761957168579,Linear_Regression_Training
14-6-2021 20:15:23,1623716123.3882005,3,2.5730409622192383,2.5730409622192383,Linear_Regression_Training
14-6-2021 20:15:28,1623716128.3932612,3,2.573639392852783,2.974081039428711,Linear_Regression_Training
14-6-2021 20:15:33,1623716133.398218,3,2.8909928798675537,2.687477469444275,Linear_Regression_Training
14-6-2021 20:15:38,1623716138.4032795,3,3.371323823928833,3.050596594810486,Linear_Regression_Training
14-6-2021 20:15:43,1623716143.4082084,3,3.2673730850219727,3.2673730850219727,Linear_Regression_Training
14-6-2021 20:15:48,1623716148.4095275,3,2.3530678749084473,2.768507719039917,Linear_Regression_Training
14-6-2021 20:15:53,1623716153.4134157,3,3.120723247528076,2.9152661561965942,Linear_Regression_Training
14-6-2021 20:15:58,1623716158.4182227,3,2.5602340698242188,2.5442867279052734,Linear_Regression_Training
14-6-2021 20:16:3,1623716163.4232595,3,2.6711292266845703,2.615562915802002,Linear_Regression_Training
14-6-2021 20:16:8,1623716168.4282732,3,2.5144848823547363,2.7897515296936035,Linear_Regression_Training
14-6-2021 20:16:13,1623716173.4332948,3,1.773226022720337,2.3539921045303345,Linear_Regression_Training
14-6-2021 20:16:18,1623716178.4383144,3,1.9354722499847412,1.7852919896443684,Linear_Regression_Training
14-6-2021 20:16:23,1623716183.442842,3,1.8088319301605225,1.5803004900614421,Linear_Regression_Training
14-6-2021 20:16:28,1623716188.4478655,3,1.8303749561309814,1.6942063967386882,Linear_Regression_Training
14-6-2021 20:16:33,1623716193.4497566,3,1.8902766704559326,1.9150488376617432,Linear_Regression_Training
14-6-2021 20:16:38,1623716198.454791,3,3.053230047225952,2.4263195991516113,Linear_Regression_Training
14-6-2021 20:16:43,1623716203.458167,3,2.201663017272949,2.0627158482869468,Linear_Regression_Training
14-6-2021 20:16:48,1623716208.4632337,3,2.36321759223938,2.268444299697876,Linear_Regression_Training
14-6-2021 20:16:53,1623716213.4682515,3,2.2700703144073486,1.9666460355122883,Linear_Regression_Training
14-6-2021 20:16:58,1623716218.4731174,3,1.4922378063201904,1.6148423353830974,Linear_Regression_Training
14-6-2021 20:17:3,1623716223.478171,3,1.5960891246795654,1.8650310039520264,Linear_Regression_Training
14-6-2021 20:17:8,1623716228.483323,3,1.7726655006408691,1.7600406805674236,Linear_Regression_Training
14-6-2021 20:17:13,1623716233.4883578,3,1.5217523574829102,1.6868457794189453,Linear_Regression_Training
14-6-2021 20:17:18,1623716238.4934342,3,1.2826554775238037,1.4156101544698079,Linear_Regression_Training
14-6-2021 20:17:23,1623716243.4984357,3,1.8281433582305908,2.3199447790781655,Linear_Regression_Training
14-6-2021 20:17:28,1623716248.503486,3,1.9372532367706299,2.204913854598999,Linear_Regression_Training
14-6-2021 20:17:33,1623716253.5081677,3,1.8921918869018555,1.6698840459187825,Linear_Regression_Training
14-6-2021 20:17:38,1623716258.5132084,3,2.2125086784362793,1.9964669942855835,Linear_Regression_Training
14-6-2021 20:17:43,1623716263.5181606,3,1.5812289714813232,2.1059553623199463,Linear_Regression_Training
14-6-2021 20:17:48,1623716268.5231812,3,2.337378740310669,2.5407090187072754,Linear_Regression_Training
14-6-2021 20:17:53,1623716273.5281703,3,1.151599645614624,1.3051233291625977,Linear_Regression_Training
14-6-2021 20:17:58,1623716278.5331867,3,1.4685420989990234,1.61794114112854,Linear_Regression_Training
14-6-2021 20:18:3,1623716283.538225,3,1.608104944229126,1.7892820835113525,Linear_Regression_Training
14-6-2021 20:18:8,1623716288.5432522,3,1.6779532432556152,1.823541243871053,Linear_Regression_Training
14-6-2021 20:18:13,1623716293.548311,3,2.1346065998077393,1.6847775777180989,Linear_Regression_Training
14-6-2021 20:18:18,1623716298.553317,3,1.7608189582824707,1.9138129552205403,Linear_Regression_Training
14-6-2021 20:18:23,1623716303.561582,3,1.518681526184082,1.350736141204834,Linear_Regression_Training
14-6-2021 20:18:28,1623716308.5665984,4,1.8088033199310303,1.5131095051765442,Linear_Regression_Training
14-6-2021 20:18:33,1623716313.5681593,4,1.78248929977417,1.5668903191884358,Linear_Regression_Training
14-6-2021 20:18:38,1623716318.5732062,4,1.4605469703674316,1.7182635068893433,Linear_Regression_Training
14-6-2021 20:18:43,1623716323.5782392,4,1.6438498497009277,2.0675960381825766,Linear_Regression_Training
14-6-2021 20:18:48,1623716328.5832646,4,2.2462735176086426,2.390504240989685,Linear_Regression_Training
14-6-2021 20:18:53,1623716333.5882313,4,1.8632128238677979,1.8054237365722656,Linear_Regression_Training
14-6-2021 20:18:58,1623716338.5932226,4,1.2021207809448242,1.3206781148910522,Linear_Regression_Training
14-6-2021 20:19:3,1623716343.5982938,4,1.436509609222412,1.5654244422912598,Linear_Regression_Training
14-6-2021 20:19:8,1623716348.6032805,4,1.7106289863586426,1.8492813110351562,Linear_Regression_Training
14-6-2021 20:19:13,1623716353.6081622,4,1.6277923583984375,1.7384741306304932,Linear_Regression_Training
14-6-2021 20:19:18,1623716358.6131883,4,1.2617573738098145,1.521344502766927,Linear_Regression_Training
14-6-2021 20:19:23,1623716363.6182153,4,3.043642282485962,2.6297457218170166,Linear_Regression_Training
14-6-2021 20:19:28,1623716368.6237183,4,2.3069725036621094,2.3069725036621094,Linear_Regression_Training
14-6-2021 20:19:33,1623716373.6282284,4,1.4916248321533203,2.253389835357666,Linear_Regression_Training
14-6-2021 20:19:38,1623716378.6332357,4,1.860999345779419,1.886090914408366,Linear_Regression_Training
14-6-2021 20:19:43,1623716383.638303,4,1.8643386363983154,2.1642260551452637,Linear_Regression_Training
14-6-2021 20:19:48,1623716388.64331,4,1.8654987812042236,1.88509734471639,Linear_Regression_Training
14-6-2021 20:19:53,1623716393.6483312,4,1.5512638092041016,1.7103349367777507,Linear_Regression_Training
14-6-2021 20:19:58,1623716398.6485202,4,1.4779746532440186,1.422504186630249,Linear_Regression_Training
14-6-2021 20:20:3,1623716403.6535845,4,1.762606143951416,2.352061629295349,Linear_Regression_Training
14-6-2021 20:20:8,1623716408.6582146,4,1.7831954956054688,1.7799243927001953,Linear_Regression_Training
14-6-2021 20:20:13,1623716413.663226,4,1.2110347747802734,1.460001826286316,Linear_Regression_Training
14-6-2021 20:20:18,1623716418.6684206,4,1.4728436470031738,1.712552785873413,Linear_Regression_Training
14-6-2021 20:20:23,1623716423.6734533,4,2.4577808380126953,2.449628233909607,Linear_Regression_Training
14-6-2021 20:20:28,1623716428.6782353,4,3.080007314682007,2.773218274116516,Linear_Regression_Training
14-6-2021 20:20:33,1623716433.683361,4,1.4531359672546387,1.8026474316914876,Linear_Regression_Training
14-6-2021 20:20:38,1623716438.6881962,4,1.6169865131378174,1.7564454078674316,Linear_Regression_Training
14-6-2021 20:20:43,1623716443.6932023,4,1.6675620079040527,1.8750987847646077,Linear_Regression_Training
14-6-2021 20:20:48,1623716448.6984057,4,2.067789316177368,2.1934056282043457,Linear_Regression_Training
14-6-2021 20:20:53,1623716453.7036448,4,1.6094233989715576,1.5280324618021648,Linear_Regression_Training
14-6-2021 20:20:58,1623716458.7077422,4,2.0960159301757812,1.8125547568003337,Linear_Regression_Training
14-6-2021 20:21:3,1623716463.7127995,4,1.33170747756958,1.6645429929097493,Linear_Regression_Training
14-6-2021 20:21:8,1623716468.714434,4,1.7962815761566162,1.773019790649414,Linear_Regression_Training
14-6-2021 20:21:13,1623716473.7181876,4,1.0266971588134766,1.4158829053243,Linear_Regression_Training
14-6-2021 20:21:18,1623716478.7232146,4,2.1984546184539795,1.9118556181589763,Linear_Regression_Training
14-6-2021 20:21:23,1623716483.728169,4,1.6558783054351807,1.6651800473531086,Linear_Regression_Training
14-6-2021 20:21:28,1623716488.7331889,4,2.5116424560546875,2.6246559619903564,Linear_Regression_Training
14-6-2021 20:21:33,1623716493.7357862,5,1.3258891105651855,1.585121790568034,Linear_Regression_Training
14-6-2021 20:21:38,1623716498.7383797,5,1.5219454765319824,1.4096028804779053,Linear_Regression_Training
14-6-2021 20:21:43,1623716503.7433903,5,1.5047845840454102,1.5499888062477112,Linear_Regression_Training
14-6-2021 20:21:48,1623716508.7482111,5,1.5543749332427979,1.5943641662597656,Linear_Regression_Training
14-6-2021 20:21:53,1623716513.7543952,5,2.034719705581665,1.7716578642527263,Linear_Regression_Training
14-6-2021 20:21:58,1623716518.7581794,5,1.8204882144927979,2.3922234773635864,Linear_Regression_Training
14-6-2021 20:22:3,1623716523.7631927,5,2.627842903137207,2.5847716331481934,Linear_Regression_Training
14-6-2021 20:22:8,1623716528.7681663,5,2.3732495307922363,2.272479295730591,Linear_Regression_Training
14-6-2021 20:22:13,1623716533.7732258,5,1.6844916343688965,2.0689467191696167,Linear_Regression_Training
14-6-2021 20:22:18,1623716538.7783282,5,1.4451537132263184,1.7357884248097737,Linear_Regression_Training
14-6-2021 20:22:23,1623716543.7845953,5,1.4454593658447266,1.5421310663223267,Linear_Regression_Training
14-6-2021 20:22:28,1623716548.78816,5,2.2011866569519043,2.4813644886016846,Linear_Regression_Training
14-6-2021 20:22:33,1623716553.7931826,5,1.9974472522735596,1.6112634340922039,Linear_Regression_Training
14-6-2021 20:22:38,1623716558.7982433,5,2.3668606281280518,2.2512069940567017,Linear_Regression_Training
14-6-2021 20:22:43,1623716563.8019423,5,1.5456273555755615,1.6890315214792888,Linear_Regression_Training
14-6-2021 20:22:48,1623716568.807003,5,2.438621759414673,1.8773295879364014,Linear_Regression_Training
14-6-2021 20:22:53,1623716573.8083491,5,2.1927149295806885,2.2578278382619223,Linear_Regression_Training
14-6-2021 20:22:58,1623716578.8134093,5,1.7704761028289795,2.008032202720642,Linear_Regression_Training
14-6-2021 20:23:3,1623716583.8182502,5,2.01806902885437,1.6953754425048828,Linear_Regression_Training
14-6-2021 20:23:8,1623716588.8232613,5,1.3082680702209473,1.3441492319107056,Linear_Regression_Training
14-6-2021 20:23:13,1623716593.8282459,5,1.4636013507843018,1.5538695653279622,Linear_Regression_Training
14-6-2021 20:23:18,1623716598.8332589,5,2.2932915687561035,1.915173610051473,Linear_Regression_Training
14-6-2021 20:23:23,1623716603.8381562,5,1.1348943710327148,1.6272948582967122,Linear_Regression_Training
14-6-2021 20:23:28,1623716608.8431714,5,2.3058676719665527,2.514458179473877,Linear_Regression_Training
14-6-2021 20:23:33,1623716613.8482542,5,1.7960450649261475,1.5931710004806519,Linear_Regression_Training
14-6-2021 20:23:38,1623716618.8532598,5,2.6619861125946045,2.303546667098999,Linear_Regression_Training
14-6-2021 20:23:43,1623716623.8596046,5,1.4132440090179443,1.7159907817840576,Linear_Regression_Training
14-6-2021 20:23:48,1623716628.8646038,5,2.0308656692504883,2.2603691816329956,Linear_Regression_Training
14-6-2021 20:23:53,1623716633.8682084,5,1.3573789596557617,1.5318422317504883,Linear_Regression_Training
14-6-2021 20:23:58,1623716638.8733249,5,1.6814415454864502,2.414161801338196,Linear_Regression_Training
14-6-2021 20:24:3,1623716643.8782234,5,1.4038505554199219,1.7731389999389648,Linear_Regression_Training
14-6-2021 20:24:8,1623716648.883243,5,1.9542787075042725,1.8076550165812175,Linear_Regression_Training
14-6-2021 20:24:13,1623716653.8882194,5,1.612947702407837,2.1179957389831543,Linear_Regression_Training
14-6-2021 20:24:18,1623716658.8932724,5,1.86055326461792,1.6540687878926594,Linear_Regression_Training
14-6-2021 20:24:23,1623716663.8981853,5,1.7228906154632568,1.8838531176249187,Linear_Regression_Training
14-6-2021 20:24:28,1623716668.9032328,5,1.1834743022918701,1.6255706151326497,Linear_Regression_Training
14-6-2021 20:24:33,1623716673.9082825,5,2.0478382110595703,2.071704864501953,Linear_Regression_Training
14-6-2021 20:24:38,1623716678.9133291,6,1.7942655086517334,1.768377145131429,Linear_Regression_Training
14-6-2021 20:24:43,1623716683.9182749,6,1.8425683975219727,2.0906782944997153,Linear_Regression_Training
14-6-2021 20:24:48,1623716688.9232948,6,2.2381701469421387,2.1100951433181763,Linear_Regression_Training
14-6-2021 20:24:53,1623716693.9281566,6,1.1702361106872559,1.548560380935669,Linear_Regression_Training
14-6-2021 20:24:58,1623716698.9332044,6,1.4311270713806152,1.7245310147603352,Linear_Regression_Training
14-6-2021 20:25:3,1623716703.9389749,6,1.7460334300994873,1.5220597386360168,Linear_Regression_Training
14-6-2021 20:25:8,1623716708.9451597,6,1.4817843437194824,1.653997580210368,Linear_Regression_Training
14-6-2021 20:25:13,1623716713.9481924,6,1.8105552196502686,1.931537389755249,Linear_Regression_Training
14-6-2021 20:25:18,1623716718.9532385,6,1.5694153308868408,1.525713046391805,Linear_Regression_Training
14-6-2021 20:25:23,1623716723.9581618,6,1.42838716506958,1.577701449394226,Linear_Regression_Training
14-6-2021 20:25:28,1623716728.9632301,6,1.5346016883850098,1.5068717002868652,Linear_Regression_Training
14-6-2021 20:25:33,1623716733.9683094,6,1.5901062488555908,1.7858160336812336,Linear_Regression_Training
14-6-2021 20:25:38,1623716738.9732826,6,2.0288522243499756,1.9743224382400513,Linear_Regression_Training
14-6-2021 20:25:43,1623716743.9783838,6,1.9588508605957031,2.196282744407654,Linear_Regression_Training
14-6-2021 20:25:48,1623716748.983356,6,1.958930253982544,2.3131682872772217,Linear_Regression_Training
14-6-2021 20:25:53,1623716753.9883728,6,1.2819504737854004,1.5009247461954753,Linear_Regression_Training
14-6-2021 20:25:58,1623716758.9893901,6,1.2819504737854004,0.0,Linear_Regression_Training
14-6-2021 20:26:3,1623716763.9944339,6,1.5065271854400635,4.732028365135193,Linear_Regression_Training
14-6-2021 20:26:8,1623716768.999498,6,1.8090903759002686,1.798733154932658,Linear_Regression_Training
14-6-2021 20:26:14,1623716774.004508,6,1.4853236675262451,1.7794644037882488,Linear_Regression_Training
14-6-2021 20:26:19,1623716779.0095713,6,2.745983600616455,2.165165901184082,Linear_Regression_Training
14-6-2021 20:26:24,1623716784.0146258,6,1.7513494491577148,2.5862269401550293,Linear_Regression_Training
14-6-2021 20:26:29,1623716789.019671,6,1.7865991592407227,2.3738595247268677,Linear_Regression_Training
14-6-2021 20:26:34,1623716794.0236204,6,1.5674841403961182,2.017765442530314,Linear_Regression_Training
14-6-2021 20:26:39,1623716799.028048,6,1.5674841403961182,0.0,Linear_Regression_Training
14-6-2021 20:26:44,1623716804.0330937,6,1.6991288661956787,4.692418456077576,Linear_Regression_Training
14-6-2021 20:26:49,1623716809.0340595,6,2.5531585216522217,2.3342087268829346,Linear_Regression_Training
14-6-2021 20:26:54,1623716814.0390832,6,1.6551098823547363,1.9687801996866863,Linear_Regression_Training
14-6-2021 20:26:59,1623716819.0441542,6,1.133091926574707,1.4784294366836548,Linear_Regression_Training
14-6-2021 20:27:4,1623716824.049206,6,2.85408616065979,2.7538610696792603,Linear_Regression_Training
14-6-2021 20:27:9,1623716829.0543454,6,2.9209465980529785,2.708371639251709,Linear_Regression_Training
14-6-2021 20:27:14,1623716834.0546956,6,1.7089478969573975,1.7910531361897786,Linear_Regression_Training
14-6-2021 20:27:19,1623716839.059286,6,2.9676783084869385,2.421199917793274,Linear_Regression_Training
14-6-2021 20:27:24,1623716844.0643525,6,1.9537076950073242,1.7095578511555989,Linear_Regression_Training
14-6-2021 20:27:29,1623716849.0694091,6,1.8062031269073486,1.7361125151316326,Linear_Regression_Training
14-6-2021 20:27:34,1623716854.0744529,6,1.8739688396453857,1.9356211423873901,Linear_Regression_Training
14-6-2021 20:27:39,1623716859.0781481,6,2.3189046382904053,2.1576812267303467,Linear_Regression_Training
14-6-2021 20:27:44,1623716864.0832162,6,1.50038480758667,1.9515494108200073,Linear_Regression_Training
14-6-2021 20:27:49,1623716869.0881698,6,1.0434846878051758,2.096329689025879,Linear_Regression_Training
14-6-2021 20:27:54,1623716874.0932393,6,1.3256497383117676,1.692020336786906,Linear_Regression_Training
14-6-2021 20:27:59,1623716879.0982256,7,1.2951006889343262,1.490089972813924,Linear_Regression_Training
14-6-2021 20:28:4,1623716884.1032646,7,2.317261219024658,2.363155484199524,Linear_Regression_Training
14-6-2021 20:28:9,1623716889.1082335,7,2.7534940242767334,2.1913596391677856,Linear_Regression_Training
14-6-2021 20:28:14,1623716894.1132662,7,2.367199659347534,2.7975807189941406,Linear_Regression_Training
14-6-2021 20:28:19,1623716899.1185646,7,1.383718490600586,1.7175852457682292,Linear_Regression_Training
14-6-2021 20:28:24,1623716904.1238663,7,1.6088001728057861,1.9783516724904378,Linear_Regression_Training
14-6-2021 20:28:29,1623716909.1289225,7,2.6883835792541504,2.47219455242157,Linear_Regression_Training
14-6-2021 20:28:34,1623716914.135434,7,1.252429485321045,1.6711436907450359,Linear_Regression_Training
14-6-2021 20:28:39,1623716919.140452,7,2.3178751468658447,2.158114433288574,Linear_Regression_Training
14-6-2021 20:28:44,1623716924.1455083,7,1.3677594661712646,1.6633843580881755,Linear_Regression_Training
14-6-2021 20:28:49,1623716929.1505318,7,1.1456594467163086,1.8304189840952556,Linear_Regression_Training
14-6-2021 20:28:54,1623716934.155615,7,1.9928040504455566,1.907662272453308,Linear_Regression_Training
14-6-2021 20:28:59,1623716939.160665,7,1.4688482284545898,1.8533171812693279,Linear_Regression_Training
14-6-2021 20:29:4,1623716944.1657195,7,1.5815587043762207,1.4819525480270386,Linear_Regression_Training
14-6-2021 20:29:9,1623716949.1707969,7,1.5343270301818848,1.6570245027542114,Linear_Regression_Training
14-6-2021 20:29:14,1623716954.1758025,7,1.7356574535369873,1.692461093266805,Linear_Regression_Training
14-6-2021 20:29:19,1623716959.178226,7,1.6109986305236816,1.8222427368164062,Linear_Regression_Training
14-6-2021 20:29:24,1623716964.1811683,7,1.0536036491394043,1.5990183353424072,Linear_Regression_Training
14-6-2021 20:29:29,1623716969.1862702,7,1.4984588623046875,1.7577939828236897,Linear_Regression_Training
14-6-2021 20:29:34,1623716974.1912835,7,1.4007987976074219,1.5694228808085124,Linear_Regression_Training
14-6-2021 20:29:39,1623716979.1963634,7,2.019659996032715,1.8180827299753826,Linear_Regression_Training
14-6-2021 20:29:44,1623716984.1982188,7,1.832465648651123,2.099983811378479,Linear_Regression_Training
14-6-2021 20:29:49,1623716989.2032394,7,2.5113601684570312,2.203423102696737,Linear_Regression_Training
14-6-2021 20:29:54,1623716994.2072742,7,1.5353188514709473,1.9916810989379883,Linear_Regression_Training
14-6-2021 20:29:59,1623716999.2088902,7,1.348949909210205,1.536843478679657,Linear_Regression_Training
14-6-2021 20:30:4,1623717004.2139075,7,1.8631880283355713,1.5821690559387207,Linear_Regression_Training
14-6-2021 20:30:9,1623717009.2182384,7,2.368478775024414,1.9468055963516235,Linear_Regression_Training
14-6-2021 20:30:14,1623717014.2232983,7,1.5579009056091309,1.8711255391438801,Linear_Regression_Training
14-6-2021 20:30:19,1623717019.22816,7,1.7258472442626953,1.7735899289449055,Linear_Regression_Training
14-6-2021 20:30:24,1623717024.2331812,7,1.667405605316162,1.6501485506693523,Linear_Regression_Training
14-6-2021 20:30:29,1623717029.2381732,7,1.3109326362609863,1.6685951550801594,Linear_Regression_Training
14-6-2021 20:30:34,1623717034.2431903,7,1.6675338745117188,1.6602168083190918,Linear_Regression_Training
14-6-2021 20:30:39,1623717039.2481582,7,2.9456472396850586,2.4296658039093018,Linear_Regression_Training
14-6-2021 20:30:44,1623717044.2532167,7,1.847668170928955,2.1097264289855957,Linear_Regression_Training
14-6-2021 20:30:49,1623717049.2582495,7,1.7285985946655273,2.3007614612579346,Linear_Regression_Training
14-6-2021 20:30:54,1623717054.2637658,7,1.4411544799804688,1.706884741783142,Linear_Regression_Training
14-6-2021 20:30:59,1623717059.2682092,7,1.5678720474243164,1.7097103595733643,Linear_Regression_Training
14-6-2021 20:31:4,1623717064.2732704,8,2.9368951320648193,2.5227221250534058,Linear_Regression_Training
14-6-2021 20:31:9,1623717069.279235,8,1.6117439270019531,2.1775654951731362,Linear_Regression_Training
14-6-2021 20:31:14,1623717074.2842872,8,1.3905835151672363,1.784844160079956,Linear_Regression_Training
14-6-2021 20:31:19,1623717079.2899802,8,1.6418187618255615,1.60615736246109,Linear_Regression_Training
14-6-2021 20:31:24,1623717084.2950163,8,1.6635847091674805,1.7968904972076416,Linear_Regression_Training
14-6-2021 20:31:29,1623717089.3000352,8,2.0005807876586914,2.528365969657898,Linear_Regression_Training
14-6-2021 20:31:34,1623717094.3052309,8,1.8745265007019043,1.8185726006825764,Linear_Regression_Training
14-6-2021 20:31:39,1623717099.3069987,8,1.7921419143676758,1.8477425575256348,Linear_Regression_Training
14-6-2021 20:31:44,1623717104.3081753,8,2.6351656913757324,2.5080182552337646,Linear_Regression_Training
14-6-2021 20:31:49,1623717109.3132336,8,2.0884487628936768,2.19387423992157,Linear_Regression_Training
14-6-2021 20:31:54,1623717114.3183346,8,1.5345232486724854,1.946547269821167,Linear_Regression_Training
14-6-2021 20:31:59,1623717119.3263505,8,2.4248573780059814,2.6086316108703613,Linear_Regression_Training
14-6-2021 20:32:4,1623717124.3281646,8,1.5192971229553223,1.5685033003489177,Linear_Regression_Training
14-6-2021 20:32:9,1623717129.334569,8,1.4897477626800537,1.7585326035817463,Linear_Regression_Training
14-6-2021 20:32:14,1623717134.3396335,8,2.4514167308807373,2.4514167308807373,Linear_Regression_Training
14-6-2021 20:32:19,1623717139.344673,8,1.7136080265045166,2.027608791987101,Linear_Regression_Training
14-6-2021 20:32:24,1623717144.3482451,8,1.3492884635925293,1.7651047706604004,Linear_Regression_Training
14-6-2021 20:32:29,1623717149.3505986,8,1.6229393482208252,1.4520716667175293,Linear_Regression_Training
14-6-2021 20:32:34,1623717154.3556557,8,1.77903413772583,1.4991386731465657,Linear_Regression_Training
14-6-2021 20:32:39,1623717159.358197,8,1.9797019958496094,1.7279413938522339,Linear_Regression_Training
14-6-2021 20:32:44,1623717164.3583326,8,2.7656614780426025,2.8850886821746826,Linear_Regression_Training
14-6-2021 20:32:49,1623717169.3633893,8,2.604666233062744,2.8835811614990234,Linear_Regression_Training
14-6-2021 20:32:54,1623717174.36843,8,1.8893702030181885,2.3459304571151733,Linear_Regression_Training
14-6-2021 20:32:59,1623717179.371344,8,3.3229081630706787,2.5197393894195557,Linear_Regression_Training
14-6-2021 20:33:4,1623717184.3778713,8,2.7956745624542236,2.3793673515319824,Linear_Regression_Training
14-6-2021 20:33:9,1623717189.38289,8,1.8104197978973389,1.8088760375976562,Linear_Regression_Training
14-6-2021 20:33:14,1623717194.3879592,8,1.6013164520263672,1.5791462262471516,Linear_Regression_Training
14-6-2021 20:33:19,1623717199.388203,8,1.688223123550415,1.720852295557658,Linear_Regression_Training
14-6-2021 20:33:24,1623717204.3894238,8,1.893043041229248,1.7383112112681072,Linear_Regression_Training
14-6-2021 20:33:29,1623717209.3944392,8,1.4286386966705322,1.4761428038279216,Linear_Regression_Training
14-6-2021 20:33:34,1623717214.3982184,8,2.2700955867767334,2.4136905670166016,Linear_Regression_Training
14-6-2021 20:33:39,1623717219.4032671,8,3.2844367027282715,2.9123259782791138,Linear_Regression_Training
14-6-2021 20:33:44,1623717224.4083328,8,1.4845187664031982,2.048020839691162,Linear_Regression_Training
14-6-2021 20:33:49,1623717229.4134169,8,2.435767889022827,2.810462474822998,Linear_Regression_Training
14-6-2021 20:33:54,1623717234.4184492,8,2.0516083240509033,1.7872901757558186,Linear_Regression_Training
14-6-2021 20:33:59,1623717239.423491,8,1.6287195682525635,1.508793592453003,Linear_Regression_Training
14-6-2021 20:34:4,1623717244.4281604,8,1.5087690353393555,1.4930371046066284,Linear_Regression_Training
14-6-2021 20:34:9,1623717249.4294136,8,2.049694538116455,1.6439752578735352,Linear_Regression_Training
14-6-2021 20:34:14,1623717254.4344819,8,1.8668935298919678,1.4688024520874023,Linear_Regression_Training
14-6-2021 20:34:19,1623717259.4406798,9,1.6064505577087402,1.504043181737264,Linear_Regression_Training
14-6-2021 20:34:24,1623717264.445747,9,2.170565128326416,1.8873436450958252,Linear_Regression_Training
14-6-2021 20:34:29,1623717269.4481623,9,2.3870012760162354,2.7582552433013916,Linear_Regression_Training
14-6-2021 20:34:34,1623717274.4496272,9,1.6683745384216309,2.3633660078048706,Linear_Regression_Training
14-6-2021 20:34:39,1623717279.4507172,9,2.027825355529785,2.1664785146713257,Linear_Regression_Training
14-6-2021 20:34:44,1623717284.4510574,9,2.1134719848632812,2.1499340534210205,Linear_Regression_Training
14-6-2021 20:34:49,1623717289.4560595,9,1.626284122467041,2.1146504878997803,Linear_Regression_Training
14-6-2021 20:34:54,1623717294.468292,9,2.200590133666992,2.066080927848816,Linear_Regression_Training
14-6-2021 20:34:59,1623717299.4733524,9,1.606870174407959,1.7619054317474365,Linear_Regression_Training
14-6-2021 20:35:4,1623717304.4781907,9,1.5224056243896484,1.8204363981882732,Linear_Regression_Training
14-6-2021 20:35:9,1623717309.4832408,9,2.5229408740997314,2.363302230834961,Linear_Regression_Training
14-6-2021 20:35:14,1623717314.48816,9,2.0163395404815674,1.8607312043507893,Linear_Regression_Training
14-6-2021 20:35:19,1623717319.4932208,9,1.6664865016937256,2.023675322532654,Linear_Regression_Training
14-6-2021 20:35:24,1623717324.4982655,9,1.3925881385803223,1.6142807801564534,Linear_Regression_Training
14-6-2021 20:35:29,1623717329.498469,9,2.632906198501587,2.4101662635803223,Linear_Regression_Training
14-6-2021 20:35:34,1623717334.5035667,9,2.0208489894866943,2.0042253335316977,Linear_Regression_Training
14-6-2021 20:35:39,1623717339.508561,9,3.462474822998047,2.8232390880584717,Linear_Regression_Training
14-6-2021 20:35:44,1623717344.5193353,9,1.6839871406555176,1.7677955627441406,Linear_Regression_Training
14-6-2021 20:35:49,1623717349.5216715,9,2.980344533920288,2.29879367351532,Linear_Regression_Training
14-6-2021 20:35:54,1623717354.5245163,9,2.7935266494750977,2.1966021060943604,Linear_Regression_Training
14-6-2021 20:35:59,1623717359.5295703,9,1.784130573272705,2.118349313735962,Linear_Regression_Training
14-6-2021 20:36:4,1623717364.5366445,9,1.6330485343933105,1.5294277667999268,Linear_Regression_Training
14-6-2021 20:36:9,1623717369.5416684,9,1.3991422653198242,1.4289688269297283,Linear_Regression_Training
14-6-2021 20:36:14,1623717374.5467427,9,2.428504467010498,1.907698154449463,Linear_Regression_Training
14-6-2021 20:36:19,1623717379.5481727,9,1.8399274349212646,2.0765177408854165,Linear_Regression_Training
14-6-2021 20:36:24,1623717384.5531952,9,1.7681481838226318,1.7044532299041748,Linear_Regression_Training
14-6-2021 20:36:29,1623717389.5582104,9,2.581299066543579,2.627787470817566,Linear_Regression_Training
14-6-2021 20:36:34,1623717394.5632436,9,1.8789401054382324,1.752749760945638,Linear_Regression_Training
14-6-2021 20:36:39,1623717399.5681689,9,2.0904622077941895,2.2132809162139893,Linear_Regression_Training
14-6-2021 20:36:44,1623717404.5732028,9,1.8138177394866943,1.8531825542449951,Linear_Regression_Training
14-6-2021 20:36:49,1623717409.5781724,9,1.6899373531341553,2.2359330654144287,Linear_Regression_Training
14-6-2021 20:36:54,1623717414.5832374,9,2.011601686477661,1.8118499517440796,Linear_Regression_Training
14-6-2021 20:36:59,1623717419.5882509,9,1.8311705589294434,2.2881420453389487,Linear_Regression_Training
14-6-2021 20:37:4,1623717424.5932999,9,1.8472943305969238,1.8877058029174805,Linear_Regression_Training
14-6-2021 20:37:9,1623717429.5982509,9,1.568725347518921,1.8852356274922688,Linear_Regression_Training
14-6-2021 20:37:14,1623717434.6032681,9,1.969618558883667,2.5811522006988525,Linear_Regression_Training
14-6-2021 20:37:19,1623717439.6081703,9,1.693504810333252,1.7191109657287598,Linear_Regression_Training
14-6-2021 20:37:24,1623717444.6132605,9,1.7365832328796387,2.248407483100891,Linear_Regression_Training
14-6-2021 20:37:29,1623717449.6181679,9,2.9313056468963623,2.681527256965637,Linear_Regression_Training
14-6-2021 20:37:34,1623717454.6232152,9,2.456908941268921,2.414182662963867,Linear_Regression_Training
14-6-2021 20:37:39,1623717459.6281586,10,2.150843858718872,1.841034173965454,Linear_Regression_Training
14-6-2021 20:37:44,1623717464.6331813,10,1.480422019958496,1.566186507542928,Linear_Regression_Training
14-6-2021 20:37:49,1623717469.638544,10,2.062225580215454,2.2436658143997192,Linear_Regression_Training
14-6-2021 20:37:54,1623717474.6435585,10,1.4904181957244873,1.485324203968048,Linear_Regression_Training
14-6-2021 20:37:59,1623717479.6481571,10,1.4559788703918457,1.5978724161783855,Linear_Regression_Training
14-6-2021 20:38:4,1623717484.6532269,10,1.5152544975280762,1.6627860069274902,Linear_Regression_Training
14-6-2021 20:38:9,1623717489.658155,10,1.2263062000274658,1.558969259262085,Linear_Regression_Training
14-6-2021 20:38:14,1623717494.6632469,10,3.0281152725219727,2.2348129749298096,Linear_Regression_Training
14-6-2021 20:38:19,1623717499.6682189,10,1.4533560276031494,1.5532465775807698,Linear_Regression_Training
14-6-2021 20:38:24,1623717504.669877,10,3.0211431980133057,2.4582738876342773,Linear_Regression_Training
14-6-2021 20:38:29,1623717509.6759882,10,1.5682587623596191,2.217731316884359,Linear_Regression_Training
14-6-2021 20:38:34,1623717514.67818,10,1.567035436630249,1.6130518913269043,Linear_Regression_Training
14-6-2021 20:38:39,1623717519.6833267,10,2.675396680831909,2.675396680831909,Linear_Regression_Training
14-6-2021 20:38:44,1623717524.6882105,10,1.2632851600646973,2.178783734639486,Linear_Regression_Training
14-6-2021 20:38:49,1623717529.6933265,10,2.630861282348633,2.3087838888168335,Linear_Regression_Training
14-6-2021 20:38:54,1623717534.6981792,10,1.5879180431365967,1.4663451313972473,Linear_Regression_Training
14-6-2021 20:38:59,1623717539.7032022,10,1.4280447959899902,1.6893779436747234,Linear_Regression_Training
14-6-2021 20:39:4,1623717544.708208,10,1.3718006610870361,1.620357354482015,Linear_Regression_Training
14-6-2021 20:39:9,1623717549.7134259,10,1.8832736015319824,2.408000946044922,Linear_Regression_Training
14-6-2021 20:39:14,1623717554.718236,10,2.5618443489074707,1.9824244976043701,Linear_Regression_Training
14-6-2021 20:39:19,1623717559.723303,10,1.6004700660705566,1.7432317733764648,Linear_Regression_Training
14-6-2021 20:39:24,1623717564.728243,10,1.1831820011138916,1.9907422065734863,Linear_Regression_Training
14-6-2021 20:39:29,1623717569.7332902,10,1.7481999397277832,1.961983561515808,Linear_Regression_Training
14-6-2021 20:39:34,1623717574.7383153,10,2.083014726638794,2.4009437561035156,Linear_Regression_Training
14-6-2021 20:39:39,1623717579.7434866,10,2.2287871837615967,2.018097003300985,Linear_Regression_Training
14-6-2021 20:39:44,1623717584.7485359,10,2.292773723602295,2.2119710445404053,Linear_Regression_Training
14-6-2021 20:39:49,1623717589.74951,10,2.123631715774536,2.1367281675338745,Linear_Regression_Training
14-6-2021 20:39:54,1623717594.7545192,10,1.9180848598480225,2.214032252629598,Linear_Regression_Training
14-6-2021 20:39:59,1623717599.7595963,10,1.3293321132659912,1.408625602722168,Linear_Regression_Training
14-6-2021 20:40:4,1623717604.7647398,10,1.7678554058074951,1.6989374955495198,Linear_Regression_Training
14-6-2021 20:40:9,1623717609.768164,10,1.8946049213409424,1.9781189759572346,Linear_Regression_Training
14-6-2021 20:40:14,1623717614.7733357,10,2.030139684677124,1.9567469358444214,Linear_Regression_Training
14-6-2021 20:40:19,1623717619.7783532,10,1.5010762214660645,1.8613285223642986,Linear_Regression_Training
14-6-2021 20:40:24,1623717624.7833738,10,1.683950424194336,1.8282798131306965,Linear_Regression_Training
14-6-2021 20:40:29,1623717629.787826,10,1.5594074726104736,1.5233981609344482,Linear_Regression_Training
14-6-2021 20:40:34,1623717634.7929273,10,1.771420955657959,1.6245619455973308,Linear_Regression_Training
14-6-2021 20:40:39,1623717639.7979507,10,2.376159191131592,1.9795773029327393,Linear_Regression_Training
14-6-2021 20:40:44,1623717644.7981942,10,1.9854230880737305,2.193281094233195,Linear_Regression_Training
