time_stamp,time,cpu_freq,cpu,cpu_user_time,cpu_system_time,cpu_idle_time,memory,net_sent,net_recv,net_upload_rate,net_download_rate,gpu,gpu_mem,memory_percent_ipykernel,io_counters_read_count_ipykernel,io_counters_write_count_ipykernel,io_counters_read_bytes_ipykernel,io_counters_write_bytes_ipykernel,io_counters_read_chars_ipykernel,io_counters_write_chars_ipykernel,cpu_times_user_ipykernel,cpu_times_system_ipykernel,cpu_times_children_user_ipykernel,cpu_times_children_system_ipykernel
29-5-2021 16:55:23,1622321723.9834917,1000.0,70.5,4531.16,1606.31,11627.61,20.7,100928604,121692678,0.0,0.0,0,0,6.269047604467117,13518,299,0,602112,43407780,547309,35.98,4.36,0.02,0.08
29-5-2021 16:55:31,1622321731.3831656,1000.0,46.2,4545.26,1608.4,11640.07,20.5,101158762,121990845,0.0003110380293849026,0.0004029461331242375,0,0,6.269047604467117,14525,302,0,602112,43483398,550249,38.7,4.6,0.02,0.08
29-5-2021 16:55:36,1622321736.388632,1000.0,85.6,4557.75,1610.12,11645.68,20.7,101443453,122439682,0.0005687601789120629,0.000896693651792131,0,0,6.2870107840315494,15532,305,0,602112,43558955,553189,44.59,4.9,0.02,0.08
29-5-2021 16:55:41,1622321741.3919284,1000.0,85.3,4571.75,1612.2,11648.87,20.9,102194131,122818443,0.0015003668455654722,0.0007570229136770011,0,0,6.2870107840315494,16544,308,0,602112,43634835,556129,47.34,5.26,0.02,0.08
29-5-2021 16:55:46,1622321746.3982239,1000.0,76.8,4585.41,1614.4,11652.41,20.9,102916323,123238069,0.0014425676796007226,0.0008381966362409619,0,0,6.278845702411353,17550,308,0,602112,43707801,556129,51.7,5.67,0.02,0.08
29-5-2021 16:55:51,1622321751.401309,1000.0,87.2,4600.41,1616.72,11654.89,20.9,104175921,123681872,0.00251764254586108,0.0008870586606050382,0,0,6.295482056212505,18568,311,0,602112,43784042,559069,55.81,6.04,0.02,0.08
29-5-2021 16:55:56,1622321756.4077835,1000.0,93.7,4614.25,1619.0,11658.24,21.4,104464217,123969358,0.0005758463371614477,0.0005742284321849625,0,0,6.278845702411353,19594,314,0,602112,43861588,562009,58.84,6.33,0.02,0.08
29-5-2021 16:56:1,1622321761.420274,1000.0,78.6,4626.73,1621.6,11662.57,21.3,104838983,124352230,0.0007476642582804178,0.0007638358599668596,0,0,6.282724116180946,20620,317,0,602112,43939089,564949,63.19,6.66,0.02,0.08
29-5-2021 16:56:6,1622321766.4276361,1000.0,74.8,4637.85,1625.23,11667.3,21.1,105132965,124792952,0.0005870995396897278,0.0008801480476054188,0,0,6.288031419234075,21640,317,0,602112,44013640,564949,67.65,6.98,0.02,0.08
29-5-2021 16:56:11,1622321771.4350684,1000.0,52.9,4647.23,1628.25,11674.64,21.2,105345852,125003354,0.00042514204994949933,0.00042017942661353,0,0,6.296400627894777,22660,317,0,602112,44088217,564949,68.47,7.18,0.02,0.08
29-5-2021 16:56:16,1622321776.4401753,1000.0,73.1,4658.47,1631.9,11680.38,21.0,105491659,125355688,0.0002913164536877636,0.0007039489969180115,0,0,6.302218248549167,23686,320,0,602112,44165710,567889,73.99,7.63,0.02,0.08
29-5-2021 16:56:21,1622321781.4405525,1000.0,99.3,4670.62,1637.33,11683.3,21.3,105733981,125601644,0.0004846074433281257,0.0004918748951032613,0,0,6.492464650299761,24709,321,0,602112,44241366,568991,78.04,9.86,0.02,0.08
29-5-2021 16:56:26,1622321786.4449933,1000.0,89.3,4683.24,1643.39,11684.72,21.3,106014642,125782039,0.000560823900388306,0.0003604698462221273,0,0,6.397341449424464,25733,323,0,602112,44318146,571195,84.55,12.33,0.02,0.08
29-5-2021 16:56:31,1622321791.4482048,1000.0,98.2,4696.6,1649.25,11685.59,21.3,106260806,125995142,0.0004920119808758546,0.0004259324237524059,0,0,6.511244338026214,26757,325,0,602112,44394935,573399,90.52,14.99,0.02,0.08
29-5-2021 16:56:36,1622321796.4544406,1000.0,97.5,4709.49,1655.41,11686.72,21.3,106570161,126180553,0.0006179393261015803,0.0003703600988890437,0,0,6.492158459739003,27781,327,0,602112,44471716,575603,97.48,18.03,0.02,0.08
29-5-2021 16:56:41,1622321801.455537,1000.0,88.7,4721.85,1661.43,11688.4,21.4,106931681,126371663,0.0007228814739657036,0.00038213619852175707,0,0,6.4729705179315395,28807,330,0,602112,44549609,578909,103.62,20.29,0.02,0.08
29-5-2021 16:56:46,1622321806.4630764,1000.0,98.3,4734.57,1667.76,11689.51,21.1,107283595,126546716,0.0007027683276416453,0.0003495788859171642,0,0,6.505120526811066,29831,332,0,602112,44626399,581113,110.11,23.3,0.02,0.08
29-5-2021 16:56:51,1622321811.4677992,1000.0,97.5,4747.69,1673.82,11690.42,21.2,107666001,126734965,0.0007640902657587807,0.000376142708113431,0,0,6.553600698930986,30851,335,0,602112,44703996,584419,116.68,25.59,0.02,0.08
29-5-2021 16:56:56,1622321816.4720592,1000.0,74.2,4759.37,1680.21,11692.72,21.2,107870726,126890370,0.0004091014404040747,0.00031054541138598226,0,0,6.404281768801631,31869,337,0,602112,44780479,586621,122.49,28.76,0.02,0.08
29-5-2021 16:57:1,1622321821.4732268,1000.0,97.3,4771.49,1686.82,11694.34,21.2,108209293,127068912,0.0006769759212776901,0.0003570006377962452,0,0,6.495934809988345,32887,339,0,602112,44856966,588825,128.83,32.1,0.02,0.08
29-5-2021 16:57:6,1622321826.4798765,1000.0,99.8,4784.13,1693.26,11695.31,21.2,108533584,127241756,0.000647720566288264,0.0003452288640743305,0,0,6.509101004100912,33915,343,0,602112,44935993,593233,134.48,35.05,0.02,0.08
29-5-2021 16:57:11,1622321831.4866123,1000.0,95.6,4796.57,1699.73,11696.48,21.2,108912890,127430529,0.0007575914029085649,0.0003770380692666568,0,0,6.497465762792132,34939,345,0,602112,45012795,595435,141.0,38.02,0.02,0.08
29-5-2021 16:57:16,1622321836.493161,1000.0,89.9,4809.19,1705.9,11697.81,21.3,109241924,127616196,0.0006572072368709977,0.0003708482893808163,0,0,6.408262246091477,35965,348,0,602112,45090701,598741,147.52,41.07,0.02,0.08
29-5-2021 16:57:21,1622321841.513097,1000.0,98.5,4822.21,1712.29,11698.52,21.2,109457505,127791125,0.0004294496909134483,0.00034846858017078777,0,0,6.503691637527531,36991,351,0,602112,45168611,602047,154.21,43.99,0.02,0.08
29-5-2021 16:57:26,1622321846.5331388,1000.0,96.5,4835.36,1718.34,11699.4,21.3,109761383,127969230,0.0006053296325150087,0.0003547878892156906,0,0,6.506549416094601,38015,353,0,602112,45245423,604251,160.85,47.32,0.02,0.08
29-5-2021 16:57:31,1622321851.5401652,1000.0,99.8,4847.63,1725.24,11700.32,21.3,110073911,128144077,0.0006241788497085686,0.00034920326925905545,0,0,6.477359249302396,39041,356,0,602112,45323372,607557,167.6,50.64,0.02,0.08
29-5-2021 16:57:36,1622321856.543104,1000.0,92.4,4859.93,1732.02,11701.26,21.2,110388707,128317615,0.0006292221749930875,0.00034687212608784873,0,0,6.502262748243997,40065,358,0,602112,45400194,609761,173.46,54.38,0.02,0.08
29-5-2021 16:57:41,1622321861.5462372,1000.0,88.3,4872.07,1738.48,11702.41,21.3,110717675,128495602,0.0006575239564363724,0.0003557510652532788,0,0,6.392442400452346,41091,361,0,602112,45478130,613065,179.94,56.99,0.02,0.08
29-5-2021 16:57:46,1622321866.5474045,1000.0,98.3,4885.02,1744.61,11703.27,21.4,111141487,128675577,0.000847426160335493,0.0003598659858767103,0,0,6.508182432418639,42117,364,0,602112,45556078,616371,186.11,60.2,0.02,0.08
29-5-2021 16:57:51,1622321871.55068,1000.0,95.6,4898.1,1750.49,11704.27,21.2,111448164,128853891,0.0006129524677790475,0.0003563945334653498,0,0,6.4895048082124385,43141,366,0,602112,45632921,618575,192.52,63.65,0.02,0.08
29-5-2021 16:57:56,1622321876.5622215,1000.0,90.7,4910.08,1755.86,11706.51,21.2,111671242,129017378,0.00044512850053489715,0.00032622097726781095,0,0,6.493077031421275,44165,368,0,602112,45709765,620779,197.66,66.79,0.02,0.08
29-5-2021 16:58:1,1622321881.5749576,1000.0,95.9,4922.16,1761.67,11708.48,21.3,111925008,129191931,0.0005062424908172147,0.00034821901081948445,0,0,6.503793701047784,45189,370,0,602112,45786626,622983,202.76,69.58,0.02,0.08
29-5-2021 16:58:6,1622321886.5903795,1000.0,86.7,4935.25,1767.23,11709.66,21.3,112298413,129363760,0.000744513641871889,0.0003426012896699424,0,0,6.4541908302050865,46213,372,0,602112,45863471,625187,209.82,72.93,0.02,0.08
29-5-2021 16:58:11,1622321891.5992675,1000.0,89.7,4948.88,1772.89,11710.52,21.3,112776113,129618481,0.0009537046933525329,0.0005085380221801351,0,0,6.492770840860517,47241,376,0,602112,45942484,629597,215.69,76.42,0.02,0.08
29-5-2021 16:58:16,1622321896.6032095,1000.0,93.9,4961.87,1778.69,11711.4,21.3,113188646,129803635,0.0008244160282949529,0.0003700162782199817,0,0,6.464601309270838,48265,378,0,602112,46019328,631803,222.13,79.5,0.02,0.08
29-5-2021 16:58:21,1622321901.6041348,1000.0,99.8,4975.08,1784.53,11712.36,21.3,113621847,129989319,0.0008662416928782434,0.00037129928716785916,0,0,6.530738470394434,49291,381,0,602112,46097263,635110,227.98,82.66,0.02,0.08
29-5-2021 16:58:26,1622321906.6042516,1000.0,96.5,4988.63,1789.5,11713.4,21.3,113948451,130167353,0.0006531927381381184,0.0003560596806581725,0,0,6.515326878836312,50315,383,0,602112,46174078,637316,234.28,85.78,0.02,0.08
29-5-2021 16:58:31,1622321911.6076415,1000.0,94.2,5002.48,1794.81,11714.26,21.2,114229973,130345258,0.0005626625333300168,0.0003555689359697524,0,0,6.475522105937852,51339,385,0,602112,46250888,639522,241.16,88.91,0.02,0.08
29-5-2021 16:58:36,1622321916.6108253,1000.0,88.7,5014.98,1800.79,11715.42,21.4,114552286,130532598,0.0006442157837840723,0.0003744415674642602,0,0,6.4807273454707275,52365,388,0,602112,46328802,642831,246.86,92.23,0.02,0.08
29-5-2021 16:58:41,1622321921.615674,1000.0,99.0,5028.33,1806.57,11716.15,21.4,114848255,130708377,0.0005913645279576743,0.00035121740912011736,0,0,6.477563376342902,53391,391,0,602112,46406712,646140,253.73,95.51,0.02,0.08
29-5-2021 16:58:46,1622321926.6167395,1000.0,94.5,5041.67,1811.86,11717.14,21.2,115208319,130884802,0.0007199745744794203,0.00035277482420495166,0,0,6.524308468618529,54410,393,0,602112,46483201,648346,259.63,98.85,0.02,0.08
29-5-2021 16:58:51,1622321931.6200716,1000.0,92.3,5054.53,1817.55,11718.24,21.4,115566103,131064132,0.0007150914433168508,0.0003584211382566321,0,0,6.416733518272431,55426,396,0,602112,46560526,651655,266.04,101.79,0.02,0.08
29-5-2021 16:58:56,1622321936.6247792,1000.0,79.6,5067.3,1822.63,11720.23,21.2,115894951,131229535,0.0006570773518375381,0.00033049483416649735,0,0,6.441228763133024,56440,398,0,602112,46636731,653861,271.55,104.76,0.02,0.08
29-5-2021 16:59:1,1622321941.6281903,1000.0,99.8,5079.62,1828.64,11721.67,21.3,116123424,131401660,0.0004566344789709741,0.00034401530899878287,0,0,6.414692247867383,57456,401,0,602112,46714000,657170,277.67,108.09,0.02,0.08
29-5-2021 16:59:6,1622321946.6312945,1000.0,97.0,5092.55,1834.56,11722.57,21.4,116432927,131584397,0.0006186219335339255,0.0003652472391808446,0,0,6.503793701047784,58472,404,0,602112,46791284,660477,283.18,111.81,0.02,0.08
29-5-2021 16:59:11,1622321951.6626112,1000.0,89.9,5105.93,1839.71,11723.93,21.2,116781073,131767545,0.000691958023715445,0.0003640160396139445,0,0,6.523185769895752,59486,406,0,602112,46867501,662681,289.98,115.02,0.02,0.08
29-5-2021 16:59:16,1622321956.6535091,1000.0,95.7,5118.58,1845.67,11724.93,21.3,117089057,131955938,0.0006170913662170443,0.0003774731601502923,0,0,6.510836083945204,60504,410,0,602112,46945917,667093,296.16,118.29,0.02,0.08
29-5-2021 16:59:21,1622321961.659551,1000.0,99.0,5131.69,1851.64,11725.92,21.3,117467825,132133026,0.0007566217338258323,0.00035374854686707693,0,0,6.508080368898388,61520,413,0,602112,47023222,670400,301.68,121.06,0.02,0.08
29-5-2021 16:59:26,1622321966.6708112,1000.0,88.3,5144.38,1857.19,11727.32,21.2,117729029,132302323,0.0005212341524302897,0.00033783318136012755,0,0,6.482564488835271,62534,415,0,602112,47099423,672606,308.29,124.2,0.02,0.08
29-5-2021 16:59:31,1622321971.6731868,1000.0,99.0,5157.86,1862.85,11727.99,21.3,118047859,132477094,0.0006373571785103475,0.0003493760042826332,0,0,6.5239002145375204,63550,418,0,602112,47176730,675915,314.94,127.42,0.02,0.08
29-5-2021 16:59:36,1622321976.6764052,1000.0,88.5,5171.21,1867.99,11729.25,21.3,118369399,132658418,0.0006426663269449506,0.0003624147199942969,0,0,6.4171417723534425,64564,420,0,602112,47252931,678121,321.37,130.09,0.02,0.08
29-5-2021 16:59:41,1622321981.6786954,1000.0,98.8,5184.1,1873.98,11730.41,21.3,118671393,132830341,0.0006037114700974581,0.0003436885735265114,0,0,6.5376787897716016,65580,423,0,602112,47330241,681430,327.11,133.35,0.02,0.08
29-5-2021 16:59:46,1622321986.6819735,1000.0,96.8,5197.88,1879.12,11731.19,21.3,119060055,133019915,0.0007768147176231098,0.00037889959213579773,0,0,6.549824348681646,66596,426,0,602112,47407518,684739,334.34,136.51,0.02,0.08
29-5-2021 16:59:51,1622321991.6842337,1000.0,88.0,5211.23,1884.65,11732.17,21.2,119411889,133198995,0.0007033500564968305,0.0003579981699251704,0,0,6.530330216313425,67610,428,0,602112,47483728,686945,340.63,139.71,0.02,0.08
29-5-2021 16:59:56,1622321996.6852052,1000.0,97.5,5223.39,1890.28,11734.03,21.3,119636539,133367884,0.0004492127129647574,0.00033771237872203387,0,0,6.524206405098278,68624,430,0,602112,47559940,689151,346.01,142.71,0.02,0.08
29-5-2021 17:0:1,1622322001.6901102,1000.0,88.6,5235.66,1895.7,11736.03,21.3,119923343,133544365,0.0005730458436974341,0.0003526160846486341,0,0,6.396422877742191,69640,433,0,602112,47637235,692460,351.93,145.39,0.02,0.08
29-5-2021 17:0:6,1622322006.693199,1000.0,99.3,5248.74,1901.42,11737.16,21.2,120229975,133715687,0.0006128853946205468,0.0003424324648998843,0,0,6.49991528727819,70654,435,0,602112,47713449,694666,357.76,148.7,0.02,0.08
29-5-2021 17:0:11,1622322011.6996377,1000.0,93.6,5262.33,1906.63,11738.2,21.4,120640147,133984365,0.00081928896356249,0.0005366649116761814,0,0,6.529513708151405,71668,437,0,602112,47789655,696872,364.41,151.86,0.02,0.08
29-5-2021 17:0:16,1622322016.7033606,1000.0,98.5,5275.75,1912.16,11739.1,21.2,121007472,134172408,0.0007341034003926692,0.00037580618177373903,0,0,6.535943709927311,72686,441,0,602112,47868085,701284,371.12,154.87,0.02,0.08
29-5-2021 17:0:21,1622322021.7262478,1000.0,97.5,5288.88,1918.26,11739.8,21.3,121396109,134358966,0.000773732282271911,0.0003714158639452321,0,0,6.44357622409883,73700,443,0,602112,47944282,703488,377.01,158.13,0.02,0.08
29-5-2021 17:0:26,1622322026.736016,1000.0,99.3,5301.84,1924.34,11740.71,21.3,121754994,134531413,0.0007163704631878248,0.000344221511808381,0,0,6.510836083945204,74710,446,0,602112,48021246,706797,383.51,162.35,0.02,0.08
29-5-2021 17:0:31,1622322031.7435288,1000.0,89.2,5314.95,1929.84,11741.82,21.4,122146823,134716392,0.0007824822722091873,0.00036940294932479034,0,0,6.523594023976763,75718,448,0,602112,48097164,709003,389.7,165.04,0.02,0.08
29-5-2021 17:0:36,1622322036.7465904,1000.0,91.7,5328.04,1935.71,11742.63,21.5,122424104,134896943,0.0005542226458189506,0.00036088103016527405,0,0,6.547783078276597,76734,451,0,602112,48174468,712312,395.76,167.79,0.02,0.08
29-5-2021 17:0:41,1622322041.7515028,1000.0,96.5,5341.41,1941.14,11743.7,21.3,122688998,135070694,0.0005292680072659632,0.0003471609229747309,0,0,6.531963232637464,77743,453,0,602112,48250393,714518,403.33,171.22,0.02,0.08
29-5-2021 17:0:46,1622322046.7537692,1000.0,88.8,5353.89,1947.35,11745.03,21.4,123006805,135253550,0.0006353260185312196,0.00036554630465831367,0,0,6.4342884437558565,78759,456,0,602112,48327716,717827,409.13,174.2,0.02,0.08
29-5-2021 17:0:51,1622322051.7780454,1000.0,99.8,5366.64,1953.93,11745.67,21.3,123354218,135437624,0.0006914687454661914,0.00036636918553117963,0,0,6.494301793664305,79763,459,0,602112,48404378,721136,414.89,178.2,0.02,0.08
29-5-2021 17:0:56,1622322056.7933462,1000.0,78.1,5378.8,1959.66,11747.42,21.3,123568976,135603628,0.0004282056264893731,0.0003309951052800915,0,0,6.499200842636423,80765,461,0,602112,48479919,723342,419.73,181.15,0.02,0.08
29-5-2021 17:1:1,1622322061.798766,1000.0,98.7,5391.77,1965.04,11748.81,21.3,123839394,135773053,0.0005402503976193102,0.00033848310251777486,0,0,6.527064183665346,81767,463,0,602112,48555518,725548,426.8,184.92,0.02,0.08
29-5-2021 17:1:6,1622322066.8019893,1000.0,94.5,5404.46,1970.74,11750.29,21.4,124168512,135955636,0.0006578119192872637,0.0003649307350531617,0,0,6.49287290438077,82777,466,0,602112,48632527,728857,433.04,187.39,0.02,0.08
29-5-2021 17:1:11,1622322071.8048415,1000.0,91.3,5417.35,1976.24,11751.64,21.2,124516627,136129117,0.0006958330687808121,0.00034676419173308834,0,0,6.543598473946245,83787,469,0,602112,48709516,732164,439.35,190.79,0.02,0.08
29-5-2021 17:1:16,1622322076.8134,1000.0,92.9,5430.16,1982.21,11752.78,21.3,124896781,136312665,0.0007590088028509169,0.0003664687146411194,0,0,6.512877354350254,84795,471,0,602112,48785400,734368,444.65,193.45,0.02,0.08
29-5-2021 17:1:21,1622322081.8141935,1000.0,98.5,5443.51,1987.9,11753.66,21.3,125280844,136490802,0.0007680041243455019,0.00035621747134854085,0,0,6.517470212761614,85807,475,0,602112,48863507,738780,451.45,196.72,0.02,0.08
29-5-2021 17:1:26,1622322086.823336,1000.0,89.1,5456.71,1993.1,11755.06,21.2,125676382,136671607,0.0007896321735474182,0.0003609500102094892,0,0,6.505120526811066,86820,477,0,602112,48939710,740986,458.0,199.88,0.02,0.08
29-5-2021 17:1:31,1622322091.8282232,1000.0,99.5,5469.92,1998.96,11755.87,21.3,126096292,136835787,0.0008389999040301936,0.0003280393518698702,0,0,6.528493072948881,87833,479,0,602112,49015911,743192,463.52,203.18,0.02,0.08
29-5-2021 17:1:36,1622322096.8294566,1000.0,95.7,5482.57,2004.98,11757.02,21.3,126376375,137015361,0.0005600278591253636,0.00035905943157770386,0,0,6.437860666964693,88846,481,0,602112,49092082,745394,469.87,206.25,0.02,0.08
29-5-2021 17:1:41,1622322101.8312378,1000.0,86.0,5495.63,2010.46,11758.45,21.3,126675007,137177077,0.0005970513034339926,0.0003233168199862424,0,0,6.435002888397623,89857,482,0,602112,49167175,746497,475.39,208.99,0.02,0.08
29-5-2021 17:1:46,1622322106.8374012,1000.0,89.2,5508.4,2015.72,11760.16,21.4,127051657,137367969,0.0007523725715947963,0.00038131396505210104,0,0,6.433369872073584,90872,485,0,602112,49244475,749806,482.43,211.89,0.02,0.08
29-5-2021 17:1:51,1622322111.848245,1000.0,97.5,5521.88,2021.35,11761.04,21.2,127434818,137544904,0.0007646636351578593,0.0003531042049860394,0,0,6.542271648182964,91889,489,0,602112,49322947,754218,488.53,215.13,0.02,0.08
29-5-2021 17:1:56,1622322116.8515995,1000.0,98.8,5534.36,2026.55,11763.11,21.3,127694839,137707360,0.0005196933326077561,0.0003246941594799098,0,0,6.539515933136146,92902,491,0,602112,49399130,756424,494.21,218.31,0.02,0.08
29-5-2021 17:2:1,1622322121.8579843,1000.0,98.8,5546.27,2031.53,11766.16,21.3,127991365,137879306,0.000592295656269317,0.00034345342031688277,0,0,6.541863394101953,93915,493,0,602112,49475327,758630,499.27,220.28,0.02,0.08
29-5-2021 17:2:6,1622322126.858092,1000.0,98.5,5558.85,2036.88,11767.72,21.4,128258570,138042025,0.0005343984820883797,0.00032543098597308826,0,0,6.5321673596779695,94922,495,0,602112,49551190,760836,505.1,222.86,0.02,0.08
29-5-2021 17:2:11,1622322131.8710527,1000.0,98.0,5572.41,2042.14,11768.82,21.5,128707297,138320024,0.0008951336930937638,0.0005545605045971676,0,0,6.564521495598,95935,497,0,602112,49627408,763042,510.63,225.55,0.02,0.08
29-5-2021 17:2:16,1622322136.890997,1000.0,99.3,5585.69,2047.77,11769.78,21.4,129047578,138500477,0.0006778581335854202,0.0003594721238620136,0,0,6.513489735471769,96955,500,0,602112,49705028,766351,517.85,228.93,0.02,0.08
29-5-2021 17:2:21,1622322141.906725,1000.0,94.8,5599.18,2053.15,11770.83,21.4,129402771,138680741,0.0007081584173319552,0.00035939747951656585,0,0,6.537882916812107,97973,502,0,602112,49781551,768557,525.06,232.26,0.02,0.08
29-5-2021 17:2:26,1622322146.9096396,1000.0,99.0,5612.59,2058.75,11771.61,21.4,129771667,138856124,0.0007373621669458907,0.00035056164589876594,0,0,6.540638631858924,98993,505,0,602112,49859125,771866,530.64,234.58,0.02,0.08
29-5-2021 17:2:31,1622322151.9138956,1000.0,88.6,5625.65,2064.28,11772.98,21.3,130003839,139032712,0.0004639490856052809,0.0003528756315527512,0,0,6.5138979895527775,100011,507,0,602112,49935617,774072,537.39,238.21,0.02,0.08
29-5-2021 17:2:36,1622322156.920934,1000.0,98.5,5638.73,2070.19,11773.9,21.4,130307132,139199707,0.0006057333267774678,0.0003335205128545771,0,0,6.548089268837353,101031,510,0,602112,50013204,777381,543.34,241.03,0.02,0.08
29-5-2021 17:2:41,1622322161.9241474,1000.0,84.3,5651.4,2075.8,11775.35,21.2,130629601,139377396,0.0006445237767361236,0.0003551497519589947,0,0,6.513183544911011,102049,512,0,602112,50089693,779587,549.84,244.63,0.02,0.08
29-5-2021 17:2:46,1622322166.9366798,1000.0,94.0,5663.85,2082.26,11776.19,21.4,130992118,139566272,0.0007232212498988659,0.00037680753398019464,0,0,6.473991153134065,103069,515,0,602112,50167291,782896,556.15,248.52,0.02,0.08
29-5-2021 17:2:51,1622322171.9402955,1000.0,99.7,5677.03,2088.2,11776.97,21.3,131370738,139750159,0.0007566928176031613,0.00036750824613225006,0,0,6.527064183665346,104087,517,0,602112,50243776,785100,562.25,251.81,0.02,0.08
29-5-2021 17:2:56,1622322176.949006,1000.0,96.0,5689.21,2093.77,11779.02,21.4,131660837,139920690,0.0005791889806533732,0.0003404688608364744,0,0,6.533596248961504,105107,520,0,602112,50321342,788409,567.26,254.9,0.02,0.08
29-5-2021 17:3:1,1622322181.9524434,1000.0,88.1,5701.73,2098.74,11781.32,21.3,131944477,140099287,0.0005668902877960608,0.0003569486134872129,0,0,6.484401632199815,106121,523,0,602112,50398591,791718,573.21,257.81,0.02,0.08
29-5-2021 17:3:6,1622322186.9565082,1000.0,99.0,5714.31,2105.33,11782.13,21.4,132206018,140260724,0.0005226571008552322,0.0003226117296743766,0,0,6.535127201765291,107135,526,0,602112,50475834,795027,579.15,261.47,0.02,0.08
29-5-2021 17:3:11,1622322191.9613547,1000.0,93.3,5727.52,2111.05,11783.33,21.4,132512247,140440833,0.0006118649104242752,0.00035986917356490005,0,0,6.425000663412882,108147,528,0,602112,50551968,797233,585.52,263.88,0.02,0.08
29-5-2021 17:3:16,1622322196.9690409,1000.0,94.0,5740.25,2117.48,11784.23,21.3,132880482,140630242,0.0007353396156249753,0.0003782365643024453,0,0,6.495526555907334,109161,531,0,602112,50629208,800542,592.1,267.0,0.02,0.08
29-5-2021 17:3:21,1622322201.9813776,1000.0,99.0,5753.3,2123.39,11785.08,21.3,133254767,140809159,0.000746727564587497,0.0003569532727020885,0,0,6.519001165565401,110175,534,0,602112,50706454,803851,598.59,270.4,0.02,0.08
29-5-2021 17:3:26,1622322206.9831238,1000.0,96.0,5766.94,2128.57,11786.07,21.3,133672218,140998919,0.00083461052434729,0.0003793875044020538,0,0,6.524308468618529,111193,536,0,602112,50782930,806057,605.26,273.41,0.02,0.08
29-5-2021 17:3:31,1622322211.9871552,1000.0,89.2,5780.14,2133.86,11787.52,21.4,133984902,141182219,0.000624864182038589,0.0003663046544360228,0,0,6.415304628988898,112213,539,0,602112,50860506,809366,611.55,276.08,0.02,0.08
29-5-2021 17:3:36,1622322216.993334,1000.0,96.0,5793.3,2139.64,11788.27,21.5,134248772,141353494,0.0005270886390509775,0.00034212720905542945,0,0,6.515735132917322,113233,542,0,602112,50938085,812673,617.54,280.08,0.02,0.08
29-5-2021 17:3:42,1622322222.0310311,1000.0,94.1,5806.88,2145.05,11789.29,21.3,134569945,141538901,0.0006375393262116763,0.00036803919960559656,0,0,6.5200218007679265,114251,544,0,602112,51014597,814879,624.37,283.43,0.02,0.08
29-5-2021 17:3:47,1622322227.0341568,1000.0,90.9,5819.46,2150.66,11790.72,21.5,134923619,141730219,0.0007069060893120345,0.00038239695085021754,0,0,6.441432890173529,115265,547,0,602112,51091900,818188,630.21,286.23,0.02,0.08
29-5-2021 17:3:52,1622322232.034881,1000.0,99.3,5832.28,2156.32,11791.86,21.2,135259022,141899862,0.0006707088390191584,0.0003392368570875248,0,0,6.525635294381811,116283,549,0,602112,51168418,820394,635.91,289.72,0.02,0.08
29-5-2021 17:3:57,1622322237.0379963,1000.0,86.4,5844.29,2161.63,11794.28,21.3,135516437,142061100,0.0005145094423878555,0.0003222752111249657,0,0,6.520838308929945,117301,551,0,602112,51244935,822600,641.2,292.55,0.02,0.08
29-5-2021 17:4:2,1622322242.0455775,1000.0,99.0,5856.53,2167.36,11795.87,21.4,135806970,142231349,0.0005801862943902483,0.00033998250261982414,0,0,6.548497522918363,118321,554,0,602112,51322568,825909,647.04,295.77,0.02,0.08
29-5-2021 17:4:7,1622322247.0461454,1000.0,97.6,5870.11,2173.17,11796.6,21.4,136111276,142408746,0.0006085428801107204,0.00035475370614776404,0,0,6.521552753571713,119339,556,0,602112,51399066,828115,653.94,299.45,0.02,0.08
29-5-2021 17:4:12,1622322252.0584223,1000.0,94.4,5883.09,2178.76,11797.68,21.5,136568010,142707768,0.0009112305848528943,0.0005965791728749823,0,0,6.430512093506515,120359,559,0,602112,51476713,831424,659.84,302.27,0.02,0.08
29-5-2021 17:4:17,1622322257.0589354,1000.0,98.0,5896.12,2184.52,11798.58,21.4,136912066,142885053,0.0006880413963868606,0.0003545336194062728,0,0,6.518797038524897,121379,562,0,602112,51554344,834733,665.93,305.79,0.02,0.08
29-5-2021 17:4:22,1622322262.0741642,1000.0,93.7,5909.34,2190.22,11799.45,21.4,137301114,143065649,0.0007757333105298622,0.000360095240043519,0,0,6.49164814213774,122397,564,0,602112,51630862,836939,672.77,309.17,0.02,0.08
29-5-2021 17:4:27,1622322267.0702674,1000.0,99.0,5922.74,2195.9,11800.16,21.3,137590782,143240212,0.0005797878534029015,0.0003493983009982832,0,0,6.5138979895527775,123417,567,0,602112,51708493,840248,679.18,311.97,0.02,0.08
29-5-2021 17:4:32,1622322272.073325,1000.0,99.0,5935.99,2201.23,11801.36,21.4,137913457,143432331,0.0006449556122412023,0.00038400318360011634,0,0,6.484605759240321,124437,570,0,602112,51786143,843557,685.94,314.61,0.02,0.08
29-5-2021 17:4:37,1622322277.1307545,1000.0,91.7,5949.08,2206.73,11802.73,21.3,138256413,143613758,0.0006781231383817679,0.00035873361780283485,0,0,6.521756880612218,125455,572,0,602112,51862689,845763,692.08,318.17,0.02,0.08
29-5-2021 17:4:42,1622322282.1338158,1000.0,97.3,5961.48,2212.73,11804.09,21.4,138582766,143796468,0.0006523066194594451,0.0003651964052465741,0,0,6.558805938463863,126475,575,0,602112,51940292,849072,697.73,321.2,0.02,0.08
29-5-2021 17:4:47,1622322287.1449692,1000.0,99.0,5974.15,2218.65,11805.3,21.4,138993735,143981949,0.0008201085904022404,0.0003701363398611524,0,0,6.515428942356564,127495,578,0,602112,52017928,852379,704.21,324.82,0.02,0.08
29-5-2021 17:4:52,1622322292.1430845,1000.0,89.7,5987.12,2223.82,11806.72,21.4,139415205,144167718,0.0008432578574258305,0.0003716781002589487,0,0,6.418060344035714,128513,580,0,602112,52094459,854585,710.75,327.31,0.02,0.08
29-5-2021 17:4:57,1622322297.1437984,1000.0,81.6,5999.89,2229.18,11808.46,21.3,139691728,144333279,0.0005529670556333272,0.0003310747341006328,0,0,6.422347011886317,129529,581,0,602112,52169857,855688,716.15,330.58,0.02,0.08
29-5-2021 17:5:2,1622322302.1531105,1000.0,89.5,6012.18,2234.18,11810.65,21.3,139988213,144499949,0.0005918676875238749,0.0003327203314825513,0,0,6.516245450518585,130551,585,0,602112,52248569,860100,721.74,333.52,0.02,0.08
29-5-2021 17:5:7,1622322307.156039,1000.0,93.7,6025.32,2239.9,11811.49,21.3,140293964,144682037,0.0006111440534892555,0.0003639628273063753,0,0,6.512775290830001,131567,586,0,602112,52324034,861203,728.75,337.06,0.02,0.08
29-5-2021 17:5:12,1622322312.1565223,1000.0,99.3,6038.99,2245.16,11812.38,21.4,140620457,144861443,0.000652922891808429,0.0003587773224166613,0,0,6.510325766343941,132587,589,0,602112,52401634,864512,734.26,339.49,0.02,0.08
29-5-2021 17:5:17,1622322317.1599033,1000.0,98.8,6052.13,2250.73,11813.34,21.5,140976831,145047853,0.0007122663635091342,0.00037256806843860015,0,0,6.513081481390759,133607,592,0,602112,52479244,867821,740.66,342.92,0.02,0.08
29-5-2021 17:5:22,1622322322.1632252,1000.0,88.2,6065.33,2255.86,11814.56,21.4,141298113,145231330,0.0006421373785583756,0.00036671036598924023,0,0,6.419387169798996,134625,594,0,602112,52555764,870027,747.35,345.5,0.02,0.08
29-5-2021 17:5:27,1622322327.1663437,1000.0,98.7,6078.47,2261.72,11815.38,21.4,141629787,145411530,0.0006629345257455467,0.0003601753575479161,0,0,6.561459589990426,135645,597,0,602112,52633416,873336,753.67,348.81,0.02,0.08
29-5-2021 17:5:32,1622322332.1696982,1000.0,99.5,6091.71,2267.23,11816.39,21.4,141938158,145600090,0.000616328499119634,0.00037686715610092447,0,0,6.516857831640099,136665,600,0,602112,52711043,876643,760.21,351.96,0.02,0.08
29-5-2021 17:5:37,1622322337.2020237,1000.0,98.8,6105.07,2272.87,11817.38,21.3,142268421,145775521,0.000656283063550692,0.0003486082126116502,0,0,6.51563306939707,137681,601,0,602112,52786456,877746,766.43,354.58,0.02,0.08
29-5-2021 17:5:42,1622322342.2031438,1000.0,98.5,6118.05,2278.08,11818.93,21.3,142614056,145952039,0.000691115177693138,0.00035295693125996305,0,0,6.507059733695863,138699,603,0,602112,52863001,879952,773.49,357.77,0.02,0.08
29-5-2021 17:5:47,1622322347.2036216,1000.0,96.2,6130.52,2283.98,11820.2,21.4,142887716,146135281,0.0005472677041016092,0.0003664489828070857,0,0,6.480217027869465,139723,608,0,602112,52942873,885467,780.01,361.2,0.02,0.08
29-5-2021 17:5:52,1622322352.2333722,1000.0,91.5,6143.34,2290.31,11821.06,21.4,143171893,146321287,0.0005649922300641966,0.0003698115778029923,0,0,6.510019575783184,140738,611,0,602112,53020199,888774,786.44,364.77,0.02,0.08
29-5-2021 17:5:57,1622322357.2401729,1000.0,73.5,6155.25,2295.83,11823.27,21.3,143398667,146474606,0.0004529319535216212,0.0003062214988578119,0,0,6.50899894058066,141749,612,0,602112,53095302,889877,792.02,368.17,0.02,0.08
29-5-2021 17:6:2,1622322362.243238,1000.0,96.0,6167.52,2302.19,11824.44,21.4,143641612,146658695,0.0004855923212965685,0.0003679524371160715,0,0,6.4983843344744034,142764,615,0,602112,53172622,893186,797.73,371.51,0.02,0.08
29-5-2021 17:6:7,1622322367.2497494,1000.0,94.8,6180.67,2307.77,11825.56,21.4,143902793,146830294,0.0005216826179628762,0.0003427516379821334,0,0,6.510529893384446,143771,617,0,602112,53248520,895392,804.07,375.1,0.02,0.08
29-5-2021 17:6:12,1622322372.2660139,1000.0,88.6,6193.85,2313.19,11826.57,21.6,144290458,147143297,0.0007728161159421281,0.0006239762752330852,0,0,6.434390507276108,144782,621,0,602112,53326649,899804,810.7,377.65,0.02,0.08
29-5-2021 17:6:17,1622322377.2692287,1000.0,98.8,6207.16,2319.08,11827.35,21.5,144597616,147319052,0.0006139212687460055,0.0003512841358143177,0,0,6.518082593883129,145791,624,0,602112,53403674,903111,816.72,380.82,0.02,0.08
29-5-2021 17:6:22,1622322382.2796795,1000.0,94.1,6220.53,2324.18,11828.71,21.4,144850316,147496065,0.0005043458324803855,0.0003532875696274257,0,0,6.511448465066719,146798,626,0,602112,53479572,905317,823.81,384.15,0.02,0.08
29-5-2021 17:6:27,1622322387.29061,1000.0,98.3,6234.0,2329.44,11829.79,21.4,145139966,147660592,0.000578036350320968,0.0003283362216787774,0,0,6.5056308444123285,147805,628,0,602112,53555497,907523,830.28,386.9,0.02,0.08
29-5-2021 17:6:32,1622322392.2931478,1000.0,93.2,6246.57,2335.44,11830.97,21.4,145373646,147840257,0.00046712291388057017,0.0003591477162031524,0,0,6.438370984565954,148814,631,0,602112,53632483,910832,836.46,389.89,0.02,0.08
29-5-2021 17:6:37,1622322397.2938466,1000.0,91.9,6259.72,2340.81,11832.2,21.4,145633737,148009228,0.0005201093090179095,0.00033789477549805714,0,0,6.519817673727421,149822,633,0,602112,53708401,913038,842.72,393.06,0.02,0.08
29-5-2021 17:6:42,1622322402.3231642,1000.0,91.1,6273.03,2346.77,11833.06,21.4,145953232,148189611,0.0006352651081204298,0.0003586629712455202,0,0,6.4297976488647475,150832,636,0,602112,53785401,916347,849.49,396.25,0.02,0.08
29-5-2021 17:6:47,1622322407.337117,1000.0,99.2,6286.86,2352.03,11833.68,21.4,146184483,148369558,0.00046121495825067775,0.00035889249383714975,0,0,6.519307356126158,151842,639,0,602112,53862468,919656,856.3,399.04,0.02,0.08
29-5-2021 17:6:52,1622322412.355767,1000.0,88.6,6300.86,2357.16,11834.65,21.4,146484199,148542478,0.0005972044209487773,0.0003445548067852987,0,0,6.476950995221387,152850,641,0,602112,53938381,921862,863.83,401.8,0.02,0.08
29-5-2021 17:6:57,1622322417.4214103,1000.0,64.0,6312.7,2362.68,11837.04,21.5,146735011,148705990,0.0004951236883927442,0.0003227862484110584,0,0,6.456538291170894,153858,643,0,602112,54014272,924066,869.23,404.56,0.02,0.08
29-5-2021 17:7:2,1622322422.4231057,1000.0,99.3,6325.83,2368.59,11837.91,21.5,147107350,148893001,0.000744425580990485,0.00037389522001888496,0,0,6.551253237965179,154868,646,0,602112,54091279,927375,875.25,407.91,0.02,0.08
29-5-2021 17:7:7,1622322427.4281309,1000.0,94.7,6337.41,2372.95,11841.72,21.3,147458234,149067504,0.00070106341046608,0.00034865559078374155,0,0,6.429899712385,155874,647,0,602112,54166119,928478,879.65,409.76,0.02,0.08
29-5-2021 17:7:12,1622322432.4313676,1000.0,98.0,6350.47,2378.85,11842.69,21.4,147692501,149253410,0.0004682308888022242,0.00037157146168118553,0,0,6.495424492387082,156881,649,0,602112,54242056,930684,886.36,413.06,0.02,0.08
29-5-2021 17:7:17,1622322437.4354637,1000.0,87.3,6364.03,2383.91,11843.89,21.4,148028097,149419924,0.0006706426053943313,0.00033275540469681307,0,0,6.51563306939707,157883,651,0,602112,54317629,932890,892.75,416.36,0.02,0.08
29-5-2021 17:7:22,1622322442.439852,1000.0,94.0,6376.8,2389.76,11845.13,21.5,148362726,149611567,0.00066867112976768,0.000382949897713789,0,0,6.445821621544384,158889,655,0,602112,54395436,937300,898.92,419.36,0.02,0.08
29-5-2021 17:7:27,1622322447.4430978,1000.0,99.0,6390.06,2395.54,11845.96,21.5,148689971,149780433,0.0006540654029085542,0.0003375128980658403,0,0,6.529921962232415,159899,658,0,602112,54472455,940609,905.26,422.78,0.02,0.08
29-5-2021 17:7:32,1622322452.4490747,1000.0,99.5,6403.85,2401.11,11846.55,21.4,149041352,149968240,0.0007019229332078654,0.0003751655334721273,0,0,6.528391009428628,160907,660,0,602112,54548337,942815,912.39,425.66,0.02,0.08
29-5-2021 17:7:37,1622322457.4526064,1000.0,89.7,6417.02,2406.39,11848.0,21.4,149430944,150151403,0.000778634020516114,0.00036606743233894175,0,0,6.522471325253985,161917,663,0,602112,54625357,946124,918.8,428.6,0.02,0.08
29-5-2021 17:7:42,1622322462.4538736,1000.0,99.1,6430.15,2412.43,11848.9,21.4,149663888,150327519,0.00046576995575166606,0.00035214275331049705,0,0,6.524104341578024,162927,666,0,602112,54702371,949433,924.78,431.62,0.02,0.08
29-5-2021 17:7:47,1622322467.4595091,1000.0,88.4,6442.59,2417.99,11850.25,21.5,149982122,150503811,0.0006357514445526651,0.00035218704997919283,0,0,6.448679400111454,163935,668,0,602112,54778292,951637,930.73,434.74,0.02,0.08
29-5-2021 17:7:52,1622322472.4606013,1000.0,99.0,6455.98,2423.63,11851.01,21.5,150292588,150684829,0.0006207963937931077,0.000361956934452213,0,0,6.518592911484392,164945,671,0,602112,54855322,954946,937.28,438.02,0.02,0.08
29-5-2021 17:7:57,1622322477.4631133,1000.0,97.2,6468.08,2429.28,11853.11,21.5,150547272,150846698,0.0005091122242434202,0.0003235754371144563,0,0,6.525022913260297,165951,672,0,602112,54930113,956047,942.88,441.36,0.02,0.08
29-5-2021 17:8:2,1622322482.480514,1000.0,88.8,6481.0,2434.54,11854.8,21.4,150860091,151028542,0.000623468238061586,0.0003624267013259139,0,0,6.4364317776811575,166961,675,0,602112,55007111,959356,949.29,443.67,0.02,0.08
29-5-2021 17:8:7,1622322487.4834433,1000.0,99.0,6494.19,2440.43,11855.59,21.4,151102319,151204213,0.00048417235143710343,0.00035113628956729776,0,0,6.505018463290814,167971,678,0,602112,55084142,962665,955.75,447.01,0.02,0.08
29-5-2021 17:8:12,1622322492.483559,1000.0,99.0,6508.01,2445.26,11856.62,21.6,151539985,151520901,0.0008753117570132183,0.000633361352503969,0,0,6.519715610207169,168979,680,0,602112,55160080,964871,962.07,449.64,0.02,0.08
29-5-2021 17:8:17,1622322497.4869385,1000.0,94.2,6521.51,2450.68,11857.57,21.6,151856086,151698868,0.0006317749727631132,0.00035569358077871616,0,0,6.432145109830555,169989,683,0,602112,55237116,968180,969.23,452.37,0.02,0.08
29-5-2021 17:8:22,1622322502.4884994,1000.0,97.0,6534.84,2456.29,11858.53,21.4,152234467,151867636,0.0007565258237682242,0.0003374306591126818,0,0,6.520123864288179,170999,686,0,602112,55314144,971489,975.07,455.42,0.02,0.08
29-5-2021 17:8:27,1622322507.5236053,1000.0,89.0,6547.96,2461.8,11859.97,21.4,152615955,152054478,0.0007576563517573115,0.00037107858720337105,0,0,6.474501470735326,172001,688,0,602112,55389731,973695,981.42,458.33,0.02,0.08
29-5-2021 17:8:32,1622322512.5630994,1000.0,98.2,6561.16,2467.51,11861.06,21.5,152888532,152231214,0.0005408816797177673,0.0003507018734031093,0,0,6.503079256406016,173005,691,0,602112,55466395,977004,987.9,461.06,0.02,0.08
29-5-2021 17:8:37,1622322517.5663898,1000.0,98.8,6574.56,2473.17,11861.89,21.3,153185287,152400799,0.0005931196780454299,0.0003389469447905991,0,0,6.518797038524897,174007,693,0,602112,55541953,979210,994.02,464.47,0.02,0.08
29-5-2021 17:8:42,1622322522.5728152,1000.0,92.7,6587.38,2479.08,11862.99,21.4,153507402,152587553,0.0006434031779267728,0.00037302862980779074,0,0,6.41663145475218,175011,696,0,602112,55618605,982519,1000.08,467.48,0.02,0.08
29-5-2021 17:8:47,1622322527.5892794,1000.0,99.3,6600.76,2485.27,11863.75,21.4,153806850,152768492,0.000596930399715293,0.0003606903021362153,0,0,6.5244105321387815,176015,699,0,602112,55695285,985828,1006.81,470.95,0.02,0.08
29-5-2021 17:8:52,1622322532.5954688,1000.0,92.2,6613.41,2491.09,11864.72,21.3,154143906,152942104,0.0006732785691540128,0.0003467947134837133,0,0,6.4707251204859855,177023,701,0,602112,55771190,988034,1013.5,474.54,0.02,0.08
29-5-2021 17:8:57,1622322537.6026602,1000.0,82.6,6625.99,2496.28,11866.75,21.5,154433463,153107043,0.0005782822659155459,0.0003294042232024929,0,0,6.58023927771688,178031,703,0,602112,55847109,990240,1018.5,476.82,0.02,0.08
29-5-2021 17:9:2,1622322542.603186,1000.0,92.8,6639.35,2501.64,11868.05,21.3,154689479,153276205,0.0005119781692875253,0.0003382884314770028,0,0,6.5239002145375204,179039,705,0,602112,55923022,992446,1025.49,480.11,0.02,0.08
29-5-2021 17:9:7,1622322547.6063097,1000.0,98.0,6651.96,2507.66,11869.25,21.5,154969170,153457437,0.0005590327431506748,0.0003622376912617249,0,0,6.5000173507984425,180049,708,0,602112,56000041,995753,1031.26,482.84,0.02,0.08
29-5-2021 17:9:12,1622322552.6141536,1000.0,93.3,6665.23,2513.18,11870.18,21.3,155277416,153633891,0.0006155263657763461,0.0003523552271455246,0,0,6.509305131141417,181064,711,0,602112,56077361,999062,1037.91,486.51,0.02,0.08
29-5-2021 17:9:17,1622322557.626901,1000.0,90.1,6678.49,2518.98,11871.19,21.4,155541998,153812757,0.0005278183495237524,0.00035682229670164824,0,0,6.422347011886317,182077,713,0,602112,56153571,1001268,1044.37,489.49,0.02,0.08
29-5-2021 17:9:22,1622322562.640902,1000.0,86.5,6691.34,2524.73,11872.26,21.5,155877247,153991983,0.0006686256967981115,0.0003574510561831305,0,0,6.531554978556454,183090,715,0,602112,56229779,1003474,1049.94,492.4,0.02,0.08
29-5-2021 17:9:27,1622322567.6599252,1000.0,95.0,6704.82,2529.97,11873.55,21.4,156198361,154162153,0.0006397938174086942,0.0003390500380190135,0,0,6.5255332308615595,184103,717,0,602112,56305953,1005680,1057.56,495.47,0.02,0.08
29-5-2021 17:9:32,1622322572.6649394,1000.0,78.3,6717.42,2535.63,11874.96,21.4,156571298,154342563,0.0007451267598911633,0.0003604585191385268,0,0,6.522573388774237,185116,719,0,602112,56382154,1007886,1062.56,498.06,0.02,0.08
29-5-2021 17:9:37,1622322577.6671224,1000.0,92.2,6730.77,2540.97,11876.17,21.4,156889002,154518027,0.0006351307069495758,0.00035077485446894085,0,0,6.51481656123505,186129,721,0,602112,56458346,1010092,1069.84,501.64,0.02,0.08
29-5-2021 17:9:42,1622322582.6700165,1000.0,98.3,6743.56,2546.87,11877.28,21.5,157174200,154691065,0.0005700660271842961,0.00034587579580472593,0,0,6.523594023976763,187144,724,0,602112,56535684,1013401,1075.71,504.19,0.02,0.08
29-5-2021 17:9:47,1622322587.675183,1000.0,89.2,6757.04,2552.29,11878.35,21.4,157511866,154874013,0.0006746348956323455,0.0003655183076950192,0,0,6.525329103821054,188161,728,0,602112,56614105,1017813,1082.61,507.03,0.02,0.08
29-5-2021 17:9:52,1622322592.6781921,1000.0,99.2,6770.06,2558.34,11879.34,21.4,157787660,155049025,0.0005512562450738393,0.0003498134765907263,0,0,6.5719721325764295,189176,731,0,602112,56691411,1021122,1088.59,510.05,0.02,0.08
29-5-2021 17:9:57,1622322597.6839561,1000.0,95.6,6781.98,2564.62,11881.28,21.5,158000760,155209560,0.00042570924174173603,0.00032070029621309056,0,0,6.527778628307113,190189,733,0,602112,56767606,1023328,1094.14,513.05,0.02,0.08
29-5-2021 17:10:2,1622322602.7127352,1000.0,92.6,6795.06,2569.58,11882.96,21.4,158310857,155374151,0.0006166447126818467,0.00032729813543832354,0,0,6.4818500441935045,191200,734,0,602112,56842706,1024431,1101.05,516.04,0.02,0.08
29-5-2021 17:10:7,1622322607.7201245,1000.0,88.0,6808.26,2574.89,11884.17,21.4,158430289,155526134,0.00023851151304036806,0.00030351744328500116,0,0,6.480523218430221,192213,736,0,602112,56918942,1026637,1106.96,518.81,0.02,0.08
29-5-2021 17:10:12,1622322612.7230742,1000.0,99.0,6821.26,2580.98,11884.97,21.6,158858219,155836759,0.0008553553891337222,0.0006208837140412274,0,0,6.574523720582742,193228,739,0,602112,56996275,1029946,1112.45,522.11,0.02,0.08
29-5-2021 17:10:17,1622322617.7275615,1000.0,99.3,6834.58,2586.83,11886.07,21.5,159079318,156023217,0.0004418015029369937,0.0003725816246777506,0,0,6.522981642855247,194243,742,0,602112,57073609,1033253,1118.94,525.79,0.02,0.08
29-5-2021 17:10:22,1622322622.7407465,1000.0,89.9,6846.75,2592.75,11887.5,21.5,159333913,156195986,0.0005078507949893712,0.00034462921109809175,0,0,6.512877354350254,195257,744,0,602112,57149851,1035459,1124.73,528.34,0.02,0.08
29-5-2021 17:10:27,1622322627.743839,1000.0,56.1,6857.13,2598.39,11891.28,21.5,159572023,156340700,0.0004759256373862011,0.00028924909784850154,0,0,6.454803211326602,196269,745,0,602112,57224976,1036562,1128.46,530.47,0.02,0.08
29-5-2021 17:10:32,1622322632.7475948,1000.0,92.0,6865.57,2602.85,11898.28,21.5,159692581,156477686,0.00024093501887167523,0.0002737663572318328,0,0,6.436635904721663,197281,746,0,602112,57300131,1037665,1131.54,531.45,0.02,0.08
29-5-2021 17:10:37,1622322637.749057,1000.0,95.9,6877.68,2609.76,11899.31,21.3,159965538,156651168,0.0005457543972759965,0.00034686256204542997,0,0,6.534616884164028,198302,749,0,602112,57377777,1040974,1137.34,535.04,0.02,0.08
29-5-2021 17:10:42,1622322642.753191,1000.0,87.4,6889.98,2615.97,11900.53,21.4,160240117,156825157,0.0005487043378661032,0.00034769053365692724,0,0,6.458477498055689,199315,751,0,602112,57454016,1043180,1143.67,537.66,0.02,0.08
29-5-2021 17:10:47,1622322647.7568407,1000.0,96.2,6902.62,2622.05,11901.68,21.5,160559564,157014643,0.0006384279843947832,0.00037869557407341404,0,0,6.477155122261891,200336,754,0,602112,57531647,1046487,1150.46,540.79,0.02,0.08
29-5-2021 17:10:52,1622322652.760287,1000.0,93.0,6915.81,2627.61,11902.82,21.5,160874267,157206512,0.0006289724693334476,0.00038347368381788313,0,0,6.506345289054096,201357,757,0,602112,57609306,1049796,1157.56,543.58,0.02,0.08
29-5-2021 17:10:57,1622322657.7631338,1000.0,93.1,6927.94,2632.94,11905.09,21.5,161165500,157360563,0.0005821345654301054,0.000307926683923433,0,0,6.529207517590647,202376,759,0,602112,57685892,1052002,1162.26,546.38,0.02,0.08
29-5-2021 17:11:2,1622322662.7671533,1000.0,88.3,6940.54,2638.38,11907.04,21.5,161459968,157532194,0.0005884629347850066,0.0003429862734153981,0,0,6.524104341578024,203395,761,0,602112,57762428,1054208,1169.45,549.53,0.02,0.08
29-5-2021 17:11:7,1622322667.7695286,1000.0,71.7,6952.69,2644.2,11909.05,21.4,161745355,157694605,0.000570502969522221,0.00032466775915887357,0,0,6.454905274846853,204414,763,0,602112,57838964,1056414,1174.2,551.65,0.02,0.08
29-5-2021 17:11:12,1622322672.773096,1000.0,82.0,6961.57,2648.04,11916.47,21.4,161867353,157826553,0.0002438220350651417,0.0002637078467087601,0,0,6.581259912919404,205431,764,0,602112,57914421,1057515,1176.19,552.53,0.02,0.08
29-5-2021 17:11:17,1622322677.7845607,1000.0,94.7,6974.25,2654.52,11917.26,21.4,162120298,158000398,0.0005047326887478291,0.0003468945987284443,0,0,6.533800376002008,206450,766,0,602112,57990958,1059721,1183.47,556.45,0.02,0.08
29-5-2021 17:11:22,1622322682.799557,1000.0,96.5,6987.08,2660.08,11918.63,21.5,162375488,158185516,0.0005088538161001737,0.00036912888721670893,0,0,6.531963232637464,207471,769,0,602112,58068612,1063030,1189.56,559.71,0.02,0.08
29-5-2021 17:11:27,1622322687.8062775,1000.0,89.3,7000.08,2665.65,11919.82,21.5,162687201,158365679,0.0006225891725503993,0.0003598423328324375,0,0,6.462866229426546,208490,771,0,602112,58145173,1065236,1195.74,562.78,0.02,0.08
29-5-2021 17:11:32,1622322692.8119912,1000.0,95.5,7013.02,2671.31,11920.95,21.5,163015457,158552952,0.0006557626336443288,0.0003741184797550521,0,0,6.507672114817378,209505,774,0,602112,58222494,1068543,1201.84,565.67,0.02,0.08
29-5-2021 17:11:37,1622322697.81332,1000.0,87.3,7025.7,2677.09,11922.3,21.4,163330155,158725484,0.000629228787893537,0.0003449723265888176,0,0,6.522675452294489,210524,776,0,602112,58299051,1070749,1207.71,569.49,0.02,0.08
29-5-2021 17:11:42,1622322702.8237047,1000.0,93.0,7038.6,2682.85,11923.54,21.6,163721658,158910367,0.0007813830988637349,0.00036899960272903114,0,0,6.449597971793726,211545,779,0,602112,58376703,1074056,1213.69,572.22,0.02,0.08
29-5-2021 17:11:47,1622322707.8264422,1000.0,94.6,7052.33,2688.11,11924.25,21.4,163996601,159074804,0.0005495850997259592,0.0003286940385594016,0,0,6.53471894768428,212566,782,0,602112,58454365,1077363,1219.72,575.39,0.02,0.08
29-5-2021 17:11:52,1622322712.8326354,1000.0,92.0,7065.2,2693.88,11925.3,21.4,164212247,159251427,0.0004307584487140752,0.00035280899941212036,0,0,6.524512595659035,213585,784,0,602112,58530937,1079569,1226.57,578.5,0.02,0.08
29-5-2021 17:11:57,1622322717.8354461,1000.0,64.3,7076.72,2699.41,11928.08,21.6,164411311,159410439,0.00039790432074178576,0.0003178453253717038,0,0,6.443882414659588,214604,786,0,602112,58607471,1081775,1231.28,581.33,0.02,0.08
29-5-2021 17:12:2,1622322722.8407435,1000.0,92.9,7089.79,2705.32,11928.93,21.5,164718795,159597105,0.0006143171405227054,0.0003729368791638307,0,0,6.541965457622206,215625,789,0,602112,58685128,1085082,1237.07,584.43,0.02,0.08
29-5-2021 17:12:7,1622322727.8435988,1000.0,91.6,7102.93,2710.7,11930.13,21.5,165082132,159779614,0.000726259262254488,0.00036480967172295787,0,0,6.5444149821082656,216644,791,0,602112,58761665,1087288,1243.94,587.74,0.02,0.08
29-5-2021 17:12:12,1622322732.8467624,1000.0,99.0,7116.01,2716.38,11931.24,21.7,165613736,160115956,0.0010625357174742142,0.0006722586517157737,0,0,6.581157849399152,217660,794,0,602112,58838997,1090597,1249.45,590.28,0.02,0.08
29-5-2021 17:12:17,1622322737.8526626,1000.0,88.9,7129.09,2721.84,11932.58,21.5,165945388,160288156,0.000662522204641425,0.0003439940770423619,0,0,6.490321316374459,218674,796,0,602112,58915273,1092803,1255.79,593.52,0.02,0.08
29-5-2021 17:12:22,1622322742.8646865,1000.0,89.6,7142.06,2727.81,11933.49,21.4,166215017,160475611,0.0005379643114093305,0.00037401058489715895,0,0,6.446434002665899,219690,799,0,602112,58992611,1096112,1262.49,596.68,0.02,0.08
29-5-2021 17:12:27,1622322747.8736663,1000.0,92.1,7155.14,2733.65,11934.56,21.5,166544809,160662432,0.0006584015375218762,0.0003729721571213808,0,0,6.587179597094048,220706,802,0,602112,59069951,1099419,1268.53,599.34,0.02,0.08
29-5-2021 17:12:32,1622322752.874442,1000.0,99.2,7168.56,2739.22,11935.24,21.5,166897936,160848001,0.0007061444326446617,0.0003710804221184934,0,0,6.514000053073031,221716,805,0,602112,59146979,1102728,1275.0,602.62,0.02,0.08
29-5-2021 17:12:37,1622322757.877694,1000.0,88.3,7182.16,2744.29,11936.46,21.5,167180707,161024098,0.0005651744341722643,0.00035196509661327796,0,0,6.525022913260297,222730,807,0,602112,59223193,1104934,1282.11,605.72,0.02,0.08
29-5-2021 17:12:42,1622322762.880699,1000.0,94.0,7194.96,2750.08,11937.6,21.5,167440039,161212726,0.000518352467288127,0.0003770294032345596,0,0,6.508080368898388,223746,810,0,602112,59300550,1108241,1288.08,608.3,0.02,0.08
29-5-2021 17:12:47,1622322767.883851,1000.0,99.3,7208.72,2755.3,11938.42,21.4,167699188,161379319,0.0005179714571154345,0.0003329760830843707,0,0,6.5396179966564,224760,812,0,602112,59376770,1110447,1294.97,611.63,0.02,0.08
29-5-2021 17:12:52,1622322772.9030077,1000.0,90.5,7221.87,2760.64,11939.67,21.5,168036734,161566557,0.0006725153657302352,0.0003730467315524337,0,0,6.537984980332359,225776,815,0,602112,59454098,1113756,1301.75,614.33,0.02,0.08
29-5-2021 17:12:57,1622322777.9194121,1000.0,68.4,7234.1,2765.39,11942.34,21.5,168289281,161725687,0.0005034422673071828,0.0003172192423453535,0,0,6.502262748243997,226790,817,0,602112,59530326,1115962,1306.53,616.44,0.02,0.08
29-5-2021 17:13:2,1622322782.9216537,1000.0,99.0,7247.69,2770.89,11943.09,21.5,168591689,161901413,0.0006045449690113714,0.0003512945068400712,0,0,6.537066408650087,227806,820,0,602112,59607668,1119271,1313.55,619.66,0.02,0.08
29-5-2021 17:13:7,1622322787.9391687,1000.0,93.8,7261.04,2776.35,11944.2,21.5,168900389,162080617,0.0006152448043317498,0.0003571568834320275,0,0,6.538597361453874,228820,822,0,602112,59683921,1121477,1320.3,622.72,0.02,0.08
29-5-2021 17:13:12,1622322792.9509022,1000.0,99.3,7274.31,2782.06,11944.96,21.5,169223904,162261559,0.0006455151654361831,0.0003610367527451706,0,0,6.544108791547508,229834,824,0,602112,59760193,1123683,1326.12,625.68,0.02,0.08
29-5-2021 17:13:17,1622322797.9531438,1000.0,96.8,7286.1,2787.26,11947.7,21.5,169605226,162450728,0.0007623022429081048,0.0003781684586482901,0,0,6.550538793323413,230848,826,0,602112,59836438,1125889,1330.74,627.77,0.02,0.08
29-5-2021 17:13:22,1622322802.956362,1000.0,88.8,7299.12,2792.82,11948.89,21.6,170017593,162626527,0.0008242035139393257,0.00035137184485426696,0,0,6.456946545251903,231862,828,0,602112,59912698,1128095,1337.6,631.14,0.02,0.08
29-5-2021 17:13:27,1622322807.964227,1000.0,96.0,7312.28,2798.78,11949.63,21.6,170361999,162813686,0.000687730206974617,0.00037373012609293206,0,0,6.4526598774013,232878,831,0,602112,59990059,1131404,1344.09,634.22,0.02,0.08
29-5-2021 17:13:32,1622322812.964937,1000.0,99.0,7325.78,2804.36,11950.43,21.5,170621703,162996697,0.0005193342534424424,0.00036597003148490135,0,0,6.517572276281867,233894,834,0,602112,60067437,1134713,1351.11,637.02,0.02,0.08
29-5-2021 17:13:37,1622322817.968073,1000.0,87.5,7338.76,2809.9,11951.63,21.5,170940081,163172446,0.0006363568871966697,0.0003512776842870032,0,0,6.531146724475445,234908,836,0,602112,60143728,1136919,1357.27,640.53,0.02,0.08
29-5-2021 17:13:42,1622322822.9698777,1000.0,93.4,7351.61,2815.74,11952.69,21.7,171256087,163356517,0.0006317839476469189,0.0003680091613048993,0,0,6.449700035313978,235924,839,0,602112,60221100,1140228,1363.61,643.59,0.02,0.08
29-5-2021 17:13:47,1622322827.9730654,1000.0,100.0,7364.7,2821.57,11953.55,21.4,171580074,163530001,0.0006475611595047675,0.0003467469379806137,0,0,6.5454356173107895,236940,842,0,602112,60298440,1143535,1369.8,647.22,0.02,0.08
29-5-2021 17:13:52,1622322832.9764009,1000.0,93.8,7377.38,2826.96,11955.26,21.5,171935685,163710246,0.0007107478635229737,0.00036024967917386806,0,0,6.52349196045651,237948,844,0,602112,60374356,1145741,1375.71,649.56,0.02,0.08
29-5-2021 17:13:57,1622322837.9768462,1000.0,92.0,7389.68,2832.58,11957.12,21.6,172216772,163871851,0.0005621239298333678,0.0003231812132212497,0,0,6.546762443074071,238964,847,0,602112,60451759,1149050,1380.76,652.68,0.02,0.08
29-5-2021 17:14:2,1622322842.9807315,1000.0,96.5,7402.57,2838.43,11958.23,21.5,172500284,164048426,0.0005665837339378238,0.0003528757965097464,0,0,6.5376787897716016,239980,850,0,602112,60529132,1152359,1387.87,656.61,0.02,0.08
29-5-2021 17:14:7,1622322847.9833646,1000.0,89.1,7415.44,2843.88,11959.59,21.5,172835198,164232681,0.0006694754415408908,0.0003683160377921402,0,0,6.443882414659588,240994,852,0,602112,60605402,1154563,1393.79,659.25,0.02,0.08
29-5-2021 17:14:12,1622322852.9932697,1000.0,99.7,7428.66,2849.61,11960.53,21.6,173282247,164571869,0.0008923302759002554,0.0006770347805767507,0,0,6.5444149821082656,242005,855,0,602112,60682456,1157872,1399.94,662.23,0.02,0.08
29-5-2021 17:14:17,1622322857.9985356,1000.0,96.5,7442.1,2855.13,11961.36,21.5,173650301,164754880,0.0007353335538842849,0.0003656369147731498,0,0,6.554621334133512,243019,857,0,602112,60758743,1160078,1406.96,665.57,0.02,0.08
29-5-2021 17:14:23,1622322863.0052872,1000.0,89.9,7454.98,2861.04,11962.44,21.5,174029397,164943368,0.0007571695882530141,0.0003764676529180844,0,0,6.45725273581266,244035,860,0,602112,60836084,1163387,1413.34,668.71,0.02,0.08
29-5-2021 17:14:28,1622322868.0201313,1000.0,97.3,7468.34,2866.9,11963.03,21.5,174459989,165131867,0.0008586348540797302,0.00037588206784885703,0,0,6.577483562670064,245051,863,0,602112,60913470,1166694,1419.49,672.08,0.02,0.08
29-5-2021 17:14:33,1622322873.0286543,1000.0,89.3,7481.76,2872.01,11964.38,21.5,174911023,165309281,0.000900532953802465,0.0003542241903402194,0,0,6.532575613758978,246065,865,0,602112,60989754,1168900,1426.26,674.81,0.02,0.08
29-5-2021 17:14:38,1622322878.0421176,1000.0,88.0,7494.22,2876.82,11966.89,21.4,175155352,165480286,0.0004873457476204691,0.0003410915592166231,0,0,6.446434002665899,247079,867,0,602112,61066036,1171106,1431.21,676.87,0.02,0.08
29-5-2021 17:14:43,1622322883.0531776,1000.0,97.8,7507.48,2882.47,11967.89,21.4,175456070,165649599,0.0006001085599295344,0.00033787861254513945,0,0,6.539515933136146,248093,869,0,602112,61142271,1173310,1438.01,680.33,0.02,0.08
29-5-2021 17:14:48,1622322888.1130853,1000.0,95.0,7520.44,2888.26,11969.17,21.6,175796247,165836699,0.0006722988280891048,0.00036976959269871714,0,0,6.441841144254538,249109,872,0,602112,61219655,1176619,1444.23,682.98,0.02,0.08
29-5-2021 17:14:53,1622322893.114663,1000.0,96.3,7533.63,2893.78,11970.27,21.6,176124951,166024883,0.0006572006379861091,0.00037624928464143406,0,0,6.441330826653275,250125,875,0,602112,61297059,1179924,1450.83,685.85,0.02,0.08
29-5-2021 17:14:58,1622322898.1350417,1000.0,75.4,7545.53,2899.39,11972.64,21.6,176340427,166179601,0.0004292026705159022,0.00030817993083628506,0,0,6.514000053073031,251139,877,0,602112,61373334,1182130,1456.25,688.69,0.02,0.08
29-5-2021 17:15:3,1622322903.1400392,1000.0,99.3,7558.77,2905.45,11973.35,21.5,176612195,166352115,0.0005429932791040754,0.00034468348941509106,0,0,6.533085931360241,252155,880,0,602112,61450694,1185439,1463.06,692.08,0.02,0.08
29-5-2021 17:15:8,1622322908.1433723,1000.0,89.1,7571.43,2911.51,11974.72,21.6,176908658,166529167,0.0005925310079588287,0.0003538681050287103,0,0,6.589016740458592,253169,882,0,602112,61526954,1187645,1469.2,694.63,0.02,0.08
29-5-2021 17:15:13,1622322913.1470604,1000.0,99.2,7584.26,2917.61,11975.67,21.5,177154597,166702317,0.0004915154486696496,0.00034604475067862283,0,0,6.551457365005684,254185,885,0,602112,61604309,1190954,1475.77,698.06,0.02,0.08
29-5-2021 17:15:18,1622322918.1515374,1000.0,84.9,7597.55,2922.71,11976.98,21.4,177481409,166882838,0.00065303926549685,0.0003607190104609282,0,0,6.545231490270284,255199,887,0,602112,61680575,1193160,1482.83,700.69,0.02,0.08
29-5-2021 17:15:23,1622322923.1589937,1000.0,87.5,7610.1,2928.7,11978.17,21.6,177831893,167072951,0.0006999242306218878,0.0003796598282837988,0,0,6.472766390891035,256215,890,0,602112,61757957,1196467,1488.99,703.89,0.02,0.08
29-5-2021 17:15:28,1622322928.162486,1000.0,98.5,7623.6,2934.19,11978.96,21.5,178132484,167247604,0.0006007623848546337,0.00034906219015877504,0,0,6.535331328805796,257229,892,0,602112,61834217,1198673,1495.67,707.38,0.02,0.08
29-5-2021 17:15:33,1622322933.1673212,1000.0,93.2,7636.77,2939.95,11979.88,21.5,178478333,167435325,0.0006910297564267952,0.0003750792886670033,0,0,6.538189107372864,258245,895,0,602112,61911601,1201980,1501.87,710.8,0.02,0.08
29-5-2021 17:15:38,1622322938.1703818,1000.0,94.0,7650.27,2945.15,11980.95,21.6,178857829,167624074,0.0007585276931687733,0.0003772670688437106,0,0,6.5150206882755555,259256,898,0,602112,61988671,1205289,1508.18,712.98,0.02,0.08
29-5-2021 17:15:43,1622322943.1762857,1000.0,93.9,7664.3,2950.32,11981.61,21.5,179231983,167788818,0.0007474254461211063,0.0003290994021065538,0,0,6.525431167341307,260265,900,0,602112,62064666,1207495,1515.76,716.26,0.02,0.08
29-5-2021 17:15:48,1622322948.1832573,1000.0,96.5,7677.37,2956.42,11982.29,21.5,179659518,167975666,0.0008538794192458073,0.00037317567386819936,0,0,6.54298609282473,261270,903,0,602112,62141405,1210804,1521.44,719.07,0.02,0.08
29-5-2021 17:15:53,1622322953.1869652,1000.0,97.5,7690.42,2962.2,11983.26,21.5,179944091,168148728,0.0005687242470945923,0.0003458675125563013,0,0,6.543292283385488,262273,905,0,602112,62217054,1213010,1528.51,722.69,0.02,0.08
29-5-2021 17:15:58,1622322958.1901004,1000.0,95.2,7702.31,2967.65,11985.59,21.4,180180596,168312657,0.00047271358926301917,0.00032765254846323533,0,0,6.540026250737409,263282,907,0,602112,62293025,1215216,1534.03,725.96,0.02,0.08
29-5-2021 17:16:3,1622322963.2075963,1000.0,89.6,7715.87,2972.68,11986.78,21.6,180471237,168497746,0.0005792550855967357,0.00036888719945917545,0,0,6.443372097058325,264293,910,0,602112,62370090,1218525,1540.62,728.03,0.02,0.08
29-5-2021 17:16:8,1622322968.2173808,1000.0,98.8,7729.53,2977.86,11987.74,21.5,180801974,168672652,0.0006601820949309411,0.0003491287926539552,0,0,6.537882916812107,265304,913,0,602112,62447127,1221832,1546.86,730.7,0.02,0.08
29-5-2021 17:16:13,1622322973.23013,1000.0,95.0,7742.61,2983.67,11988.68,21.7,181344822,169032409,0.0010829346908693529,0.0007176840212786744,0,0,6.534208630083019,266313,915,0,602112,62523106,1224036,1553.2,733.92,0.02,0.08
29-5-2021 17:16:18,1622322978.2426531,1000.0,96.7,7755.91,2989.06,11989.81,21.5,181741442,169222809,0.0007912581871634032,0.000379848617911129,0,0,6.541965457622206,267324,918,0,602112,62600161,1227345,1559.93,737.03,0.02,0.08
29-5-2021 17:16:23,1622322983.2438457,1000.0,98.5,7769.43,2994.65,11990.77,21.5,182101130,169409573,0.0007192044597059512,0.0003734389296071103,0,0,6.551763555566442,268340,921,0,602112,62677524,1230648,1565.73,739.79,0.02,0.08
29-5-2021 17:16:28,1622322988.2489362,1000.0,98.2,7782.48,3000.57,11991.75,21.5,182439556,169592413,0.000676163601207286,0.00036530808166257965,0,0,6.542577838743721,269356,924,0,602112,62754903,1233957,1572.26,743.14,0.02,0.08
29-5-2021 17:16:33,1622322993.2498293,1000.0,94.4,7794.93,3006.38,11992.87,21.7,182735641,169763875,0.0005920642435905223,0.00034286275675741133,0,0,6.445821621544384,270370,926,0,602112,62831175,1236163,1578.77,746.32,0.02,0.08
29-5-2021 17:16:38,1622322998.2640767,1000.0,93.5,7808.49,3011.36,11994.23,21.6,183045937,169933550,0.0006188286579560215,0.00033838577531997816,0,0,6.463784801108819,271384,928,0,602112,62907465,1238365,1585.03,749.18,0.02,0.08
29-5-2021 17:16:43,1622323003.2672465,1000.0,99.0,7821.97,3016.83,11995.15,21.6,183172565,170099209,0.0002530955488108902,0.0003311080923686961,0,0,6.539311806095642,272394,931,0,602112,62984517,1241674,1591.32,752.46,0.02,0.08
29-5-2021 17:16:48,1622323008.27038,1000.0,94.0,7835.85,3021.91,11996.09,21.5,183296502,170266863,0.00024771875290444264,0.00033509799171709356,0,0,6.535025138245038,273408,933,0,602112,63060798,1243880,1597.85,755.27,0.02,0.08
29-5-2021 17:16:53,1622323013.2762167,1000.0,92.4,7848.86,3027.76,11997.07,21.6,183585910,170449530,0.0005781411098389641,0.00036490802642274593,0,0,6.4588857521367,274424,936,0,602112,63138173,1247189,1603.95,758.35,0.02,0.08
29-5-2021 17:16:58,1622323018.279465,1000.0,72.5,7860.58,3032.52,12000.29,21.6,183758387,170601763,0.00034473004855625484,0.00030426833422348684,0,0,6.460314641420234,275436,937,0,602112,63213305,1248292,1609.39,760.85,0.02,0.08
29-5-2021 17:17:3,1622323023.2830844,1000.0,99.2,7874.37,3037.93,12000.93,21.5,184051011,170768217,0.0005848246533345093,0.00033266718671791243,0,0,6.549722285161392,276450,939,0,602112,63289602,1250498,1615.77,764.14,0.02,0.08
29-5-2021 17:17:8,1622323028.2832477,1000.0,88.6,7887.17,3043.58,12002.26,21.6,184343174,170950122,0.0005843069145814663,0.00036379811713646706,0,0,6.524716722699539,277466,942,0,602112,63367003,1253807,1621.76,766.91,0.02,0.08
29-5-2021 17:17:13,1622323033.2877836,1000.0,87.8,7900.41,3049.08,12003.34,21.4,184703571,171119689,0.0007201407008193451,0.0003388266223521114,0,0,6.5444149821082656,278482,945,0,602112,63444366,1257116,1628.45,770.69,0.02,0.08
29-5-2021 17:17:18,1622323038.2885945,1000.0,88.2,7913.33,3054.82,12004.47,21.5,185077099,171310250,0.000746934867841457,0.0003810602025838381,0,0,6.505018463290814,279496,947,0,602112,63520643,1259322,1634.57,773.48,0.02,0.08
29-5-2021 17:17:23,1622323043.2917027,1000.0,95.6,7926.74,3060.48,12005.28,21.4,185485320,171481062,0.0008159347720249706,0.00034141176049034535,0,0,6.540638631858924,280510,949,0,602112,63596905,1261528,1640.89,776.73,0.02,0.08
29-5-2021 17:17:28,1622323048.3002453,1000.0,89.1,7939.24,3066.16,12006.67,21.6,185751855,171669143,0.0005321607992631151,0.0003755204205309094,0,0,6.47256226385053,281526,952,0,602112,63674255,1264837,1647.56,779.34,0.02,0.08
29-5-2021 17:17:33,1622323053.3064575,1000.0,97.2,7952.57,3071.88,12007.57,21.5,186046101,171847369,0.0005877617372519571,0.00035600967688079806,0,0,6.552171809647452,282544,956,0,602112,63752722,1269249,1653.28,782.55,0.02,0.08
29-5-2021 17:17:38,1622323058.311153,1000.0,87.7,7965.41,3077.46,12008.95,21.6,186419240,172037282,0.0007455778404507715,0.0003794696464682795,0,0,6.444188605220345,283552,958,0,602112,63828691,1271455,1659.42,785.39,0.02,0.08
29-5-2021 17:17:43,1622323063.3131275,1000.0,99.3,7978.59,3083.43,12009.61,21.5,186776084,172223579,0.000713406264070557,0.000372446914555247,0,0,6.547476887715839,284568,961,0,602112,63906035,1274764,1665.33,788.55,0.02,0.08
29-5-2021 17:17:48,1622323068.3171256,1000.0,96.5,7991.8,3088.77,12010.86,21.5,187094593,172404173,0.0006365090421310665,0.00036089942185187177,0,0,6.537984980332359,285582,963,0,602112,63982295,1276970,1672.16,791.87,0.02,0.08
29-5-2021 17:17:53,1622323073.320481,1000.0,97.0,8004.84,3094.53,12011.88,21.5,187463949,172590573,0.0007382165823964764,0.00037254998147776995,0,0,6.438575111606459,286598,966,0,602112,64059720,1280277,1678.98,794.98,0.02,0.08
29-5-2021 17:17:58,1622323078.325777,1000.0,83.3,8016.84,3099.83,12014.38,21.6,187727847,172751516,0.0005272375508405294,0.00032154541961260536,0,0,6.453884639644329,287612,968,0,602112,64136003,1282483,1683.96,798.03,0.02,0.08
29-5-2021 17:18:3,1622323083.3403664,1000.0,99.0,8030.65,3105.36,12015.07,21.5,188040477,172926248,0.0006234408855691078,0.0003484472789471943,0,0,6.543598473946245,288628,971,0,602112,64213336,1285792,1690.29,800.98,0.02,0.08
29-5-2021 17:18:8,1622323088.350154,1000.0,94.6,8043.7,3111.2,12016.06,21.5,188343669,173112007,0.0006051993151376233,0.000370792169914278,0,0,6.54625212547281,289642,973,0,602112,64289616,1287998,1696.35,804.62,0.02,0.08
29-5-2021 17:18:13,1622323093.3539174,1000.0,94.0,8056.73,3117.01,12017.05,21.7,188843979,173477202,0.0009998674123428426,0.0007298406580930711,0,0,6.515939259957827,290658,976,0,602112,64366995,1291307,1702.48,807.3,0.02,0.08
29-5-2021 17:18:18,1622323098.35496,1000.0,99.3,8070.16,3123.01,12017.62,21.6,189145221,173652212,0.0006023583956916638,0.00034994702873436664,0,0,6.537882916812107,291672,978,0,602112,64443247,1293513,1709.42,810.95,0.02,0.08
29-5-2021 17:18:23,1622323103.3656583,1000.0,89.2,8083.21,3128.75,12018.72,21.5,189450641,173830216,0.0006095357983806164,0.00035524788898874747,0,0,6.546864506594324,292686,980,0,602112,64519530,1295719,1715.71,814.38,0.02,0.08
29-5-2021 17:18:28,1622323108.3664262,1000.0,93.7,8096.38,3134.55,12019.49,21.6,189737863,174009361,0.0005743557851265005,0.00035823497895873897,0,0,6.442963842977316,293702,983,0,602112,64596880,1299026,1722.26,817.21,0.02,0.08
29-5-2021 17:18:33,1622323113.3696854,1000.0,98.5,8109.83,3139.98,12020.47,21.6,190079325,174206011,0.000682479135260629,0.0003930437997463926,0,0,6.456844481731651,294720,987,0,602112,64675328,1303438,1728.93,820.11,0.02,0.08
29-5-2021 17:18:38,1622323118.3831935,1000.0,89.4,8121.69,3145.02,12023.18,21.5,190398525,174378400,0.000636679935117533,0.00034384905180130453,0,0,6.463580674068313,295734,989,0,602112,64751633,1305644,1734.09,822.43,0.02,0.08
29-5-2021 17:18:43,1622323123.393231,1000.0,99.3,8134.91,3151.0,12023.98,21.5,190743009,174566805,0.0006875876784371279,0.00037605507528926476,0,0,6.547476887715839,296750,992,0,602112,64829011,1308953,1740.04,825.79,0.02,0.08
29-5-2021 17:18:48,1622323128.3964071,1000.0,97.2,8147.91,3156.86,12024.83,21.5,191096433,174752344,0.000706399265191513,0.0003708424251447783,0,0,6.529207517590647,297764,994,0,602112,64905309,1311159,1746.34,829.14,0.02,0.08
29-5-2021 17:18:53,1622323133.4019616,1000.0,90.2,8160.48,3162.94,12026.16,21.6,191372967,174933929,0.0005524542854248265,0.0003627670066569287,0,0,6.522573388774237,298780,997,0,602112,64982700,1314468,1752.65,832.13,0.02,0.08
29-5-2021 17:18:58,1622323138.4091966,1000.0,94.8,8172.78,3168.66,12027.93,21.6,191562611,175080912,0.0003787399594759818,0.00029354124287432365,0,0,6.524818786219792,299794,999,0,602112,65058962,1316672,1757.94,835.19,0.02,0.08
29-5-2021 17:19:3,1622323143.40668,1000.0,94.0,8185.59,3174.25,12029.27,21.5,191886218,175255969,0.0006475399078849661,0.00035029030167647336,0,0,6.553804825971492,300806,1000,0,602112,65134129,1317775,1765.22,838.7,0.02,0.08
29-5-2021 17:19:8,1622323148.407396,1000.0,89.4,8198.66,3179.77,12030.55,21.6,192240267,175447483,0.000707996618991526,0.0003829731604651987,0,0,6.483993378118806,301822,1003,0,602112,65211481,1321084,1771.12,841.31,0.02,0.08
29-5-2021 17:19:13,1622323153.407954,1000.0,97.8,8212.1,3185.6,12031.44,21.5,192594852,175622853,0.0007090908797140822,0.00035070086883387227,0,0,6.5918745190256605,302838,1006,0,602112,65288846,1324391,1777.84,844.71,0.02,0.08
29-5-2021 17:19:18,1622323158.4123645,1000.0,94.3,8225.17,3191.2,12032.42,21.5,192854774,175793978,0.0005193858491924186,0.0003419483669833743,0,0,6.501548303602229,303847,1008,0,602112,65364790,1326597,1784.75,847.94,0.02,0.08
29-5-2021 17:19:23,1622323163.413194,1000.0,99.5,8238.5,3197.58,12032.83,21.5,193158776,175973245,0.0006079031539443696,0.000358474532069346,0,0,6.586261025411775,304858,1011,0,602112,65441845,1329906,1791.29,851.44,0.02,0.08
29-5-2021 17:19:28,1622323168.4157817,1000.0,99.5,8252.08,3202.97,12033.66,21.5,193492207,176160902,0.0006665170380739568,0.0003751198533245094,0,0,6.535229265285543,305869,1014,0,602112,65518903,1333215,1798.24,854.39,0.02,0.08
29-5-2021 17:19:33,1622323173.4185438,1000.0,92.5,8265.73,3208.24,12034.6,21.5,193841465,176342936,0.0006981303417354105,0.0003638669941059724,0,0,6.537372599210844,306878,1016,0,602112,65594897,1335421,1805.27,857.66,0.02,0.08
29-5-2021 17:19:38,1622323178.4220543,1000.0,95.8,8278.84,3214.39,12035.36,21.6,194130263,176525385,0.0005771907572369786,0.00036464198667279384,0,0,6.598610711362324,307891,1020,0,602112,65673071,1339831,1810.89,860.54,0.02,0.08
29-5-2021 17:19:43,1622323183.4292853,1000.0,98.8,8292.21,3219.97,12036.25,21.5,194415701,176693225,0.000570051591720329,0.0003351952408380805,0,0,6.543904664507003,308892,1021,0,602112,65747604,1340934,1817.65,864.2,0.02,0.08
29-5-2021 17:19:48,1622323188.4406605,1000.0,93.2,8305.35,3225.32,12037.56,21.7,194696088,176869590,0.0005595011138361817,0.0003519293474437766,0,0,6.585648644290261,309895,1023,0,602112,65823217,1343140,1824.22,866.5,0.02,0.08
29-5-2021 17:19:53,1622323193.4432108,1000.0,99.5,8318.79,3230.6,12038.7,21.4,195005507,177044995,0.0006185225085490251,0.0003506311526184292,0,0,6.548701649958868,310898,1025,0,602112,65898844,1345346,1831.01,869.75,0.02,0.08
29-5-2021 17:19:58,1622323198.4454904,1000.0,84.7,8330.88,3235.77,12041.19,21.4,195264975,177197529,0.0005186995228091441,0.00030492898165542567,0,0,6.550232602762655,311907,1027,0,602112,65974826,1347552,1836.17,872.08,0.02,0.08
29-5-2021 17:20:3,1622323203.449664,1000.0,97.3,8344.27,3241.36,12042.06,21.6,195456737,177379461,0.00038320411992819487,0.00036356051744754615,0,0,6.5399241872171565,312922,1032,0,602112,66054091,1353065,1842.31,874.91,0.02,0.08
29-5-2021 17:20:8,1622323208.4599123,1000.0,98.7,8357.37,3247.07,12043.18,21.4,195775649,177555130,0.0006365193664566149,0.000350619357647461,0,0,6.561357526470174,313931,1034,0,602112,66130034,1355271,1848.69,878.02,0.02,0.08
29-5-2021 17:20:13,1622323213.4703982,1000.0,88.5,8370.29,3252.75,12044.59,21.7,196257388,177935209,0.0009614616442672482,0.0007585671500365374,0,0,6.475522105937852,314947,1037,0,602112,66207390,1358580,1855.15,880.85,0.02,0.08
29-5-2021 17:20:18,1622323218.4792213,1000.0,99.5,8383.54,3258.83,12045.39,21.6,196593697,178127247,0.0006714331680350555,0.00038339944135635975,0,0,6.549211967560131,315963,1040,0,602112,66284717,1361885,1861.4,883.77,0.02,0.08
29-5-2021 17:20:23,1622323223.483082,1000.0,98.8,8397.03,3264.64,12046.37,21.6,196964184,178322143,0.000740402303980429,0.0003894912572818201,0,0,6.5587038749436095,316984,1043,0,602112,66362386,1365194,1868.24,886.89,0.02,0.08
29-5-2021 17:20:28,1622323228.486415,1000.0,96.6,8409.84,3270.9,12047.4,21.6,197342523,178518036,0.0007561739566240478,0.00039152502090705586,0,0,6.554111016532249,318005,1046,0,602112,66440047,1368503,1874.73,890.26,0.02,0.08
29-5-2021 17:20:33,1622323233.4927835,1000.0,98.8,8421.97,3277.03,12049.46,21.6,197728320,178694199,0.0007706124497948208,0.0003518778035941312,0,0,6.556968795099317,319024,1048,0,602112,66516585,1370709,1879.61,892.96,0.02,0.08
29-5-2021 17:20:38,1622323238.5006518,1000.0,93.1,8434.43,3283.27,12050.91,21.6,197978209,178862860,0.0004989927560627183,0.00033679200457120614,0,0,6.553294508370229,320043,1050,0,602112,66593131,1372915,1886.12,896.75,0.02,0.08
29-5-2021 17:20:43,1622323243.5070472,1000.0,93.8,8447.21,3289.69,12051.98,21.5,198271236,179044376,0.0005853053546546337,0.00036256825055537713,0,0,6.4729705179315395,321064,1053,0,602112,66670794,1376222,1892.3,899.26,0.02,0.08
29-5-2021 17:20:48,1622323248.5103033,1000.0,96.0,8460.1,3295.8,12053.08,21.5,198574417,179219523,0.0006059673840368371,0.000350066031221943,0,0,6.548395459398111,322083,1055,0,602112,66747339,1378428,1898.89,902.77,0.02,0.08
29-5-2021 17:20:53,1622323253.514614,1000.0,93.3,8472.8,3302.14,12054.12,21.6,198851426,179403710,0.0005535407541744124,0.0003680566728486168,0,0,6.464601309270838,323104,1058,0,602112,66825011,1381737,1905.07,906.11,0.02,0.08
29-5-2021 17:20:58,1622323258.5168417,1000.0,81.1,8484.83,3308.04,12056.43,21.5,199055100,179564843,0.00040716660363112803,0.0003221224915447949,0,0,6.59554880575475,324123,1060,0,602112,66901572,1383941,1909.75,908.87,0.02,0.08
29-5-2021 17:21:3,1622323263.5305743,1000.0,98.8,8498.03,3314.07,12057.32,21.5,199430291,179742013,0.0007483266950289263,0.0003533694586444634,0,0,6.538495297933622,325144,1063,0,602112,66979231,1387250,1916.92,912.14,0.02,0.08
29-5-2021 17:21:8,1622323268.5338702,1000.0,96.5,8510.61,3320.33,12058.45,21.6,199763368,179935461,0.0006657151740795862,0.0003866411340181033,0,0,6.5996313465648475,326165,1066,0,602112,67056863,1390559,1923.2,915.2,0.02,0.08
29-5-2021 17:21:13,1622323273.5463755,1000.0,93.0,8523.88,3326.21,12059.56,21.6,200114992,180117784,0.0007014935236050316,0.00036373627427092626,0,0,6.450822734036755,327184,1068,0,602112,67133430,1392765,1929.99,918.29,0.02,0.08
29-5-2021 17:21:18,1622323278.5722802,1000.0,91.7,8537.22,3332.15,12060.28,21.5,200448330,180300498,0.0006632398002976446,0.0003635445009917376,0,0,6.559010065504367,328205,1071,0,602112,67211093,1396074,1936.35,921.17,0.02,0.08
29-5-2021 17:21:23,1622323283.5748339,1000.0,98.8,8550.75,3338.07,12060.99,21.6,200757774,180480489,0.0006185720703275071,0.0003597982365478676,0,0,6.487769728368146,329226,1074,0,602112,67288773,1399381,1943.23,924.58,0.02,0.08
29-5-2021 17:21:28,1622323288.57887,1000.0,98.3,8563.78,3343.9,12062.06,21.6,201078572,180672660,0.0006410784973163096,0.0003840319949244463,0,0,6.6051427766584805,330242,1077,0,602112,67366132,1402690,1949.47,927.7,0.02,0.08
29-5-2021 17:21:33,1622323293.582754,1000.0,87.8,8576.59,3349.95,12063.23,21.4,201321616,180837609,0.0004857107155896685,0.00032964194477460966,0,0,6.546456252513313,331258,1080,0,602112,67443487,1405995,1956.45,931.65,0.02,0.08
29-5-2021 17:21:38,1622323298.585062,1000.0,98.5,8589.31,3356.16,12064.41,21.6,201646242,181014187,0.0006489524266527927,0.0003529930492120065,0,0,6.547374824195587,332272,1082,0,602112,67519707,1408199,1961.84,933.95,0.02,0.08
29-5-2021 17:21:43,1622323303.5886488,1000.0,94.6,8602.33,3362.08,12065.7,21.6,201953483,181188655,0.0006140415149731037,0.00034868586885971426,0,0,6.475420042417598,333286,1084,0,602112,67595964,1410405,1968.79,936.72,0.02,0.08
29-5-2021 17:21:48,1622323308.593313,1000.0,96.8,8614.85,3368.8,12066.37,21.6,202282155,181377519,0.0006567313769794536,0.00037737596990874647,0,0,6.600856108807878,334302,1087,0,602112,67673310,1413714,1975.19,940.08,0.02,0.08
29-5-2021 17:21:53,1622323313.5943947,1000.0,95.3,8627.54,3375.37,12067.07,21.6,202587290,181543687,0.0006101380021230873,0.0003322641176423195,0,0,6.547885141796848,335310,1089,0,602112,67749206,1415920,1982.08,943.42,0.02,0.08
29-5-2021 17:21:58,1622323318.6073234,1000.0,75.4,8638.58,3381.22,12070.21,21.7,202799296,181702838,0.00042291844081639526,0.0003174810749430211,0,0,6.55747911270058,336324,1091,0,602112,67825443,1418126,1986.14,945.81,0.02,0.08
29-5-2021 17:22:3,1622323323.619532,1000.0,93.3,8650.3,3387.13,12072.72,21.6,203132418,181873132,0.0006646211678855936,0.0003397583983162603,0,0,6.562071971111941,337336,1092,0,602112,67900591,1419229,1992.19,948.8,0.02,0.08
29-5-2021 17:22:8,1622323328.6254256,1000.0,96.3,8662.78,3394.07,12073.28,21.5,203461307,182068059,0.0006570035939560413,0.0003893950225123652,0,0,6.559826573666387,338354,1096,0,602112,67979073,1423639,1998.34,951.78,0.02,0.08
29-5-2021 17:22:13,1622323333.663476,1000.0,95.1,8675.9,3400.21,12074.1,21.6,204015500,182458077,0.0011000147965083717,0.0007741446949070127,0,0,6.545537680831042,339368,1098,0,602112,68055372,1425845,2005.33,954.72,0.02,0.08
29-5-2021 17:22:18,1622323338.6731,1000.0,93.1,8688.53,3406.54,12075.05,21.6,204277331,182643547,0.000522655991291786,0.0003702273860042835,0,0,6.562786415753709,340384,1101,0,602112,68132753,1429154,2011.8,958.27,0.02,0.08
29-5-2021 17:22:23,1622323343.6733797,1000.0,98.8,8701.01,3413.5,12075.86,21.5,204565082,182813747,0.0005754698122477643,0.00034038096147213904,0,0,6.5609492723891645,341400,1104,0,602112,68210131,1432463,2018.51,961.58,0.02,0.08
29-5-2021 17:22:28,1622323348.6773002,1000.0,90.1,8713.36,3420.0,12076.93,21.5,204889691,182996184,0.0006487093398559289,0.00036458812243436283,0,0,6.559316256065125,342414,1106,0,602112,68286370,1434669,2024.5,964.89,0.02,0.08
29-5-2021 17:22:33,1622323353.6847625,1000.0,99.0,8725.25,3426.87,12078.14,21.6,205235552,183167448,0.0006906911761435453,0.0003420175550034498,0,0,6.576769118028296,343430,1109,0,602112,68363735,1437978,2030.46,968.18,0.02,0.08
29-5-2021 17:22:38,1622323358.7273457,1000.0,89.2,8737.89,3433.07,12079.23,21.6,205532877,183348323,0.0005896283444539127,0.0003586951208378087,0,0,6.487667664847894,344444,1111,0,602112,68439982,1440184,2037.05,970.73,0.02,0.08
29-5-2021 17:22:43,1622323363.7332547,1000.0,97.2,8750.36,3439.61,12080.37,21.5,205855589,183518761,0.0006446621426552026,0.00034047363057421913,0,0,6.553498635410734,345452,1113,0,602112,68515900,1442390,2043.5,973.87,0.02,0.08
29-5-2021 17:22:48,1622323368.736969,1000.0,89.1,8761.91,3446.74,12081.69,21.5,206111392,183690269,0.0005112262281280514,0.00034276137470547977,0,0,6.517061958680605,346460,1115,0,602112,68591841,1444596,2049.2,977.13,0.02,0.08
29-5-2021 17:22:53,1622323373.7521632,1000.0,90.8,8773.99,3453.83,12082.84,21.6,206452472,183875219,0.0006800933082940925,0.00036877934023980417,0,0,6.554213080052501,347474,1117,0,602112,68668109,1446802,2055.52,980.16,0.02,0.08
29-5-2021 17:22:58,1622323378.7639084,1000.0,97.0,8785.42,3459.99,12085.19,21.7,206652250,184023729,0.0003986196254021556,0.00029632392239623044,0,0,6.572686577218198,348488,1119,0,602112,68744367,1449008,2060.46,982.97,0.02,0.08
29-5-2021 17:23:3,1622323383.771905,1000.0,99.0,8798.72,3465.97,12086.3,21.8,206990837,184223332,0.0006760927169205896,0.00039856856458015354,0,0,6.536249900488069,349504,1122,0,602112,68821752,1452317,2067.73,986.08,0.02,0.08
29-5-2021 17:23:8,1622323388.7737706,1000.0,96.0,8812.03,3471.31,12087.1,21.6,207329319,184397980,0.0006767115019691987,0.000349165717515013,0,0,6.587689914695309,350520,1125,0,602112,68899096,1455626,2074.4,989.62,0.02,0.08
29-5-2021 17:23:13,1622323393.7781844,1000.0,87.9,8824.35,3476.99,12088.75,21.7,207635106,184588717,0.0006110345978245961,0.0003811375437323038,0,0,6.5465583160335665,351538,1129,0,602112,68977532,1460038,2080.0,992.09,0.02,0.08
29-5-2021 17:23:18,1622323398.7816029,1000.0,99.0,8837.87,3482.51,12089.49,21.5,207956524,184761926,0.0006423968002985629,0.000346181319599132,0,0,6.562786415753709,352554,1132,0,602112,69054889,1463347,2086.53,995.53,0.02,0.08
29-5-2021 17:23:23,1622323403.7880437,1000.0,90.7,8851.32,3487.78,12090.6,21.5,208312866,184954363,0.0007117671189766333,0.00038437885254757057,0,0,6.558397684382852,353568,1134,0,602112,69131149,1465553,2092.85,998.31,0.02,0.08
29-5-2021 17:23:28,1622323408.803407,1000.0,87.2,8864.55,3492.89,12091.92,21.6,208669568,185140603,0.0007112186787062419,0.00037133900769339815,0,0,6.544312918588012,354584,1137,0,602112,69208527,1468862,2099.71,1000.95,0.02,0.08
29-5-2021 17:23:33,1622323413.805463,1000.0,98.8,8878.44,3498.17,12092.55,21.6,209005095,185303253,0.0006707781596770737,0.00032516628370138925,0,0,6.597283885599041,355600,1140,0,602112,69285890,1472171,2106.66,1004.14,0.02,0.08
29-5-2021 17:23:38,1622323418.8231657,1000.0,99.0,8890.83,3503.42,12094.56,21.6,209258426,185480126,0.0005048744838625529,0.0003524979753138042,0,0,6.561357526470174,356614,1142,0,602112,69362124,1474377,2111.38,1006.25,0.02,0.08
29-5-2021 17:23:43,1622323423.827851,1000.0,94.0,8904.57,3508.69,12095.38,21.5,209518581,185658498,0.0005198228841724512,0.0003564100151663757,0,0,6.55952038310563,357628,1144,0,602112,69438363,1476583,2118.57,1009.49,0.02,0.08
29-5-2021 17:23:48,1622323428.8306577,1000.0,98.0,8917.22,3514.69,12096.48,21.6,209827695,185835030,0.0006178811630968105,0.0003528659248167542,0,0,6.561153399429669,358644,1147,0,602112,69515713,1479892,2124.39,1012.41,0.02,0.08
29-5-2021 17:23:53,1622323433.8332174,1000.0,93.2,8930.63,3519.73,12097.7,21.5,210126364,186012316,0.000597032359807258,0.00035439057599144725,0,0,6.5692164175296135,359652,1149,0,602112,69591656,1482098,2131.31,1015.76,0.02,0.08
29-5-2021 17:23:58,1622323438.8365896,1000.0,75.3,8941.47,3525.59,12100.71,21.6,210354881,186170763,0.00045672596643499106,0.00031668041854096204,0,0,6.486136712044107,360664,1150,0,602112,69666818,1483201,2135.66,1018.43,0.02,0.08
29-5-2021 17:24:3,1622323443.8407722,1000.0,99.5,8954.78,3531.45,12101.5,21.6,210703399,186345506,0.0006964534059819631,0.0003491938939208482,0,0,6.557172922139823,361680,1153,0,602112,69744195,1486508,2141.91,1021.8,0.02,0.08
29-5-2021 17:24:8,1622323448.8469386,1000.0,89.2,8967.82,3536.64,12102.72,21.7,211063019,186527074,0.0007183540599533733,0.00036268869906460726,0,0,6.483891314598554,362694,1155,0,602112,69820448,1488714,2148.45,1024.47,0.02,0.08
29-5-2021 17:24:13,1622323453.8513656,1000.0,97.0,8981.31,3542.31,12103.38,21.8,211555495,186934215,0.0009840807035701804,0.0008135616796194471,0,0,6.549926412201898,363712,1159,0,602112,69898899,1493126,2154.86,1027.31,0.02,0.08
29-5-2021 17:24:18,1622323458.8539834,1000.0,97.5,8995.07,3547.81,12104.02,21.6,211854710,187110705,0.0005981168456380317,0.00035279528795901344,0,0,6.560030700706893,364728,1162,0,602112,69976252,1496435,2161.11,1030.77,0.02,0.08
29-5-2021 17:24:23,1622323463.8578181,1000.0,95.8,9008.96,3552.97,12104.85,21.6,212212447,187292652,0.000714925691397646,0.0003636151272379639,0,0,6.556356413977802,365747,1164,0,602112,70052846,1498641,2168.34,1033.49,0.02,0.08
29-5-2021 17:24:28,1622323468.8642612,1000.0,99.3,9022.31,3558.77,12105.6,21.6,212563088,187478370,0.000700379487674955,0.00037095798178768966,0,0,6.561051335909417,366768,1167,0,602112,70130500,1501950,2174.99,1035.75,0.02,0.08
29-5-2021 17:24:33,1622323473.8652718,1000.0,93.5,9035.83,3564.52,12106.44,21.6,212912033,187650195,0.0006977489631149939,0.00034358055162628443,0,0,6.555437842295531,367787,1169,0,602112,70207068,1504156,2182.18,1039.24,0.02,0.08
29-5-2021 17:24:38,1622323478.8660638,1000.0,92.9,9048.95,3569.83,12107.44,21.8,213281634,187837315,0.0007390849250278024,0.0003741807277880806,0,0,6.491341951576983,368808,1172,0,602112,70284733,1507465,2188.69,1041.76,0.02,0.08
29-5-2021 17:24:43,1622323483.9030807,1000.0,99.3,9062.09,3575.94,12108.07,21.7,213580965,188014204,0.0005942624529739033,0.0003511780973039905,0,0,6.56411324151699,369829,1175,0,602112,70362421,1510774,2195.1,1045.29,0.02,0.08
29-5-2021 17:24:48,1622323488.9070966,1000.0,95.5,9075.18,3581.85,12108.93,21.6,213899558,188194422,0.0006366746327974872,0.00036014673572080225,0,0,6.549620221641141,370848,1177,0,602112,70438998,1512980,2201.85,1048.49,0.02,0.08
29-5-2021 17:24:53,1622323493.9128232,1000.0,94.5,9087.92,3588.11,12110.14,21.6,214227890,188389036,0.000655912773150525,0.0003887827212514049,0,0,6.555744032856288,371869,1180,0,602112,70516687,1516289,2208.07,1052.01,0.02,0.08
29-5-2021 17:24:58,1622323498.9131973,1000.0,98.7,9099.6,3593.46,12112.87,21.6,214477894,188547691,0.0004999705943249467,0.00031728626199030576,0,0,6.556866731579065,372888,1182,0,602112,70593270,1518495,2213.41,1054.76,0.02,0.08
29-5-2021 17:25:3,1622323503.9176643,1000.0,92.9,9111.75,3600.31,12114.03,21.6,214776486,188737041,0.0005966509507878323,0.00037836197062103484,0,0,6.540842758899429,373903,1185,0,602112,70670607,1521802,2219.55,1057.32,0.02,0.08
29-5-2021 17:25:8,1622323508.9335642,1000.0,99.2,9124.29,3606.99,12114.76,21.6,215086318,188913862,0.0006176997276374619,0.00035252099053869083,0,0,6.600958172328131,374918,1188,0,602112,70747952,1525111,2226.56,1060.81,0.02,0.08
29-5-2021 17:25:13,1622323513.9363422,1000.0,90.9,9136.96,3613.16,12115.99,21.6,215427951,189087901,0.0006828865809382871,0.00034788471154694817,0,0,6.570543243292895,375926,1190,0,602112,70823875,1527317,2233.11,1063.81,0.02,0.08
29-5-2021 17:25:18,1622323518.9419122,1000.0,99.3,9149.2,3620.17,12116.87,21.7,215701202,189265065,0.0005458938813297451,0.00035393372244530834,0,0,6.509305131141417,376936,1193,0,602112,70900938,1530626,2239.69,1066.77,0.02,0.08
29-5-2021 17:25:23,1622323523.9436593,1000.0,89.5,9162.38,3626.19,12117.77,21.5,216000491,189433065,0.0005983689141825137,0.00033588263378427644,0,0,6.576564990987792,377939,1195,0,602112,70976587,1532832,2245.97,1070.22,0.02,0.08
29-5-2021 17:25:28,1622323528.9469,1000.0,59.1,9172.1,3630.54,12125.13,21.6,216139510,189562744,0.00027785791554317177,0.00025919001452839516,0,0,6.576564990987792,378943,1195,0,602112,71050322,1532832,2246.92,1070.34,0.02,0.08
29-5-2021 17:25:33,1622323533.9505246,1000.0,93.6,9184.07,3636.91,12127.24,21.7,216361128,189732513,0.0004429149152404594,0.00033929203514812675,0,0,6.489913062293449,379951,1197,0,602112,71126229,1535038,2253.39,1073.17,0.02,0.08
29-5-2021 17:25:38,1622323538.953104,1000.0,90.0,9197.14,3642.97,12128.29,21.6,216620801,189900785,0.0005190782126778145,0.00033637046979748066,0,0,6.567889591766332,380959,1199,0,602112,71202168,1537244,2260.06,1076.46,0.02,0.08
29-5-2021 17:25:43,1622323543.9556403,1000.0,98.8,9209.51,3648.57,12130.6,21.7,216894528,190073814,0.0005471764396245611,0.00034588254783707187,0,0,6.576054673386529,381969,1202,0,602112,71279229,1540553,2265.43,1078.75,0.02,0.08
29-5-2021 17:25:48,1622323548.9587262,1000.0,93.1,9223.02,3654.52,12131.42,21.6,217219539,190249847,0.0006496210731454029,0.00035184884932819104,0,0,6.574625784102994,382977,1204,0,602112,71355152,1542759,2272.66,1082.61,0.02,0.08
29-5-2021 17:25:54,1622323554.0033438,1000.0,98.2,9236.08,3660.38,12132.5,21.6,217551742,190427828,0.0006585295910572787,0.00035281365654724826,0,0,6.574625784102994,383985,1206,0,602112,71431095,1544965,2278.62,1085.21,0.02,0.08
29-5-2021 17:25:59,1622323559.006146,1000.0,85.8,9247.91,3665.92,12135.7,21.6,217814721,190583882,0.0005256634041867539,0.00031193318431114157,0,0,6.578810388433346,384998,1208,0,602112,71507353,1547171,2283.47,1088.04,0.02,0.08
29-5-2021 17:26:4,1622323564.0094447,1000.0,91.2,9259.95,3672.55,12137.05,21.7,218095314,190766448,0.0005608160005825014,0.000364891262299291,0,0,6.555539905815784,386007,1211,0,602112,71584430,1550480,2289.13,1090.75,0.02,0.08
29-5-2021 17:26:9,1622323569.012953,1000.0,67.4,9271.79,3678.31,12139.12,21.7,218359735,190937185,0.000528471189798456,0.0003412345673475971,0,0,6.491137824536479,387020,1213,0,602112,71660672,1552686,2294.3,1093.78,0.02,0.08
29-5-2021 17:26:14,1622323574.0132601,1000.0,51.3,9280.4,3680.77,12147.15,21.7,218702808,191281300,0.0006861038618157378,0.0006881877338313496,0,0,6.571870069056178,388029,1213,0,602112,71734735,1552686,2295.76,1094.11,0.02,0.08
29-5-2021 17:26:19,1622323579.0231256,1000.0,98.8,9293.61,3686.12,12148.4,21.7,218995696,191452108,0.0005846224787698261,0.00034094328328137873,0,0,6.547578951236091,389042,1215,0,602112,71810980,1554892,2302.7,1097.19,0.02,0.08
29-5-2021 17:26:24,1622323584.0261993,1000.0,99.3,9307.14,3691.31,12149.54,21.6,219328590,191641301,0.0006653789659562537,0.00037815353447692506,0,0,6.567073083604312,390055,1217,0,602112,71887215,1557096,2308.49,1100.02,0.02,0.08
29-5-2021 17:26:29,1622323589.0304615,1000.0,89.3,9320.5,3696.23,12150.88,21.8,219700974,191822043,0.0007441336693645844,0.0003611761183839631,0,0,6.492566713820012,391068,1219,0,602112,71963460,1559302,2315.79,1102.17,0.02,0.08
29-5-2021 17:26:34,1622323594.0332687,1000.0,98.5,9333.81,3701.81,12151.74,21.7,220061350,191998675,0.0007203475766502628,0.0003530657789611107,0,0,6.5730948312992075,392083,1222,0,602112,72040852,1562611,2321.92,1105.32,0.02,0.08
29-5-2021 17:26:39,1622323599.0360339,1000.0,92.9,9347.07,3707.08,12152.93,21.6,220411619,192184798,0.0007001507915916023,0.00037204024844734703,0,0,6.569828798651129,393100,1226,0,602112,72119325,1567023,2328.91,1108.55,0.02,0.08
29-5-2021 17:26:44,1622323604.0598376,1000.0,89.1,9360.05,3712.77,12154.16,21.7,220728987,192365644,0.0006317285034625197,0.0003599782364232779,0,0,6.544006728027255,394113,1228,0,602112,72195564,1569229,2335.12,1111.24,0.02,0.08
29-5-2021 17:26:49,1622323609.0635164,1000.0,90.9,9373.5,3718.1,12155.12,21.5,220971087,192530761,0.0004838440070615311,0.00032999120575786384,0,0,6.570339116252391,395126,1230,0,602112,72271803,1571435,2341.85,1114.54,0.02,0.08
29-5-2021 17:26:54,1622323614.0719128,1000.0,98.0,9386.01,3724.18,12156.27,21.6,221290739,192700788,0.0006382322310256943,0.0003394839123315534,0,0,6.569828798651129,396141,1233,0,602112,72349185,1574744,2347.8,1117.81,0.02,0.08
29-5-2021 17:26:59,1622323619.083085,1000.0,98.7,9397.5,3730.23,12158.52,21.7,221528925,192856460,0.00047530993946441163,0.000310649865635696,0,0,6.579524833075112,397148,1235,0,602112,72425102,1576950,2353.16,1120.97,0.02,0.08
29-5-2021 17:27:4,1622323624.0862758,1000.0,97.5,9410.75,3736.1,12159.28,21.6,221836540,193036257,0.0006148376406409884,0.0003593646710151579,0,0,6.5803413412371325,398155,1237,0,602112,72501051,1579154,2360.36,1124.22,0.02,0.08
29-5-2021 17:27:9,1622323629.0890188,1000.0,98.8,9423.91,3741.95,12160.38,21.6,222129762,193207328,0.0005861224525481908,0.0003419544034208604,0,0,6.582076421081425,399170,1240,0,602112,72578384,1582461,2366.23,1126.76,0.02,0.08
29-5-2021 17:27:14,1622323634.0926971,1000.0,90.5,9435.88,3748.55,12161.73,21.5,222453654,193391399,0.0006473077987175648,0.0003678713701410991,0,0,6.572890704258702,400183,1242,0,602112,72654652,1584667,2372.48,1129.94,0.02,0.08
29-5-2021 17:27:19,1622323639.0934162,1000.0,93.6,9448.15,3755.18,12162.84,21.7,222786346,193574087,0.0006652883221674129,0.0003653234613399791,0,0,6.5465583160335665,401198,1245,0,602112,72731980,1587976,2378.94,1132.92,0.02,0.08
29-5-2021 17:27:24,1622323644.096911,1000.0,92.1,9461.24,3761.09,12163.94,21.6,223118360,193742806,0.0006635642031893564,0.0003372023131491594,0,0,6.562786415753709,402211,1247,0,602112,72808228,1590182,2385.47,1136.13,0.02,0.08
29-5-2021 17:27:29,1622323649.1131287,1000.0,99.3,9473.9,3767.75,12164.81,21.6,223514031,193920316,0.0007887835476570735,0.0003538722007541799,0,0,6.574931974663752,403226,1250,0,602112,72885591,1593491,2391.25,1138.94,0.02,0.08
29-5-2021 17:27:34,1622323654.1149535,1000.0,96.0,9486.86,3773.7,12165.9,21.7,223867000,194106027,0.0007056804469880464,0.00037128649113830697,0,0,6.5813619764396565,404239,1252,0,602112,72961875,1595697,2398.36,1142.02,0.02,0.08
29-5-2021 17:27:39,1622323659.1206696,1000.0,98.5,9499.52,3779.57,12167.21,21.7,224113042,194284037,0.0004915220835555437,0.00035561345662009873,0,0,6.582076421081425,405254,1255,0,602112,73039223,1599006,2403.87,1144.83,0.02,0.08
29-5-2021 17:27:44,1622323664.1446502,1000.0,94.8,9513.22,3784.71,12168.2,21.6,224421208,194461465,0.0006133901052984653,0.0003531621905171112,0,0,6.565848321361282,406267,1257,0,602112,73115495,1601212,2411.26,1147.74,0.02,0.08
29-5-2021 17:27:49,1622323669.163422,1000.0,95.0,9526.33,3790.43,12169.1,21.7,224701143,194652313,0.0005577758987907747,0.0003802683291922117,0,0,6.493791476063042,407282,1260,0,602112,73192853,1604521,2417.84,1150.75,0.02,0.08
29-5-2021 17:27:54,1622323674.1644037,1000.0,98.5,9539.17,3796.44,12170.02,21.7,225021645,194825598,0.0006408781867306342,0.0003465019768601068,0,0,6.5748299111435,408295,1262,0,602112,73269093,1606725,2423.65,1154.54,0.02,0.08
29-5-2021 17:27:59,1622323679.1648166,1000.0,95.5,9551.23,3801.46,12172.64,21.5,225231894,194979403,0.0004204632746967423,0.00030758459714306586,0,0,6.5680937188068365,409308,1264,0,602112,73345352,1608931,2429.07,1157.27,0.02,0.08
29-5-2021 17:28:4,1622323684.1669319,1000.0,95.7,9564.14,3807.25,12173.87,21.6,225562677,195167337,0.0006612862429033738,0.0003757090563112453,0,0,6.604326268496462,410323,1267,0,602112,73422706,1612240,2434.51,1159.85,0.02,0.08
29-5-2021 17:28:9,1622323689.1691358,1000.0,97.2,9576.93,3813.11,12174.99,21.7,225927680,195346138,0.0007296843636923803,0.0003574444426828308,0,0,6.567685464725827,411338,1270,0,602112,73500077,1615549,2441.42,1163.67,0.02,0.08
29-5-2021 17:28:14,1622323694.173911,1000.0,94.6,9590.28,3818.59,12175.97,21.9,226448008,195762741,0.001039663062364764,0.0008324109999276376,0,0,6.545333553790537,412356,1272,0,602112,73576635,1617755,2448.0,1166.66,0.02,0.08
29-5-2021 17:28:19,1622323699.1775582,1000.0,96.5,9603.27,3824.33,12177.04,21.5,226751768,195934821,0.0006070771870932119,0.00034390914654661544,0,0,6.575136101704257,413374,1274,0,602112,73653208,1619961,2453.74,1169.78,0.02,0.08
29-5-2021 17:28:24,1622323704.1806724,1000.0,96.8,9616.54,3830.05,12177.8,21.6,227072700,196119577,0.0006414644672588665,0.00036928199466827597,0,0,6.577279435629559,414396,1278,0,602112,73732001,1624373,2460.37,1173.07,0.02,0.08
29-5-2021 17:28:29,1622323709.1857436,1000.0,86.8,9629.56,3835.56,12179.02,21.7,227436696,196308392,0.0007272543948584252,0.0003772473833921075,0,0,6.5615616535106795,415414,1280,0,602112,73808573,1626579,2466.7,1175.91,0.02,0.08
29-5-2021 17:28:34,1622323714.1889036,1000.0,99.3,9643.46,3840.67,12179.87,21.7,227857570,196495833,0.0008412163512916556,0.0003746452242297201,0,0,6.568297845847342,416434,1283,0,602112,73886228,1629888,2473.01,1178.5,0.02,0.08
29-5-2021 17:28:39,1622323719.206498,1000.0,94.4,9656.78,3846.1,12181.06,21.6,228219774,196681316,0.0007218678427142647,0.00036966519715455926,0,0,6.576462927467539,417452,1285,0,602112,73962758,1632094,2479.66,1181.57,0.02,0.08
29-5-2021 17:28:44,1622323724.2178936,1000.0,94.5,9669.62,3852.06,12181.98,21.7,228474112,196864184,0.0005075192932063396,0.0003649043324633241,0,0,6.563807050956233,418472,1288,0,602112,74040451,1635403,2486.61,1185.25,0.02,0.08
29-5-2021 17:28:49,1622323729.2255328,1000.0,89.6,9682.26,3857.96,12183.25,21.7,228786563,197050297,0.0006239487099849401,0.0003716581680373152,0,0,6.500221477838948,419492,1291,0,602112,74118117,1638712,2492.3,1187.82,0.02,0.08
29-5-2021 17:28:54,1622323734.2265978,1000.0,98.3,9695.8,3863.43,12184.26,21.6,229040257,197218713,0.0005072799477688464,0.00033676026899902257,0,0,6.5720741960966835,420510,1293,0,602112,74194679,1640918,2498.33,1191.59,0.02,0.08
29-5-2021 17:28:59,1622323739.2294881,1000.0,81.6,9707.11,3868.98,12187.01,21.6,229247376,197372201,0.0004139986799127301,0.0003067986490010338,0,0,6.564419432077748,421522,1295,0,602112,74270901,1643122,2503.29,1194.2,0.02,0.08
29-5-2021 17:29:4,1622323744.2309697,1000.0,98.5,9720.17,3874.95,12187.86,21.7,229592964,197556408,0.0006909712606480757,0.0003683048688328301,0,0,6.498486397994656,422540,1297,0,602112,74347431,1645328,2509.35,1197.4,0.02,0.08
29-5-2021 17:29:9,1622323749.2663403,1000.0,89.6,9733.42,3880.26,12189.26,21.6,229970068,197738059,0.0007489101216820649,0.00036075001196929433,0,0,6.538087043852612,423560,1300,0,602112,74425092,1648637,2515.44,1200.51,0.02,0.08
29-5-2021 17:29:14,1622323754.2694886,1000.0,98.3,9746.77,3885.97,12189.92,21.6,230235607,197907708,0.0005307438100122827,0.00033908449088372616,0,0,6.567685464725827,424578,1302,0,602112,74501667,1650841,2522.33,1203.96,0.02,0.08
29-5-2021 17:29:19,1622323759.2725818,1000.0,94.0,9759.56,3891.73,12191.22,21.7,230540302,198083334,0.0006090132348580814,0.0003510348328170315,0,0,6.520327991328684,425596,1304,0,602112,74578246,1653047,2528.49,1206.39,0.02,0.08
29-5-2021 17:29:24,1622323764.2734973,1000.0,92.7,9773.11,3897.11,12192.03,21.7,230802682,198249063,0.0005246639311649479,0.0003313973193385,0,0,6.577279435629559,426614,1306,0,602112,74654766,1655253,2535.24,1209.63,0.02,0.08
29-5-2021 17:29:29,1622323769.276655,1000.0,89.1,9786.07,3902.82,12193.07,21.7,231124761,198438733,0.0006437514560640281,0.00037910058920843714,0,0,6.551763555566442,427629,1309,0,602112,74732081,1658562,2541.64,1212.72,0.02,0.08
29-5-2021 17:29:34,1622323774.2807205,1000.0,99.0,9799.54,3908.19,12194.02,21.6,231435762,198607367,0.0006214966593744443,0.00033699398926997036,0,0,6.580545468277638,428642,1311,0,602112,74808327,1660768,2548.13,1215.99,0.02,0.08
29-5-2021 17:29:39,1622323779.283159,1000.0,90.0,9812.75,3913.49,12195.26,21.8,231762866,198792270,0.0006538890923749537,0.000369625730187971,0,0,6.559316256065125,429657,1314,0,602112,74885646,1664077,2554.45,1218.55,0.02,0.08
29-5-2021 17:29:44,1622323784.2845137,1000.0,56.9,9822.67,3916.74,12201.31,21.7,232073907,198916901,0.0006219134994571726,0.00024919448352740274,0,0,6.488382109489662,430666,1314,0,602112,74959646,1664077,2555.77,1219.07,0.02,0.08
29-5-2021 17:29:49,1622323789.288123,1000.0,71.7,9831.73,3919.6,12208.79,21.6,232359965,199050634,0.00057170332390798,0.00026727307265025235,0,0,6.488382109489662,431669,1314,0,602112,75033129,1664077,2556.68,1219.16,0.02,0.08
29-5-2021 17:29:54,1622323794.291896,1000.0,61.9,9841.4,3921.44,12217.01,21.3,233219798,199196233,0.0017183692455596815,0.0002909784153251202,0,0,6.488382109489662,432672,1314,0,602112,75106592,1664077,2557.49,1219.27,0.02,0.08
29-5-2021 17:29:59,1622323799.2930539,1000.0,35.0,9849.45,3922.66,12227.37,21.2,233630274,199324875,0.0008207619508269684,0.00025722443913476763,0,0,6.488382109489662,433675,1314,0,602112,75180067,1664077,2558.22,1219.34,0.02,0.08
29-5-2021 17:30:4,1622323804.2936013,1000.0,33.4,9855.68,3923.98,12239.44,21.2,233757812,199444057,0.0002550480768745182,0.00023833790633425982,0,0,6.488382109489662,434678,1314,0,602112,75253588,1664077,2558.84,1219.44,0.02,0.08
29-5-2021 17:30:9,1622323809.2975054,1000.0,56.6,9862.65,3925.52,12250.64,21.2,234317538,199830801,0.0011185785905180104,0.0007728845156581925,0,0,6.488382109489662,435683,1328,0,634880,75327079,1689201,2559.58,1219.52,0.02,0.08
29-5-2021 17:30:14,1622323814.3012967,1000.0,31.6,9869.3,3926.77,12262.24,21.3,234538348,199965728,0.0004412853880957842,0.00026964953380553364,0,0,6.488382109489662,436693,1342,0,667648,75400872,1714325,2560.06,1219.61,0.02,0.08
