time_stamp,time,cpu_freq,cpu,cpu_user_time,cpu_system_time,cpu_idle_time,memory,net_sent,net_recv,net_upload_rate,net_download_rate,temp,gpu,gpu_mem,memory_percent_ipykernel,cpu_times_user_ipykernel,cpu_times_system_ipykernel,cpu_times_children_user_ipykernel,cpu_times_children_system_ipykernel,io_counters_read_count_ipykernel,io_counters_write_count_ipykernel,io_counters_read_bytes_ipykernel,io_counters_write_bytes_ipykernel,io_counters_read_chars_ipykernel,io_counters_write_chars_ipykernel
23-6-2021 13:39:58,1624469998.4907954,1000.0,85.1,5357.0,1996.37,2503.01,20.2,586348796,156623902,0.0,0.0,60.861,0,0,6.254860775152024,31.45,4.21,0.01,0.09,13525,243,0,471040,43389731,446813
23-6-2021 13:40:6,1624470006.1585183,1000.0,87.5,5378.52,2001.53,2506.09,20.6,587002661,157235951,0.0008527499038222385,0.0007982148086906277,61.835,0,0,6.268639350386105,38.38,4.62,0.01,0.09,14549,246,0,471040,43468043,449753
23-6-2021 13:40:11,1624470011.1663275,1000.0,76.3,5390.19,2004.63,2510.75,20.5,587325077,157636467,0.0006438264509708834,0.000799782873173336,61.348,0,0,6.272313637115196,41.99,4.98,0.01,0.09,15573,249,0,471040,43546378,452693
23-6-2021 13:40:16,1624470016.167544,1000.0,76.6,5401.88,2007.72,2515.18,20.5,587681547,158071480,0.0007127665964901308,0.000869814389538983,62.322,0,0,6.279049829451858,46.16,5.27,0.01,0.09,16591,249,0,471040,43621761,452693
23-6-2021 13:40:21,1624470021.1691003,1000.0,77.5,5413.59,2011.01,2519.43,20.3,588095123,158528712,0.0008268946048288192,0.0009141794348682966,62.322,0,0,6.27792713072908,50.86,5.67,0.01,0.09,17615,252,0,471040,43700113,455633
23-6-2021 13:40:26,1624470026.1795392,1000.0,76.3,5425.84,2013.96,2523.62,20.4,588492977,158944003,0.0007940501948560916,0.0008288515371769069,61.835,0,0,6.27129300191267,55.66,6.06,0.01,0.09,18639,255,0,471040,43778427,458573
23-6-2021 13:40:31,1624470031.183917,1000.0,74.4,5438.18,2017.03,2527.95,20.5,588863818,159399728,0.0007410331747763041,0.0009106526613155805,62.322,0,0,6.275273479202516,60.03,6.28,0.01,0.09,19663,258,0,471040,43856754,461513
23-6-2021 13:40:36,1624470036.191598,1000.0,73.1,5450.12,2020.07,2532.43,20.4,589209254,159867729,0.0006898123250758817,0.0009345663391998453,62.809,0,0,6.279151892972109,65.43,6.67,0.01,0.09,20687,261,0,471040,43935100,464453
23-6-2021 13:40:41,1624470041.195699,1000.0,70.9,5461.45,2022.83,2537.34,20.5,589522321,160159703,0.0006256208610176866,0.0005834694339383519,61.348,0,0,6.279151892972109,67.18,6.82,0.01,0.09,21711,264,0,471040,44013426,467393
23-6-2021 13:40:46,1624470046.2024565,1000.0,80.1,5472.92,2025.67,2542.43,20.5,589788698,160559387,0.000532034954993754,0.0007982891126175442,62.322,0,0,6.423469710609095,71.96,7.87,0.01,0.09,22729,264,0,471040,44088811,467393
23-6-2021 13:40:51,1624470051.203844,1000.0,91.5,5485.57,2031.55,2543.73,20.5,590065962,160730890,0.0005543741505147936,0.00034291083565027785,62.322,0,0,6.488075918928906,77.39,10.52,0.01,0.09,23750,265,0,471040,44165311,468495
23-6-2021 13:40:56,1624470056.2072315,1000.0,99.3,5498.87,2037.38,2544.33,20.5,590385264,160911845,0.0006381716449426962,0.00036166497551097586,64.27,0,0,6.545639744351295,84.25,13.99,0.01,0.09,24772,267,0,471040,44242911,470699
23-6-2021 13:41:1,1624470061.2104638,1000.0,99.3,5512.52,2042.51,2545.41,20.5,590671304,161092818,0.0005717104188657492,0.00036171217184097063,64.27,0,0,6.507161797216115,90.83,17.03,0.01,0.09,25799,269,0,471040,44320824,472903
23-6-2021 13:41:6,1624470066.2215328,1000.0,88.8,5526.14,2047.62,2546.47,20.6,590924454,161276235,0.0005051816229244465,0.0003660236924034493,63.783,0,0,6.508590686499651,97.75,19.68,0.01,0.09,26828,272,0,471040,44399866,476207
23-6-2021 13:41:11,1624470071.2324812,1000.0,95.3,5539.47,2053.49,2547.31,20.6,591252011,161536240,0.000653682641634631,0.0005188738303202564,63.783,0,0,6.461743530703769,103.84,22.78,0.01,0.09,27859,276,0,471040,44479963,480615
23-6-2021 13:41:16,1624470076.237443,1000.0,98.5,5552.93,2058.93,2548.06,20.5,591510616,161707630,0.0005166972576413739,0.0003424401809213088,63.783,0,0,6.5028751293655125,110.15,25.96,0.01,0.09,28886,278,0,471040,44557906,482819
23-6-2021 13:41:21,1624470081.2405374,1000.0,57.8,5562.48,2062.73,2553.99,20.5,591792517,161846467,0.0005634532861156227,0.0002775022574749104,62.322,0,0,6.3955043060599195,111.97,26.44,0.01,0.09,29904,278,0,471040,44633303,482819
23-6-2021 13:41:26,1624470086.246595,1000.0,94.0,5573.71,2067.64,2557.51,20.6,592108893,162017760,0.0006319863484327969,0.00034217145921972296,62.809,0,0,6.407751928490216,116.97,28.7,0.01,0.09,30924,279,0,471040,44709804,483921
23-6-2021 13:41:31,1624470091.2482595,1000.0,98.3,5587.14,2073.05,2558.5,20.6,592398532,162198626,0.0005790852064918649,0.00036161160947716857,64.27,0,0,6.544721172669023,123.52,31.72,0.01,0.09,31948,282,0,471040,44788543,487227
23-6-2021 13:41:36,1624470096.251716,1000.0,87.8,5600.21,2078.42,2559.76,20.6,592670548,162384420,0.0005436561863377886,0.00037133130949812914,63.783,0,0,6.5056308444123285,129.81,34.55,0.01,0.09,32966,285,0,471040,44866943,490533
23-6-2021 13:41:41,1624470101.2524028,1000.0,78.8,5612.6,2083.83,2561.59,20.6,592955977,162561468,0.0005707795881350795,0.00035404736211155685,63.296,0,0,6.502466875284502,134.9,37.14,0.01,0.09,33988,287,0,471040,44944569,492737
23-6-2021 13:41:46,1624470106.2583764,1000.0,69.0,5624.07,2088.63,2564.97,20.5,593192022,162708390,0.0004715266597909421,0.0002934933589349692,63.783,0,0,6.400811609113048,139.3,38.95,0.01,0.09,35008,288,0,471040,45021092,493839
23-6-2021 13:41:51,1624470111.2625198,1000.0,65.4,5632.92,2091.63,2572.54,20.5,593513234,162842165,0.0006418920670626888,0.00026732846615727673,63.296,0,0,6.468071468959422,140.48,39.17,0.01,0.09,36026,288,0,471040,45096531,493839
23-6-2021 13:41:56,1624470116.270242,1000.0,99.0,5646.07,2097.63,2573.38,20.6,593849489,163026354,0.0006714729584478775,0.000367809944070887,63.783,0,0,6.502466875284502,146.88,42.75,0.01,0.09,37044,291,0,471040,45174923,497145
23-6-2021 13:42:1,1624470121.2815642,1000.0,90.0,5659.43,2102.81,2574.65,20.6,594194605,163210852,0.0006886725341161422,0.0003681623141186152,64.27,0,0,6.51155052858697,153.37,45.98,0.01,0.09,38066,293,0,471040,45252559,499349
23-6-2021 13:42:6,1624470126.2846353,1000.0,91.7,5672.22,2108.84,2575.68,20.6,594554419,163392136,0.0007191862657676052,0.00036234544237693513,63.783,0,0,6.510938147465456,159.12,48.85,0.01,0.09,39090,296,0,471040,45331286,502653
23-6-2021 13:42:11,1624470131.290174,1000.0,98.3,5685.71,2114.13,2576.81,20.6,594759911,163560747,0.0004105292401743655,0.00033684885890954364,64.757,0,0,6.508182432418639,165.48,52.36,0.01,0.09,40114,299,0,471040,45410022,505959
23-6-2021 13:42:16,1624470136.295218,1000.0,94.6,5699.0,2119.63,2577.91,20.7,595052607,163746255,0.0005848020536228921,0.00037064209747818716,64.757,0,0,6.493179094941527,172.31,55.18,0.01,0.09,41136,301,0,471040,45487665,508163
23-6-2021 13:42:21,1624470141.2953913,1000.0,99.0,5711.63,2125.96,2578.89,20.6,595275845,163921940,0.00044646052297209735,0.0003513578198082447,64.27,0,0,6.4895048082124385,178.67,58.6,0.01,0.09,42158,303,0,471040,45565288,510367
23-6-2021 13:42:26,1624470146.2986152,1000.0,98.3,5724.61,2132.4,2579.56,20.7,595574703,164117735,0.0005973308534869742,0.0003913376736057998,64.757,0,0,6.545231490270284,185.15,61.86,0.01,0.09,43184,307,0,471040,45645125,514775
23-6-2021 13:42:31,1624470151.3015387,1000.0,98.5,5737.26,2138.73,2580.62,20.7,595896510,164308935,0.0006432379002641183,0.0003821765422458163,63.783,0,0,6.54339434690574,192.21,64.69,0.01,0.09,44202,310,0,471040,45723521,518081
23-6-2021 13:42:36,1624470156.3065307,1000.0,89.4,5750.48,2144.23,2581.66,20.4,596203067,164485484,0.0006125024765218061,0.00035274581799615845,64.757,0,0,6.510019575783184,198.54,68.07,0.01,0.09,45218,312,0,471040,45800827,520284
23-6-2021 13:42:41,1624470161.3115523,1000.0,91.8,5763.02,2149.66,2583.37,20.6,596533055,164652024,0.0006593138415998566,0.00033274581857534245,64.757,0,0,6.501446240081978,204.3,71.45,0.01,0.09,46234,314,0,471040,45878120,522490
23-6-2021 13:42:46,1624470166.3148046,1000.0,98.8,5774.63,2155.27,2585.82,20.6,596797474,164818649,0.0005284942390368127,0.00033303337725166843,64.757,0,0,6.49950703319718,209.21,74.15,0.01,0.09,47252,317,0,471040,45956498,525799
23-6-2021 13:42:51,1624470171.3246794,1000.0,92.6,5788.02,2160.89,2586.81,20.6,597129220,164992518,0.0006621842099300917,0.00034705258359207076,64.757,0,0,6.509407194661669,215.73,77.31,0.01,0.09,48268,319,0,471040,46033807,528005
23-6-2021 13:42:56,1624470176.3279254,1000.0,99.3,5801.01,2166.84,2587.59,20.6,597353296,165168609,0.00044786124230508884,0.000351953506929548,64.757,0,0,6.50114004952122,221.74,80.39,0.01,0.09,49286,322,0,471040,46112228,531314
23-6-2021 13:43:1,1624470181.3313308,1000.0,93.5,5814.6,2171.83,2588.73,20.6,597626678,165344003,0.0005463918707937933,0.0003505492526428462,64.757,0,0,6.505937034973086,228.85,83.64,0.01,0.09,50300,323,0,471040,46188396,532417
23-6-2021 13:43:6,1624470186.3326907,1000.0,90.1,5827.87,2177.27,2589.82,20.7,597993444,165537131,0.0007333325424107594,0.0003861509716023436,64.757,0,0,6.42204082132556,235.32,86.23,0.01,0.09,51318,326,0,471040,46266780,535726
23-6-2021 13:43:11,1624470191.3384063,1000.0,89.8,5841.34,2182.7,2590.74,20.7,598379218,165796164,0.0007706670337752964,0.0005174744637013286,65.731,0,0,6.5028751293655125,241.43,89.74,0.01,0.09,52336,329,0,471040,46345162,539035
23-6-2021 13:43:16,1624470196.3392932,1000.0,91.2,5853.87,2188.97,2591.81,20.8,598675323,165978691,0.0005921049703936642,0.00036498925695629703,64.27,0,0,6.5161433869983325,246.69,92.55,0.01,0.09,53352,331,0,471040,46422486,541241
23-6-2021 13:43:21,1624470201.3416,1000.0,93.9,5867.43,2194.37,2592.8,20.6,599011057,166156349,0.0006711583678317655,0.00035515215412277516,64.757,0,0,6.4989967155959185,254.22,95.93,0.01,0.09,54370,334,0,471040,46500900,544550
23-6-2021 13:43:26,1624470206.3448162,1000.0,89.9,5880.44,2199.84,2593.91,20.7,599359565,166341414,0.0006965679303617201,0.0003698920656983247,65.244,0,0,6.456844481731651,261.53,98.82,0.01,0.09,55386,336,0,471040,46578209,546756
23-6-2021 13:43:31,1624470211.360164,1000.0,89.0,5893.73,2205.63,2595.0,20.6,599768734,166519593,0.0008158337625010737,0.0003552674908624036,65.244,0,0,6.503895764568036,267.16,102.04,0.01,0.09,56409,339,0,471040,46656922,550063
23-6-2021 13:43:36,1624470216.3615522,1000.0,98.5,5906.8,2211.53,2595.57,20.6,600127682,166684070,0.0007176967226936224,0.00032886268723736844,64.27,0,0,6.5067535431351065,273.48,105.4,0.01,0.09,57432,342,0,471040,46735642,553372
23-6-2021 13:43:41,1624470221.3644829,1000.0,89.9,5919.11,2217.3,2597.35,20.6,600348941,166847246,0.0004422587796421356,0.00032616082792964404,64.757,0,0,6.506039098493338,278.93,108.57,0.01,0.09,58456,343,0,471040,46812502,554475
23-6-2021 13:43:46,1624470226.3848612,1000.0,91.4,5929.9,2223.62,2600.1,20.7,600600519,167025878,0.0005011136261060637,0.00035581382020120347,64.27,0,0,6.488994490611177,284.09,111.23,0.01,0.09,59484,346,0,471040,46891499,557784
23-6-2021 13:43:51,1624470231.3948205,1000.0,98.5,5942.41,2230.06,2601.06,20.5,600922400,167208944,0.0006424822754207194,0.00036540417182800294,65.731,0,0,6.50318131992627,290.69,114.75,0.01,0.09,60512,349,0,471040,46970500,561093
23-6-2021 13:43:56,1624470236.3975472,1000.0,95.1,5955.15,2235.97,2602.15,20.5,601260199,167395784,0.0006752297576056607,0.00037347632145459767,65.244,0,0,6.510325766343941,297.05,117.86,0.01,0.09,61538,351,0,471040,47048435,563299
23-6-2021 13:44:1,1624470241.3985636,1000.0,89.3,5967.6,2241.92,2603.38,20.7,601624919,167595767,0.0007292917527226516,0.0003998847131627935,65.731,0,0,6.412753040982586,303.1,120.59,0.01,0.09,62566,354,0,471040,47127431,566608
23-6-2021 13:44:6,1624470246.4061627,1000.0,99.0,5981.07,2247.71,2604.04,20.6,602002192,167776025,0.0007534009638309391,0.00035996891094310335,65.244,0,0,6.507672114817378,309.48,123.85,0.01,0.09,63594,357,0,471040,47206466,569917
23-6-2021 13:44:11,1624470251.4111567,1000.0,93.7,5994.25,2253.25,2605.33,20.5,602411410,167966412,0.0008176193755759805,0.000380394068828312,66.218,0,0,6.503487510487027,316.15,127.17,0.01,0.09,64620,359,0,471040,47284371,572123
23-6-2021 13:44:16,1624470256.4118202,1000.0,94.7,6007.22,2259.21,2606.07,20.7,602679753,168147471,0.0005366147891884655,0.00036206995194834363,65.731,0,0,6.476440677620124,322.43,130.25,0.01,0.09,65646,361,0,471040,47362305,574329
23-6-2021 13:44:21,1624470261.4125752,1000.0,98.5,6020.42,2265.36,2606.55,20.7,602968185,168332204,0.0005767768984242768,0.0003694102137648109,65.731,0,0,6.555846096376541,329.19,133.78,0.01,0.09,66674,364,0,471040,47441336,577638
23-6-2021 13:44:26,1624470266.4159634,1000.0,99.2,6033.92,2270.74,2607.46,20.6,603240901,168508796,0.0005450626474074217,0.00035294483283331897,65.244,0,0,6.515122751795807,336.42,137.18,0.01,0.09,67702,367,0,471040,47520350,580947
23-6-2021 13:44:31,1624470271.4188678,1000.0,94.2,6047.21,2276.23,2608.52,20.5,603546420,168694169,0.0006106832644573393,0.0003705307649679737,64.757,0,0,6.519817673727421,342.73,140.27,0.01,0.09,68728,369,0,471040,47598290,583153
23-6-2021 13:44:36,1624470276.426318,1000.0,99.0,6059.8,2282.46,2609.6,20.6,603790543,168867192,0.00048751958570032294,0.00034553115141394697,64.27,0,0,6.540230377777914,348.79,143.12,0.01,0.09,69756,372,0,471040,47677306,586462
23-6-2021 13:44:41,1624470281.4310195,1000.0,96.8,6072.79,2287.87,2610.91,20.6,604071210,169024980,0.0005608066606679738,0.00031527953544049805,64.757,0,0,6.507876241857883,354.33,145.86,0.01,0.09,70780,373,0,471040,47754139,587565
23-6-2021 13:44:46,1624470286.4315343,1000.0,98.8,6085.36,2292.54,2613.25,20.6,604216545,169167838,0.0002906400788531187,0.00028568658881067074,63.783,0,0,6.522981642855247,359.62,148.84,0.01,0.09,71806,375,0,471040,47832022,589771
23-6-2021 13:44:51,1624470291.4386406,1000.0,99.0,6098.85,2297.88,2614.3,20.6,604334493,169319266,0.00023556120608384442,0.00030242617352447176,64.757,0,0,6.49950703319718,366.03,151.95,0.01,0.09,72834,378,0,471040,47911028,593080
23-6-2021 13:44:56,1624470296.4415133,1000.0,88.8,6111.97,2303.1,2615.62,20.7,604463169,169490084,0.0002572042256033757,0.00034143982878794357,64.757,0,0,6.39928065630926,372.23,154.51,0.01,0.09,73860,380,0,471040,47988899,595286
23-6-2021 13:45:1,1624470301.444674,1000.0,99.3,6125.93,2308.42,2616.48,20.7,604584779,169652078,0.00024306634730500114,0.00032378332263240155,64.757,0,0,6.503283383446521,378.96,157.66,0.01,0.09,74888,383,0,471040,48067880,598595
23-6-2021 13:45:6,1624470306.458944,1000.0,98.3,6138.75,2314.19,2617.37,20.5,604889277,169831500,0.0006072628636237872,0.0003578227690070449,65.244,0,0,6.5133876719515165,384.82,160.78,0.01,0.09,75914,385,0,471040,48145801,600801
23-6-2021 13:45:11,1624470311.4614947,1000.0,96.5,6151.72,2319.96,2618.36,20.8,605241512,170104575,0.0007041108187132552,0.0005458715397962217,64.757,0,0,6.544006728027255,391.13,163.68,0.01,0.09,76942,388,0,471040,48224820,604110
23-6-2021 13:45:16,1624470316.4666977,1000.0,94.3,6165.25,2325.27,2619.42,20.6,605582234,170283197,0.0006807356253303726,0.0003568726377156797,65.244,0,0,6.5095092581819225,398.27,166.79,0.01,0.09,77968,390,0,471040,48302761,606316
23-6-2021 13:45:21,1624470321.4700775,1000.0,92.5,6178.44,2330.51,2620.67,20.7,605938126,170478948,0.0007113031844014132,0.00039123753737021637,65.731,0,0,6.425715108054648,404.87,170.01,0.01,0.09,78996,393,0,471040,48381864,609625
23-6-2021 13:45:26,1624470326.4716482,1000.0,98.5,6191.56,2336.44,2621.46,20.6,606347218,170655697,0.0008179270561329935,0.00035338698689891385,65.731,0,0,6.506549416094601,410.83,173.57,0.01,0.09,80024,396,0,471040,48460907,612934
23-6-2021 13:45:31,1624470331.474728,1000.0,95.4,6204.42,2342.6,2622.45,20.6,606748926,170841974,0.0008029214178773813,0.00037232465611325877,65.244,0,0,6.505732907932581,416.69,176.99,0.01,0.09,81044,398,0,471040,48538513,615140
23-6-2021 13:45:36,1624470336.4815764,1000.0,90.7,6216.91,2348.62,2623.67,20.7,607108375,171038273,0.0007179146958940096,0.00039206100695591916,64.757,0,0,6.510325766343941,422.37,180.35,0.01,0.09,82066,401,0,471040,48617212,618449
23-6-2021 13:45:41,1624470341.484664,1000.0,89.3,6229.73,2354.0,2625.27,20.5,607355212,171203204,0.0004933693423984499,0.0003296584345585092,64.757,0,0,6.512367036748991,428.7,183.38,0.01,0.09,83086,403,0,471040,48694816,620655
23-6-2021 13:45:46,1624470346.509839,1000.0,98.8,6242.58,2359.33,2626.96,20.6,607643847,171373449,0.000574377995922781,0.00033878421506703576,64.757,0,0,6.5177764033223715,434.09,185.56,0.01,0.09,84114,406,0,471040,48773862,623964
23-6-2021 13:45:51,1624470351.511637,1000.0,94.3,6255.76,2364.65,2628.13,20.7,607977771,171553773,0.0006676079396003473,0.0003605183637608947,65.244,0,0,6.410201452976275,440.91,188.55,0.01,0.09,85145,408,0,471040,48852127,626170
23-6-2021 13:45:56,1624470356.514855,1000.0,95.9,6268.46,2370.86,2629.01,20.7,608339551,171743263,0.0007230946256178873,0.0003787362502303429,64.757,0,0,6.400607482072543,447.25,192.28,0.01,0.09,86178,411,0,471040,48931450,629479
23-6-2021 13:46:1,1624470361.5221424,1000.0,98.8,6281.72,2376.64,2629.79,20.6,608715635,171922264,0.0007510733103064143,0.0003574809713206583,65.731,0,0,6.553906889491744,453.49,195.75,0.01,0.09,87211,414,0,471040,49010796,632788
23-6-2021 13:46:6,1624470366.5248253,1000.0,99.3,6294.53,2382.45,2631.07,20.6,609054134,172118282,0.0006766349279458916,0.0003918257522358937,66.218,0,0,6.48501401332133,459.77,199.05,0.01,0.09,88239,417,0,471040,49089818,636097
23-6-2021 13:46:11,1624470371.5328517,1000.0,94.4,6308.1,2387.64,2632.04,20.6,609343437,172304095,0.0005776786684392449,0.00037103039518671224,66.218,0,0,6.509305131141417,466.35,201.93,0.01,0.09,89267,420,0,471040,49168897,639406
23-6-2021 13:46:16,1624470376.5383897,1000.0,97.0,6321.34,2393.16,2633.11,20.5,609683601,172487657,0.0006795753041932202,0.00036671782430920343,65.731,0,0,6.51440830715404,473.0,205.28,0.01,0.09,90293,422,0,471040,49246869,641612
23-6-2021 13:46:21,1624470381.541452,1000.0,99.0,6334.38,2399.16,2634.05,20.6,610014367,172667236,0.0006611270929459669,0.00035893816844580087,65.731,0,0,6.545537680831042,479.04,208.08,0.01,0.09,91321,425,0,471040,49325957,644921
23-6-2021 13:46:26,1624470386.5619757,1000.0,99.2,6347.56,2404.83,2634.91,20.7,610398082,172852614,0.0007642927636920499,0.0003692403579419747,66.218,0,0,6.517266085721109,485.24,211.59,0.01,0.09,92349,428,0,471040,49405009,648228
23-6-2021 13:46:31,1624470391.5805018,1000.0,89.9,6360.4,2410.41,2636.34,20.7,610774194,173037249,0.0007494471368863765,0.0003679068259428471,66.218,0,0,6.497976080393393,491.61,214.67,0.01,0.09,93375,430,0,471040,49482971,650434
23-6-2021 13:46:36,1624470396.63653,1000.0,98.7,6373.74,2416.61,2637.1,20.6,611071085,173206911,0.000587202033895332,0.0003355637977397422,64.27,0,0,6.510938147465456,497.62,217.93,0.01,0.09,94403,433,0,471040,49562036,653743
23-6-2021 13:46:41,1624470401.639936,1000.0,65.6,6385.99,2421.77,2639.15,20.7,611288435,173382071,0.0004344040797861183,0.0003500815211195605,65.731,0,0,6.4087725636927395,503.56,220.34,0.01,0.09,95429,435,0,471040,49639949,655949
23-6-2021 13:46:46,1624470406.642311,1000.0,98.5,6398.81,2426.95,2640.91,20.6,611563060,173554820,0.0005489892163003547,0.00034533395767563033,65.731,0,0,6.517980530362877,510.37,223.58,0.01,0.09,96455,437,0,471040,49717839,658155
23-6-2021 13:46:51,1624470411.645428,1000.0,95.2,6411.56,2433.09,2641.85,20.7,611920205,173743309,0.0007138450109944949,0.00037674314991765627,65.244,0,0,6.402546688957339,516.83,226.65,0.01,0.09,97483,440,0,471040,49796829,661462
23-6-2021 13:46:56,1624470416.6486773,1000.0,99.5,6424.99,2438.69,2642.61,20.6,612215532,173919192,0.0005902703942716823,0.0003515375423028924,64.757,0,0,6.541148949460187,523.12,229.84,0.01,0.09,98511,443,0,471040,49875842,664771
23-6-2021 13:47:1,1624470421.6539228,1000.0,96.7,6438.11,2444.52,2643.58,20.6,612552413,174108105,0.0006730559041639561,0.00037743004213157004,64.757,0,0,6.511040210985709,530.16,233.64,0.01,0.09,99539,446,0,471040,49954854,668080
23-6-2021 13:47:6,1624470426.6654553,1000.0,89.4,6451.3,2449.85,2644.87,20.8,612921287,174301528,0.000736050293360703,0.00038595578949101114,65.244,0,0,6.412344786901576,536.48,236.07,0.01,0.09,100565,448,0,471040,50032726,670286
23-6-2021 13:47:11,1624470431.6709032,1000.0,99.0,6464.87,2455.21,2645.77,20.8,613387274,174580878,0.0009309596515865921,0.0005580919181666323,65.731,0,0,6.505937034973086,542.69,239.29,0.01,0.09,101593,451,0,471040,50111749,673595
23-6-2021 13:47:16,1624470436.674069,1000.0,92.9,6477.84,2461.13,2646.6,20.7,613682728,174760060,0.0005905341066499663,0.00035813724741500967,64.757,0,0,6.411834469300313,548.85,241.95,0.01,0.09,102619,453,0,471040,50189637,675799
23-6-2021 13:47:21,1624470441.677635,1000.0,94.7,6491.28,2466.69,2647.53,20.8,613993894,174948254,0.0006218884658268274,0.0003761197493871887,65.244,0,0,6.445311303943122,555.64,245.21,0.01,0.09,103647,456,0,471040,50268642,679108
23-6-2021 13:47:26,1624470446.6815693,1000.0,98.8,6504.42,2472.57,2648.38,20.7,614303867,175127279,0.0006194585625038891,0.00035776848032654054,65.244,0,0,6.515939259957827,562.12,248.68,0.01,0.09,104675,459,0,471040,50347627,682417
23-6-2021 13:47:31,1624470451.6883535,1000.0,91.4,6518.13,2477.79,2649.32,20.5,614637400,175315986,0.0006661621244939578,0.00037690260342119455,65.731,0,0,6.50318131992627,568.83,251.42,0.01,0.09,105701,461,0,471040,50425535,684623
23-6-2021 13:47:36,1624470456.6915057,1000.0,96.5,6530.8,2484.03,2650.23,20.7,615009893,175506558,0.0007445166370516558,0.0003809038681430474,65.731,0,0,6.556968795099317,575.1,254.35,0.01,0.09,106729,464,0,471040,50504533,687932
23-6-2021 13:47:41,1624470461.6950133,1000.0,57.5,6542.45,2488.93,2653.44,20.7,615266267,175671768,0.0005123885477373928,0.0003301883653244661,65.731,0,0,6.541455140020943,580.28,256.83,0.01,0.09,107755,466,0,471040,50582442,690138
23-6-2021 13:47:46,1624470466.698689,1000.0,93.8,6555.4,2494.42,2654.82,20.5,615552002,175839073,0.0005710501982447463,0.0003343641955565026,65.731,0,0,6.395912560140929,586.71,259.75,0.01,0.09,108781,468,0,471040,50660371,692344
23-6-2021 13:47:51,1624470471.7017503,1000.0,98.0,6568.71,2500.18,2655.66,20.6,615874216,176015054,0.000644033684637511,0.000351746639985208,65.731,0,0,6.509101004100912,593.35,263.17,0.01,0.09,109809,471,0,471040,50739365,695649
23-6-2021 13:47:56,1624470476.7067454,1000.0,92.8,6582.09,2505.43,2656.71,20.7,616204592,176202236,0.0006600925533273334,0.00037399037556274344,66.218,0,0,6.517674339802119,599.27,265.35,0.01,0.09,110835,473,0,471040,50817280,697855
23-6-2021 13:48:1,1624470481.721542,1000.0,95.7,6595.57,2510.73,2657.85,20.6,616598376,176382615,0.000785244227474152,0.00035969355917853454,65.731,0,0,6.5244105321387815,606.39,268.76,0.01,0.09,111861,475,0,471040,50895180,700061
23-6-2021 13:48:6,1624470486.724621,1000.0,89.3,6608.23,2516.36,2659.17,20.7,616890813,176569579,0.0005845140356878801,0.00037369786370517003,65.731,0,0,6.4962410005491025,612.3,271.57,0.01,0.09,112889,478,0,471040,50974202,703370
23-6-2021 13:48:11,1624470491.7279005,1000.0,91.0,6620.92,2522.14,2660.44,20.7,617178828,176759747,0.0005756524356054424,0.00038008670511680215,65.731,0,0,6.4341863802356025,618.98,274.69,0.01,0.09,113917,481,0,471040,51053193,706679
23-6-2021 13:48:16,1624470496.7417288,1000.0,88.7,6634.1,2527.78,2661.5,20.5,617499297,176928652,0.0006391702752017164,0.0003368783106414221,65.244,0,0,6.5200218007679265,625.12,278.35,0.01,0.09,114943,483,0,471040,51131103,708885
23-6-2021 13:48:21,1624470501.744846,1000.0,92.6,6646.21,2534.2,2662.75,20.7,617849158,177114053,0.0006992860199322408,0.0003705709621291238,65.731,0,0,6.497567826312384,631.17,281.47,0.01,0.09,115969,485,0,471040,51208961,711091
23-6-2021 13:48:26,1624470506.7497082,1000.0,99.8,6659.71,2539.87,2663.46,20.6,618220926,177295461,0.0007428136775681187,0.0003624635353776476,66.218,0,0,6.516755768119848,637.27,284.72,0.01,0.09,116997,488,0,471040,51287963,714400
23-6-2021 13:48:31,1624470511.7517312,1000.0,93.2,6672.45,2545.88,2664.44,20.7,618528553,177501799,0.0006150051711655932,0.0004125091003324356,65.731,0,0,6.488382109489662,643.85,287.94,0.01,0.09,118022,492,0,471040,51367764,718812
23-6-2021 13:48:36,1624470516.75822,1000.0,98.3,6686.1,2551.58,2665.26,20.7,618815514,177688203,0.0005731781523154537,0.00037232481174866904,64.757,0,0,6.504201955128794,651.54,291.5,0.01,0.09,119045,495,0,471040,51446507,722121
23-6-2021 13:48:41,1624470521.768424,1000.0,94.5,6698.97,2556.92,2666.61,20.6,619074691,177846518,0.0005172982897080795,0.0003159851326897626,65.244,0,0,6.516551641079342,656.54,294.23,0.01,0.09,120059,496,0,471040,51522690,723224
23-6-2021 13:48:46,1624470526.7716732,1000.0,99.5,6710.9,2561.83,2669.44,20.6,619388665,178024542,0.0006275402032408826,0.00035581677827385347,65.244,0,0,6.510631956904699,662.14,296.48,0.01,0.09,121077,499,0,471040,51601091,726533
23-6-2021 13:48:51,1624470531.7781944,1000.0,93.8,6724.18,2567.49,2670.37,20.6,619772180,178197323,0.0007660309080221071,0.0003451118895453051,65.731,0,0,6.526349739023579,668.95,299.99,0.01,0.09,122095,502,0,471040,51679479,729842
23-6-2021 13:48:56,1624470536.780051,1000.0,91.6,6737.24,2573.19,2671.35,20.6,620035269,178382271,0.0005259826957372805,0.0003697587037512726,65.731,0,0,6.440106064410246,675.5,302.86,0.01,0.09,123111,504,0,471040,51756759,732048
23-6-2021 13:49:1,1624470541.7899787,1000.0,93.5,6750.2,2579.06,2672.38,20.7,620343170,178575085,0.0006145817173161961,0.00038486383364329783,65.244,0,0,6.49991528727819,681.69,305.79,0.01,0.09,124129,507,0,471040,51835142,735357
23-6-2021 13:49:6,1624470546.7915077,1000.0,99.5,6763.47,2584.8,2673.18,20.8,620811010,178861376,0.0009353939605775269,0.0005724069604302769,66.705,0,0,6.530942597434939,688.12,309.64,0.01,0.09,125145,509,0,471040,51912433,737563
23-6-2021 13:49:11,1624470551.80227,1000.0,91.4,6776.23,2590.61,2674.59,20.9,621174971,179053973,0.0007263585546628246,0.0003843666726720611,65.244,0,0,6.425715108054648,694.04,312.2,0.01,0.09,126163,512,0,471040,51990814,740870
23-6-2021 13:49:16,1624470556.8058522,1000.0,98.8,6789.91,2596.16,2675.36,20.6,621504377,179229420,0.0006583403334965331,0.0003506427827391312,65.731,0,0,6.558193557342347,699.92,315.29,0.01,0.09,127181,515,0,471040,52069223,744179
23-6-2021 13:49:21,1624470561.8069618,1000.0,98.8,6803.49,2601.33,2676.38,20.6,621880442,179416714,0.0007519631243333508,0.00037450488986981136,66.705,0,0,6.52349196045651,707.19,318.36,0.01,0.09,128204,518,0,471040,52147906,747488
23-6-2021 13:49:26,1624470566.8239055,1000.0,88.8,6816.84,2606.68,2677.48,20.7,622204829,179600002,0.0006465828995493758,0.00036533796512377493,65.731,0,0,6.446740193226656,713.6,321.23,0.01,0.09,129225,520,0,471040,52225502,749694
23-6-2021 13:49:31,1624470571.8254344,1000.0,99.3,6829.82,2612.81,2678.35,20.7,622560247,179784837,0.0007106186958800945,0.00036955699107247604,66.218,0,0,6.502977192885765,719.73,324.53,0.01,0.09,130248,523,0,471040,52304182,753003
23-6-2021 13:49:36,1624470576.8281229,1000.0,92.4,6842.48,2617.58,2680.58,20.8,622862280,179953969,0.0006037413793814704,0.000338082219418232,65.244,0,0,6.448271146030443,725.28,327.07,0.01,0.09,131269,525,0,471040,52381782,755209
23-6-2021 13:49:41,1624470581.83126,1000.0,70.7,6854.6,2622.66,2683.02,20.5,623108111,180119075,0.000491353713706734,0.00033000494752599967,65.731,0,0,6.395912560140929,730.19,329.77,0.01,0.09,132290,527,0,471040,52459388,757415
23-6-2021 13:49:46,1624470586.831574,1000.0,93.7,6866.95,2628.53,2684.57,20.7,623360461,180279451,0.0005046683071059962,0.0003207318582145086,64.757,0,0,6.416733518272431,736.68,332.88,0.01,0.09,133305,529,0,471040,52536689,759621
23-6-2021 13:49:51,1624470591.8345726,1000.0,99.5,6880.7,2633.85,2685.25,20.6,623675933,180453271,0.0006305658382574195,0.0003474316389597322,64.757,0,0,6.520532118369188,743.5,335.89,0.01,0.09,134328,532,0,471040,52615410,762930
23-6-2021 13:49:56,1624470596.837346,1000.0,90.0,6894.03,2639.06,2686.45,20.7,623990346,180639088,0.0006284773806643835,0.00037142796717347485,64.757,0,0,6.435104951917876,749.45,338.12,0.01,0.09,135349,534,0,471040,52692984,765134
23-6-2021 13:50:1,1624470601.8408215,1000.0,99.3,6907.47,2645.02,2687.13,20.6,624350855,180815473,0.000720517178938037,0.000352524964999447,64.27,0,0,6.532575613758978,756.52,341.58,0.01,0.09,136372,537,0,471040,52771685,768441
23-6-2021 13:50:6,1624470606.8450496,1000.0,99.0,6920.11,2651.38,2688.18,20.6,624596420,180980440,0.000490715040067646,0.00032965523594502213,64.757,0,0,6.560643081828407,762.22,344.13,0.01,0.09,137393,539,0,471040,52849253,770647
23-6-2021 13:50:11,1624470611.849528,1000.0,99.5,6933.37,2657.21,2689.3,20.7,624936518,181168420,0.0006795872998275775,0.0003756235573910697,65.244,0,0,6.521246563010956,768.85,347.05,0.01,0.09,138416,542,0,471040,52927961,773954
23-6-2021 13:50:16,1624470616.851986,1000.0,88.0,6946.68,2662.98,2690.46,20.7,625287685,181352688,0.0007019889223041518,0.0003683549272429968,65.244,0,0,6.469194167682199,775.7,350.11,0.01,0.09,139437,544,0,471040,53005575,776160
23-6-2021 13:50:21,1624470621.8916125,1000.0,98.3,6959.63,2669.45,2691.29,20.7,625537227,181538111,0.0004951597010804284,0.00036793003684123827,65.244,0,0,6.496649254630111,781.97,353.32,0.01,0.09,140465,547,0,471040,53084624,779469
23-6-2021 13:50:26,1624470626.8950794,1000.0,99.5,6972.96,2675.28,2692.14,20.7,625790824,181718338,0.0005068425711180388,0.00036020424557424094,65.731,0,0,6.515837196437575,789.14,356.7,0.01,0.09,141493,550,0,471040,53163611,782778
23-6-2021 13:50:31,1624470631.8984041,1000.0,99.5,6985.83,2681.59,2693.19,20.6,626128042,181907942,0.0006739878321838472,0.0003789560134197646,65.731,0,0,6.526145611983074,795.86,360.42,0.01,0.09,142521,553,0,471040,53242610,786087
23-6-2021 13:50:36,1624470636.9084625,1000.0,94.4,6998.45,2688.19,2694.12,20.7,626429559,182090222,0.0006018233236932767,0.00036382809408030226,65.731,0,0,6.508182432418639,801.93,363.67,0.01,0.09,143547,555,0,471040,53320557,788293
23-6-2021 13:50:41,1624470641.9116297,1000.0,91.2,7010.45,2694.48,2696.07,20.7,626682533,182258037,0.0005056277199901414,0.00033541753630865457,65.244,0,0,6.517980530362877,807.7,366.84,0.01,0.09,144573,557,0,471040,53398443,790499
23-6-2021 13:50:46,1624470646.9207356,1000.0,98.5,7022.83,2700.7,2698.0,20.7,626935233,182436031,0.0005044812467452554,0.00035534085885704386,64.757,0,0,6.520532118369188,813.22,369.34,0.01,0.09,145601,560,0,471040,53477433,793808
23-6-2021 13:50:51,1624470651.9241648,1000.0,96.1,7036.57,2706.25,2698.9,20.7,627196550,182610079,0.0005222758050335027,0.0003478574272415154,65.731,0,0,6.509713385222426,820.42,372.39,0.01,0.09,146627,562,0,471040,53555311,796014
23-6-2021 13:50:56,1624470656.9387586,1000.0,93.9,7048.87,2712.78,2700.26,20.8,627535257,182801672,0.0006754425399763826,0.0003820708239324698,65.731,0,0,6.437146222322925,826.4,375.69,0.01,0.09,147650,565,0,471040,53634010,799323
23-6-2021 13:51:1,1624470661.941559,1000.0,98.6,7062.07,2718.93,2700.97,20.7,627898142,183004672,0.000725363728906644,0.0004057727295645969,66.705,0,0,6.568706099928351,832.52,378.77,0.01,0.09,148673,568,0,471040,53712705,802632
23-6-2021 13:51:6,1624470666.9459262,1000.0,96.1,7075.01,2725.17,2701.79,20.7,628366457,183300381,0.0009358126400695727,0.0005909018929189398,65.244,0,0,6.511754655627476,839.36,382.29,0.01,0.09,149694,570,0,471040,53790311,804838
23-6-2021 13:51:11,1624470671.9491148,1000.0,90.8,7087.86,2731.28,2702.82,20.8,628763051,183486602,0.0007926824889256053,0.00037220463690881643,65.731,0,0,6.496955445190869,846.06,385.09,0.01,0.09,150717,573,0,471040,53869036,808147
23-6-2021 13:51:16,1624470676.963305,1000.0,99.3,7101.14,2737.84,2703.25,20.7,629123770,183669744,0.000719396324887055,0.0003652474134505391,66.705,0,0,6.516551641079342,852.63,388.8,0.01,0.09,151745,576,0,471040,53948037,811456
23-6-2021 13:51:21,1624470681.9648912,1000.0,90.0,7114.29,2743.52,2704.4,20.5,629446998,183854245,0.0006462509834922231,0.00036888497501855855,65.244,0,0,6.521552753571713,859.98,391.76,0.01,0.09,152771,578,0,471040,54025954,813662
23-6-2021 13:51:26,1624470686.9699833,1000.0,98.8,7127.24,2749.6,2705.53,20.6,629716065,184026254,0.0005375865064180338,0.00034366799861171966,64.27,0,0,6.5714618149751685,866.41,394.65,0.01,0.09,153799,581,0,471040,54104956,816971
23-6-2021 13:51:31,1624470691.9729233,1000.0,94.6,7139.79,2756.07,2706.53,20.6,630020781,184208316,0.0006090738719332309,0.00036391002530850985,65.244,0,0,6.512775290830001,872.52,397.5,0.01,0.09,154825,583,0,471040,54182870,819175
23-6-2021 13:51:36,1624470696.9764743,1000.0,89.3,7152.52,2762.08,2707.64,20.6,630309618,184387094,0.0005772640263591483,0.00035730224349524414,65.731,0,0,6.5188991020451486,879.29,400.83,0.01,0.09,155853,586,0,471040,54261859,822484
23-6-2021 13:51:41,1624470701.9798343,1000.0,85.5,7164.9,2767.29,2709.85,20.6,630577337,184557325,0.0005350784237639377,0.0003402333609335119,65.244,0,0,6.413569549144606,884.21,403.25,0.01,0.09,156879,588,0,471040,54339745,824690
23-6-2021 13:51:46,1624470706.9826999,1000.0,96.8,7176.66,2773.14,2711.96,20.6,630863453,184725773,0.0005719042356315587,0.00033670303192993324,64.757,0,0,6.5255332308615595,890.24,407.16,0.01,0.09,157905,590,0,471040,54417677,826896
23-6-2021 13:51:51,1624470711.9889488,1000.0,95.5,7189.86,2778.56,2713.07,20.7,631195714,184888773,0.0006636925235937409,0.0003255930769659387,64.757,0,0,6.528186882388123,896.07,409.47,0.01,0.09,158933,593,0,471040,54496672,830205
23-6-2021 13:51:57,1624470717.004445,1000.0,93.3,7202.75,2784.32,2714.3,20.6,631515965,185076953,0.0006385230569092334,0.0003751971698735665,65.731,0,0,6.5239002145375204,902.21,412.81,0.01,0.09,159959,595,0,471040,54574646,832411
23-6-2021 13:52:2,1624470722.011618,1000.0,93.1,7215.7,2790.5,2715.09,20.7,631783616,185265279,0.0005345351747659286,0.00037611244240809216,66.218,0,0,6.4430659064975675,908.0,416.05,0.01,0.09,160981,598,0,471040,54653360,835720
23-6-2021 13:52:7,1624470727.014897,1000.0,91.5,7228.29,2796.5,2716.21,20.7,632068032,185453406,0.0005684591806921368,0.00037600739862057555,64.757,0,0,6.56615451192204,913.38,419.37,0.01,0.09,162003,601,0,471040,54732058,839029
23-6-2021 13:52:12,1624470732.0184736,1000.0,93.8,7240.41,2802.02,2718.33,20.7,632373926,185620930,0.0006113506987537382,0.0003348085103271762,65.244,0,0,6.505834971452834,919.29,422.36,0.01,0.09,163023,603,0,471040,54809630,841235
23-6-2021 13:52:17,1624470737.0215263,1000.0,98.7,7253.82,2807.42,2719.26,20.6,632725430,185806544,0.0007025790457753131,0.00037100148789925277,65.244,0,0,6.535229265285543,925.61,425.4,0.01,0.09,164051,606,0,471040,54888633,844544
23-6-2021 13:52:22,1624470742.024838,1000.0,94.7,7267.0,2812.95,2720.37,20.7,633038859,185984863,0.0006264430899448712,0.00035640194543542396,65.731,0,0,6.4430659064975675,931.57,428.31,0.01,0.09,165077,608,0,471040,54966556,846750
23-6-2021 13:52:27,1624470747.0249104,1000.0,96.8,7280.69,2818.55,2721.17,20.7,633318672,186149579,0.0005596178878632588,0.0003294272246724939,65.731,0,0,6.546660379553819,937.98,431.8,0.01,0.09,166103,610,0,471040,55044476,848956
23-6-2021 13:52:32,1624470752.0293236,1000.0,87.7,7293.3,2824.2,2722.48,20.6,633536260,186330607,0.00043479224124596297,0.0003617367219160716,65.731,0,0,6.539209742575388,944.25,435.45,0.01,0.09,167129,612,0,471040,55122375,851162
23-6-2021 13:52:37,1624470757.033179,1000.0,92.9,7305.86,2830.1,2723.8,20.6,633835404,186515478,0.000597827019549697,0.00036945711406938475,65.731,0,0,6.434900824877371,950.0,438.43,0.01,0.09,168157,615,0,471040,55201388,854471
23-6-2021 13:52:42,1624470762.042203,1000.0,60.7,7317.76,2835.28,2726.26,20.7,634099032,186672365,0.0005263061327125055,0.00031320872685324343,65.731,0,0,6.518388784443887,954.99,441.04,0.01,0.09,169183,617,0,471040,55279310,856677
23-6-2021 13:52:47,1624470767.0722086,1000.0,95.5,7331.13,2840.66,2727.47,20.7,634408913,186837640,0.000616064909040571,0.0003285781569108154,65.244,0,0,6.466132262074625,962.16,444.12,0.01,0.09,170209,619,0,471040,55357210,858883
23-6-2021 13:52:52,1624470772.0755105,1000.0,97.8,7344.77,2846.28,2728.09,20.7,634662994,187008840,0.0005078266456139037,0.00034217403792137274,65.244,0,0,6.5310446609551915,968.55,447.04,0.01,0.09,171235,621,0,471040,55435111,861087
23-6-2021 13:52:57,1624470777.078585,1000.0,89.2,7357.55,2851.81,2729.49,20.7,635022071,187199484,0.0007177126917324119,0.00038105369712522366,65.244,0,0,6.4896068717326925,974.78,449.88,0.01,0.09,172261,623,0,471040,55513035,863291
23-6-2021 13:53:2,1624470782.0816329,1000.0,99.5,7370.84,2857.41,2730.49,20.6,635353240,187380195,0.0006619344922643134,0.00036120181548265787,64.757,0,0,6.537474662731098,981.84,453.32,0.01,0.09,173293,628,0,471040,55594266,868806
23-6-2021 13:53:7,1624470787.0872455,1000.0,99.3,7384.18,2863.38,2731.09,20.8,635783370,187678259,0.0008592954216803657,0.0005954595833067597,65.731,0,0,6.529819898712162,987.08,455.99,0.01,0.09,174319,630,0,471040,55672186,871010
23-6-2021 13:53:12,1624470792.09269,1000.0,90.4,7397.67,2868.77,2732.33,20.8,636120050,187865545,0.0006726275722484653,0.0003741645702035347,65.244,0,0,6.529105454070396,994.34,459.39,0.01,0.09,175345,632,0,471040,55750163,873216
23-6-2021 13:53:17,1624470797.0948465,1000.0,99.0,7410.69,2874.25,2733.24,20.6,636403245,188027574,0.0005661458217545619,0.000323918294295697,65.244,0,0,6.530228152793173,999.56,461.91,0.01,0.09,176371,634,0,471040,55828118,875422
23-6-2021 13:53:22,1624470802.1284697,1000.0,94.5,7423.97,2880.06,2734.08,20.6,636718348,188210284,0.0006259963972663458,0.0003629790949135173,66.218,0,0,6.523594023976763,1006.27,465.11,0.01,0.09,177397,636,0,471040,55906044,877628
23-6-2021 13:53:27,1624470807.1409924,1000.0,95.7,7437.37,2885.73,2734.87,20.7,637050068,188395127,0.0006617825394962073,0.00036876241995688363,65.731,0,0,6.516551641079342,1013.24,467.94,0.01,0.09,178425,639,0,471040,55985077,880935
23-6-2021 13:53:32,1624470812.152469,1000.0,97.2,7451.04,2891.3,2735.56,20.7,637396611,188584186,0.0006914988004903601,0.0003772520920114011,65.731,0,0,6.524716722699539,1019.35,470.62,0.01,0.09,179453,642,0,471040,56064122,884244
23-6-2021 13:53:37,1624470817.1558375,1000.0,95.7,7464.07,2897.07,2736.48,20.7,637757249,188761139,0.0007207903867790794,0.0003536677258406447,66.705,0,0,6.530738470394434,1026.05,474.28,0.01,0.09,180481,645,0,471040,56143134,887553
23-6-2021 13:53:42,1624470822.1590548,1000.0,89.5,7476.49,2902.95,2738.03,20.7,638051107,188929298,0.0005873380807999461,0.00033610173733312733,65.244,0,0,6.524920849740044,1031.42,477.2,0.01,0.09,181507,647,0,471040,56221075,889759
23-6-2021 13:53:47,1624470827.1618943,1000.0,95.0,7489.6,2907.82,2739.88,20.7,638361564,189104698,0.000620561574979877,0.0003506008891777941,65.731,0,0,6.441841144254538,1038.37,480.27,0.01,0.09,182533,649,0,471040,56298997,891965
23-6-2021 13:53:52,1624470832.1760714,1000.0,99.5,7502.8,2913.81,2740.74,20.7,638609400,189286908,0.0004942705370186453,0.0003633896389151187,67.192,0,0,6.515326878836312,1044.5,483.28,0.01,0.09,183561,652,0,471040,56378017,895274
23-6-2021 13:53:57,1624470837.1794496,1000.0,99.3,7516.03,2919.21,2741.89,20.6,638924268,189470057,0.0006293108183734162,0.00036605068496726507,65.244,0,0,6.52808481886787,1051.02,486.65,0.01,0.09,184587,654,0,471040,56455943,897480
23-6-2021 13:54:2,1624470842.2041473,1000.0,88.8,7528.95,2925.14,2743.0,20.7,639274885,189653604,0.0006977872407631561,0.0003652896313651506,65.244,0,0,6.513693862512274,1057.39,489.61,0.01,0.09,185617,658,0,471040,56536084,901892
23-6-2021 13:54:7,1624470847.2088392,1000.0,99.0,7541.94,2931.1,2743.97,20.8,639578229,189836973,0.0006061192371984087,0.00036639418747638,66.705,0,0,6.577585626190316,1063.64,492.43,0.01,0.09,186645,661,0,471040,56615090,905201
23-6-2021 13:54:12,1624470852.2115512,1000.0,98.5,7555.04,2936.35,2745.33,20.6,639849063,190014815,0.0005413743573210465,0.0003554911807774857,67.679,0,0,6.527268310705852,1069.82,495.68,0.01,0.09,187673,664,0,471040,56694075,908510
23-6-2021 13:54:17,1624470857.2145221,1000.0,92.7,7567.98,2942.28,2746.28,20.6,640176031,190198351,0.0006535476706121684,0.00036685402018997253,65.244,0,0,6.536454027528572,1076.66,499.25,0.01,0.09,188701,667,0,471040,56773090,911819
23-6-2021 13:54:22,1624470862.2252424,1000.0,91.7,7580.88,2948.07,2747.53,20.7,640543259,190398202,0.0007328846582101934,0.00039884685216804106,66.705,0,0,6.545333553790537,1083.01,502.14,0.01,0.09,189722,669,0,471040,56850714,914023
23-6-2021 13:54:27,1624470867.2335556,1000.0,99.3,7594.36,2953.85,2748.18,20.6,640858173,190580709,0.000628782563597321,0.0003644081220093621,66.218,0,0,6.539209742575388,1088.98,505.08,0.01,0.09,190745,672,0,471040,56929422,917332
23-6-2021 13:54:32,1624470872.2380886,1000.0,99.8,7607.38,2959.79,2749.14,20.7,641165700,190768198,0.0006144968906735242,0.000374638348943307,66.218,0,0,6.543496410425993,1095.84,508.63,0.01,0.09,191768,675,0,471040,57008161,920641
23-6-2021 13:54:37,1624470877.2506764,1000.0,93.5,7620.33,2966.06,2749.88,20.8,641456819,190942284,0.0005807758635754969,0.00034729765829919705,64.27,0,0,6.454701147806349,1103.19,512.33,0.01,0.09,192789,677,0,471040,57085825,922847
23-6-2021 13:54:42,1624470882.269869,1000.0,90.3,7633.18,2971.97,2751.03,20.6,641643649,191090017,0.0003722311760676648,0.0002943361790612017,65.731,0,0,6.544823236189274,1107.83,514.9,0.01,0.09,193810,679,0,471040,57163455,925051
23-6-2021 13:54:47,1624470887.2820115,1000.0,88.8,7646.21,2977.01,2752.91,20.7,641912136,191266021,0.0005356731264031132,0.00035115522516715344,65.731,0,0,6.547374824195587,1114.26,517.57,0.01,0.09,194831,681,0,471040,57241083,927257
23-6-2021 13:54:52,1624470892.2852654,1000.0,95.8,7658.62,2983.2,2754.15,20.8,642253962,191455138,0.0006832073772790382,0.00037798801018319223,65.731,0,0,6.525431167341307,1119.99,520.83,0.01,0.09,195854,684,0,471040,57319790,930564
23-6-2021 13:54:57,1624470897.2888243,1000.0,99.5,7672.38,2988.83,2754.64,20.7,642561985,191635885,0.000615607825846843,0.0003612368806820897,66.705,0,0,6.548395459398111,1127.08,523.9,0.01,0.09,196869,686,0,471040,57397078,932768
23-6-2021 13:55:2,1624470902.2919662,1000.0,99.3,7685.95,2994.23,2755.64,20.7,642947026,191822698,0.0007695984028285754,0.0003733913698219531,65.731,0,0,6.546660379553819,1134.14,527.24,0.01,0.09,197886,689,0,471040,57475498,936077
23-6-2021 13:55:7,1624470907.2988837,1000.0,95.5,7699.45,2999.98,2756.34,20.9,643398227,192151100,0.0009011552559111116,0.0006558965701576922,67.192,0,0,6.550538793323413,1140.82,530.33,0.01,0.09,198909,692,0,471040,57554220,939386
23-6-2021 13:55:12,1624470912.3030176,1000.0,95.5,7712.73,3005.95,2757.18,20.8,643736985,192340574,0.0006769563006888559,0.0003786349491870902,65.731,0,0,6.538903552014632,1147.26,533.53,0.01,0.09,199932,695,0,471040,57632950,942695
23-6-2021 13:55:17,1624470917.3034737,1000.0,94.1,7725.19,3012.43,2758.18,20.6,644063012,192525208,0.0006519945257450223,0.000369234318833736,66.218,0,0,6.518184657403382,1153.73,536.34,0.01,0.09,200955,698,0,471040,57711700,946004
23-6-2021 13:55:22,1624470922.3241982,1000.0,96.5,7737.75,3019.27,2758.88,20.8,644385979,192715245,0.0006432677151461089,0.0003785051314320692,66.218,0,0,6.586158961891522,1159.89,539.76,0.01,0.09,201973,701,0,471040,57790126,949311
23-6-2021 13:55:27,1624470927.3277965,1000.0,95.5,7751.66,3024.24,2759.89,20.7,644724160,192895874,0.0006758756110914902,0.00036099821029521106,66.705,0,0,6.576156736906781,1166.95,542.91,0.01,0.09,202989,703,0,471040,57867439,951517
23-6-2021 13:55:32,1624470932.3520083,1000.0,99.0,7765.0,3030.07,2760.7,20.7,645033591,193092055,0.0006158796785888645,0.00039047119139724856,67.192,0,0,6.586261025411775,1173.39,545.91,0.01,0.09,204012,706,0,471040,57946184,954824
23-6-2021 13:55:37,1624470937.359116,1000.0,89.2,7778.52,3034.99,2762.03,20.7,645323851,193268848,0.0005796959350197406,0.00035308407441585134,66.218,0,0,6.54625212547281,1180.58,549.01,0.01,0.09,205033,708,0,471040,58023825,957030
23-6-2021 13:55:42,1624470942.3715498,1000.0,91.4,7790.53,3040.64,2764.04,20.6,645590271,193429551,0.0005315182451627976,0.0003206087251422456,67.192,0,0,6.5444149821082656,1185.94,552.13,0.01,0.09,206059,710,0,471040,58101754,959236
23-6-2021 13:55:47,1624470947.3817267,1000.0,99.0,7803.76,3045.68,2765.59,20.7,645712297,193592999,0.0002435562705817327,0.0003262319941163608,66.218,0,0,6.508080368898388,1192.09,554.87,0.01,0.09,207087,713,0,471040,58180772,962545
23-6-2021 13:55:52,1624470952.3967013,1000.0,90.2,7817.52,3050.63,2766.65,20.6,645833143,193749944,0.00024097031347233912,0.0003129527319722313,65.731,0,0,6.442759715936811,1198.21,557.53,0.01,0.09,208113,715,0,471040,58258713,964751
23-6-2021 13:55:57,1624470957.400132,1000.0,95.0,7831.27,3056.06,2767.36,20.7,645961727,193926574,0.000256991672619947,0.0003530177870875167,66.218,0,0,6.448169082510191,1205.2,560.66,0.01,0.09,209141,718,0,471040,58337746,968060
23-6-2021 13:56:2,1624470962.4116697,1000.0,98.3,7845.17,3061.48,2767.95,20.7,646082664,194089628,0.00024131714667325216,0.0003253572193262646,65.731,0,0,6.565848321361282,1211.5,563.8,0.01,0.09,210176,722,0,471040,58418210,972472
23-6-2021 13:56:7,1624470967.414662,1000.0,91.2,7858.43,3066.87,2769.08,20.6,646412961,194277595,0.0006601989167439872,0.00037570916412688293,66.705,0,0,6.539720060176651,1218.15,566.81,0.01,0.09,211207,724,0,471040,58496455,974678
23-6-2021 13:56:12,1624470972.4187903,1000.0,89.3,7871.0,3072.71,2770.43,20.7,646679111,194461954,0.0005318608471665603,0.00036841380395558857,66.705,0,0,6.524308468618529,1224.24,569.64,0.01,0.09,212240,727,0,471040,58575803,977985
23-6-2021 13:56:17,1624470977.4235141,1000.0,94.0,7883.87,3078.57,2771.47,20.7,646999113,194646846,0.0006393999221526331,0.0003694349735521798,67.192,0,0,6.447046383787414,1231.07,573.22,0.01,0.09,213262,730,0,471040,58654499,981294
23-6-2021 13:56:22,1624470982.4266272,1000.0,59.3,7892.86,3082.7,2777.98,20.6,647284034,194772644,0.0005694874335489345,0.0002514394522186461,65.244,0,0,6.42867495014197,1232.14,573.72,0.01,0.09,214278,730,0,471040,58729904,981294
23-6-2021 13:56:27,1624470987.4320915,1000.0,98.2,7902.3,3087.8,2783.15,20.6,647636580,194939092,0.0007043222721902691,0.00033253258741136165,66.218,0,0,6.544721172669023,1235.77,575.5,0.01,0.09,215301,731,0,471040,58806686,982397
23-6-2021 13:56:32,1624470992.434225,1000.0,94.0,7914.65,3094.4,2784.02,20.6,647952490,195130868,0.0006315505037756782,0.0003833883998989727,66.705,0,0,6.5438026009867505,1242.43,579.22,0.01,0.09,216326,733,0,471040,58884563,984603
23-6-2021 13:56:37,1624470997.437345,1000.0,99.3,7926.87,3101.31,2784.81,20.7,648299832,195305842,0.0006942507950675843,0.00034972977243222963,66.705,0,0,6.541455140020943,1248.47,582.42,0.01,0.09,217353,736,0,471040,58963531,987912
23-6-2021 13:56:42,1624471002.4417043,1000.0,87.0,7938.94,3107.1,2786.72,20.8,648602443,195476298,0.0006046947974092564,0.00034061503510180466,65.244,0,0,6.543190219865236,1254.0,585.29,0.01,0.09,218378,738,0,471040,59041420,990118
23-6-2021 13:56:47,1624471007.4449277,1000.0,56.6,7950.23,3111.81,2790.07,20.6,648888142,195636218,0.0005710298662742601,0.0003196339371666673,64.757,0,0,6.442147334815296,1257.96,587.01,0.01,0.09,219395,739,0,471040,59117879,991221
23-6-2021 13:56:52,1624471012.4494343,1000.0,90.3,7959.41,3115.55,2796.5,20.7,649174738,195786883,0.0005726758371908864,0.00030105865054070853,65.731,0,0,6.440106064410246,1260.85,588.29,0.01,0.09,220418,740,0,471040,59194670,992324
23-6-2021 13:56:57,1624471017.4543412,1000.0,97.0,7972.38,3121.14,2797.72,20.7,649505266,195968506,0.0006604078898591428,0.00036288986766593777,65.731,0,0,6.555335778775278,1267.01,591.38,0.01,0.09,221450,743,0,471040,59273960,995633
23-6-2021 13:57:2,1624471022.4933043,1000.0,94.7,7985.17,3127.32,2798.69,20.7,649828151,196158646,0.0006407766735117289,0.00037733953792068426,66.218,0,0,6.549416094600636,1273.04,594.94,0.01,0.09,222482,746,0,471040,59353264,998940
23-6-2021 13:57:7,1624471027.499903,1000.0,96.7,7997.99,3133.16,2799.77,20.9,650266205,196499449,0.0008749532872214114,0.0006807076413979068,66.705,0,0,6.5758505463460235,1278.91,597.5,0.01,0.09,223514,749,0,471040,59432570,1002247
23-6-2021 13:57:12,1624471032.5027635,1000.0,99.0,8011.59,3138.11,2800.92,20.8,650595289,196685565,0.0006577916713184129,0.00037201916440512977,66.705,0,0,6.541863394101953,1285.78,600.87,0.01,0.09,224544,751,0,471040,59510761,1004453
23-6-2021 13:57:17,1624471037.5028994,1000.0,90.8,8024.32,3143.89,2802.01,20.8,650955481,196870950,0.0007203644206981755,0.00037075992284984474,65.244,0,0,6.442861779457062,1292.16,603.64,0.01,0.09,225576,754,0,471040,59590038,1007762
23-6-2021 13:57:22,1624471042.5126033,1000.0,91.1,8036.88,3149.82,2803.27,20.7,651293960,197061065,0.0006756467217891911,0.000379493488556017,65.244,0,0,6.527982755347618,1297.79,606.87,0.01,0.09,226608,757,0,471040,59669360,1011071
23-6-2021 13:57:27,1624471047.5165803,1000.0,91.2,8050.35,3155.07,2804.4,20.7,651654396,197232814,0.000720299065433955,0.0003432249946986881,67.679,0,0,6.543598473946245,1304.52,610.03,0.01,0.09,227640,760,0,471040,59748637,1014378
23-6-2021 13:57:32,1624471052.5212264,1000.0,89.8,8063.12,3160.69,2805.75,20.6,652043122,197429166,0.000776730252485743,0.00039233943326682705,65.731,0,0,6.536147836967815,1310.58,613.4,0.01,0.09,228670,762,0,471040,59826821,1016584
23-6-2021 13:57:37,1624471057.5307899,1000.0,88.5,8076.34,3165.95,2807.02,20.7,652304043,197614038,0.0005208457838896093,0.0003690381447228849,66.705,0,0,6.4895048082124385,1316.75,615.8,0.01,0.09,229702,765,0,471040,59906160,1019893
23-6-2021 13:57:42,1624471062.5622234,1000.0,65.4,8088.14,3171.27,2809.61,20.7,652549282,197778090,0.00048741376784229925,0.00032605418975801105,65.244,0,0,6.5399241872171565,1321.23,618.32,0.01,0.09,230732,767,0,471040,59984341,1022099
23-6-2021 13:57:47,1624471067.571375,1000.0,98.7,8100.75,3176.96,2810.95,20.6,652864971,197948624,0.0006302245052885535,0.00034044488653351296,66.705,0,0,6.539413869615894,1328.38,622.4,0.01,0.09,231762,769,0,471040,60062512,1024305
23-6-2021 13:57:52,1624471072.574611,1000.0,91.9,8113.48,3182.92,2812.07,20.8,653234871,198135797,0.0007393215029354409,0.00037410387582842734,65.731,0,0,6.528186882388123,1334.19,625.54,0.01,0.09,232792,771,0,471040,60140668,1026509
23-6-2021 13:57:57,1624471077.588035,1000.0,94.7,8126.73,3188.75,2812.85,20.7,653568092,198327270,0.0006646575065105402,0.00038192060747699774,67.679,0,0,6.507365924256621,1340.54,628.59,0.01,0.09,233826,775,0,471040,60221073,1030921
23-6-2021 13:58:2,1624471082.589546,1000.0,96.1,8139.64,3194.89,2813.63,20.6,653937961,198513121,0.0007395145396290956,0.0003715897161011251,67.192,0,0,6.543190219865236,1346.81,632.24,0.01,0.09,234858,778,0,471040,60300352,1034230
23-6-2021 13:58:7,1624471087.5923243,1000.0,96.5,8153.07,3200.24,2814.72,20.6,654299091,198694736,0.0007218588930854262,0.000363028280308226,67.192,0,0,6.544619109148769,1354.15,635.66,0.01,0.09,235888,780,0,471040,60378539,1036436
23-6-2021 13:58:12,1624471092.5955808,1000.0,95.4,8165.98,3205.94,2815.88,20.8,654566987,198878342,0.0005354432594470602,0.000366972986136549,66.705,0,0,6.519409419646411,1360.72,638.37,0.01,0.09,236920,783,0,471040,60457830,1039745
23-6-2021 13:58:17,1624471097.6025257,1000.0,99.5,8179.57,3211.47,2816.7,20.7,654884245,199053967,0.0006336358930773997,0.00035076279785448535,66.218,0,0,6.583199119804202,1367.47,641.65,0.01,0.09,237952,786,0,471040,60537103,1043054
23-6-2021 13:58:22,1624471102.6033206,1000.0,97.5,8192.66,3217.37,2817.47,20.7,655248915,199248054,0.0007292240697742163,0.00038811229887368944,66.705,0,0,6.543598473946245,1373.86,644.83,0.01,0.09,238984,789,0,471040,60616422,1046363
23-6-2021 13:58:27,1624471107.6126587,1000.0,99.5,8205.95,3223.13,2818.25,20.7,655619024,199437887,0.0007388381251579256,0.0003789582469302408,66.705,0,0,6.544312918588012,1380.47,647.86,0.01,0.09,240016,792,0,471040,60695715,1049672
23-6-2021 13:58:32,1624471112.6132543,1000.0,93.8,8219.14,3228.56,2819.4,20.6,656023614,199628982,0.0008090836268758805,0.00038214448127201953,66.705,0,0,6.5444149821082656,1387.42,651.25,0.01,0.09,241046,794,0,471040,60773928,1051878
23-6-2021 13:58:37,1624471117.6169338,1000.0,99.3,8231.97,3234.15,2820.75,20.6,656393371,199810973,0.0007389701897783828,0.00036371434160261377,66.705,0,0,6.585954834851019,1393.04,653.56,0.01,0.09,242078,797,0,471040,60853210,1055187
23-6-2021 13:58:42,1624471122.6217225,1000.0,91.7,8244.09,3239.82,2822.79,20.7,656632966,199969352,0.00047873150570430415,0.00031645492243970863,66.218,0,0,6.541046885939933,1398.21,656.64,0.01,0.09,243106,798,0,471040,60930268,1056290
23-6-2021 13:58:47,1624471127.6260026,1000.0,97.0,8256.93,3245.04,2824.43,20.7,656924470,200162038,0.0005825093614627372,0.00038504239675204787,65.731,0,0,6.537474662731098,1404.61,659.8,0.01,0.09,244140,802,0,471040,61010685,1060702
23-6-2021 13:58:52,1624471132.6295755,1000.0,91.0,8270.26,3250.36,2825.51,20.8,657199958,200345957,0.0005505825602184566,0.00036757533501574776,66.705,0,0,6.529615771671658,1411.26,662.9,0.01,0.09,245170,804,0,471040,61088865,1062908
23-6-2021 13:58:57,1624471137.631574,1000.0,95.2,8282.98,3256.27,2826.66,20.8,657539999,200532273,0.0006798102900881043,0.00037248312411754833,66.218,0,0,6.585036263168746,1417.2,665.68,0.01,0.09,246202,807,0,471040,61168135,1066217
23-6-2021 13:59:2,1624471142.6364443,1000.0,94.8,8296.98,3261.67,2827.31,20.7,657916317,200707386,0.0007519035835416513,0.0003498851828100946,66.705,0,0,6.531963232637464,1424.51,669.05,0.01,0.09,247232,809,0,471040,61246355,1068423
23-6-2021 13:59:7,1624471147.6588774,1000.0,97.3,8309.68,3267.94,2828.32,21.0,658484639,201060725,0.0011315671014185157,0.0007035215741219184,66.218,0,0,6.521756880612218,1430.28,672.01,0.01,0.09,248264,812,0,471040,61325655,1071730
23-6-2021 13:59:12,1624471152.6638336,1000.0,98.8,8323.44,3273.49,2829.06,20.8,658889099,201245208,0.0008081189528278644,0.00036860062496796444,67.679,0,0,6.516959895160351,1437.91,675.16,0.01,0.09,249296,815,0,471040,61404940,1075039
23-6-2021 13:59:17,1624471157.6667476,1000.0,94.3,8336.14,3279.76,2830.17,20.7,659215008,201422527,0.0006514383480010381,0.00035443144076780967,66.218,0,0,6.545129426750032,1444.06,678.58,0.01,0.09,250326,817,0,471040,61483140,1077245
23-6-2021 13:59:22,1624471162.674498,1000.0,98.5,8348.98,3286.32,2830.96,21.0,659582011,201607422,0.000732869976612105,0.0003692176748574131,66.218,0,0,6.419080979238238,1450.55,681.69,0.01,0.09,251358,820,0,471040,61562423,1080554
23-6-2021 13:59:27,1624471167.6773384,1000.0,93.4,8361.76,3292.25,2832.18,20.5,659925910,201787473,0.0006874075139639925,0.00035989755799444256,66.218,0,0,6.540536568338672,1456.62,685.0,0.01,0.09,252388,822,0,471040,61640603,1082760
23-6-2021 13:59:32,1624471172.6847794,1000.0,87.8,8374.32,3298.49,2833.38,20.8,660304758,201977112,0.0007565700657923993,0.00037871439391736216,66.705,0,0,6.521144499490703,1462.49,687.54,0.01,0.09,253420,825,0,471040,61719932,1086069
23-6-2021 13:59:37,1624471177.6988337,1000.0,99.5,8387.76,3304.63,2834.17,20.7,660704180,202164296,0.0007966048555305569,0.00037331865364860164,66.705,0,0,6.538903552014632,1469.24,690.73,0.01,0.09,254452,828,0,471040,61799252,1089378
23-6-2021 13:59:42,1624471182.7015142,1000.0,93.1,8399.36,3310.57,2836.84,20.8,660988856,202331239,0.0005690469293791289,0.00033370709695000606,65.731,0,0,6.539822123696903,1474.32,693.79,0.01,0.09,255480,829,0,471040,61876397,1090481
23-6-2021 13:59:47,1624471187.7155116,1000.0,93.6,8412.07,3316.14,2838.8,20.8,661363342,202513468,0.0007468811336975932,0.00036344056149650107,67.679,0,0,6.455415592448116,1480.96,696.46,0.01,0.09,256512,832,0,471040,61955672,1093786
23-6-2021 13:59:52,1624471192.7166305,1000.0,98.8,8424.74,3322.62,2839.84,20.8,661732405,202695320,0.0007379608593562622,0.0003636226286451229,66.705,0,0,6.541965457622206,1487.01,699.53,0.01,0.09,257544,835,0,471040,62034976,1097095
23-6-2021 13:59:57,1624471197.7219722,1000.0,97.8,8438.07,3328.49,2840.68,20.7,661996271,202879722,0.0005271687972896921,0.0003684104073954727,67.192,0,0,6.540740695379175,1494.38,702.94,0.01,0.09,258574,837,0,471040,62113158,1099301
23-6-2021 14:0:2,1624471202.7351134,1000.0,93.8,8451.04,3334.56,2841.66,20.6,662355477,203067548,0.0007165287967691268,0.00037466728780131183,67.192,0,0,6.542577838743721,1500.98,705.51,0.01,0.09,259606,840,0,471040,62192456,1102610
23-6-2021 14:0:7,1624471207.7387958,1000.0,95.8,8463.53,3341.14,2842.78,20.7,662712609,203256783,0.0007137383495555455,0.000378191471439534,66.705,0,0,6.524512595659035,1507.67,709.01,0.01,0.09,260632,843,0,471040,62271441,1105919
23-6-2021 14:0:12,1624471212.7438636,1000.0,99.5,8476.55,3347.47,2843.48,20.7,663087231,203434499,0.0007484853613871743,0.0003550721113129583,67.679,0,0,6.551967682606947,1513.23,712.32,0.01,0.09,261664,846,0,471040,62350756,1109228
23-6-2021 14:0:17,1624471217.7471306,1000.0,93.8,8489.54,3353.34,2844.54,20.9,663467953,203616392,0.00076094678979013,0.0003635484538201,66.218,0,0,6.4304100299862625,1519.35,715.17,0.01,0.09,262694,848,0,471040,62428947,1111434
23-6-2021 14:0:22,1624471222.7817113,1000.0,89.6,8502.36,3359.81,2845.48,20.7,663710413,203807170,0.0004815892605245115,0.00037893523032395143,67.679,0,0,6.429593521824242,1525.85,718.66,0.01,0.09,263726,851,0,471040,62508226,1114743
23-6-2021 14:0:27,1624471227.7933042,1000.0,92.5,8515.35,3366.06,2846.43,20.8,664047433,204001978,0.0006724808041657564,0.00038871473650798965,66.705,0,0,6.455313528927864,1533.1,722.05,0.01,0.09,264758,854,0,471040,62587507,1118052
23-6-2021 14:0:32,1624471232.7990704,1000.0,98.7,8528.63,3372.01,2847.16,20.7,664395770,204179569,0.0006958714996462372,0.00035477286505216184,67.192,0,0,6.537270535690593,1539.23,725.48,0.01,0.09,265785,857,0,471040,62666483,1121361
23-6-2021 14:0:37,1624471237.802512,1000.0,95.4,8541.59,3378.34,2848.0,20.6,664765496,204374782,0.0007389433746064928,0.0003901574489948158,66.705,0,0,6.532677677279232,1545.79,729.02,0.01,0.09,266812,860,0,471040,62745499,1124670
23-6-2021 14:0:42,1624471242.8046813,1000.0,90.5,8552.64,3385.0,2850.01,20.7,665017882,204542944,0.0005045530874680104,0.00033617814100146427,66.705,0,0,6.5409448224196804,1550.92,732.3,0.01,0.09,267830,861,0,471040,62821951,1125773
23-6-2021 14:0:47,1624471247.8050337,1000.0,99.0,8565.7,3390.32,2851.42,20.8,665379014,204719645,0.0007222131009252945,0.0003533770952078477,66.705,0,0,6.553804825971492,1557.39,735.0,0.01,0.09,268852,864,0,471040,62900623,1129082
23-6-2021 14:0:52,1624471252.808348,1000.0,90.6,8579.11,3395.82,2852.29,20.7,665730571,204891629,0.0007026482486713038,0.00034374015138223816,66.705,0,0,6.455313528927864,1564.03,737.67,0.01,0.09,269870,865,0,471040,62977103,1130185
23-6-2021 14:0:57,1624471257.8115468,1000.0,99.3,8592.77,3401.74,2853.0,20.7,665998909,205072948,0.0005363328690250536,0.0003624061425469135,66.705,0,0,6.552478000208209,1570.59,741.06,0.01,0.09,270892,868,0,471040,63055764,1133492
23-6-2021 14:1:2,1624471262.8215597,1000.0,99.5,8605.6,3407.16,2854.03,20.7,666344543,205265520,0.0006898864520089616,0.00038437426247495837,67.679,0,0,6.556050223417046,1576.7,744.13,0.01,0.09,271914,871,0,471040,63134451,1136801
23-6-2021 14:1:7,1624471267.845159,1000.0,92.5,8618.79,3412.79,2855.16,20.8,666887716,205629919,0.0010812426673402148,0.0007253743222437547,67.679,0,0,6.556764668058814,1583.47,747.4,0.01,0.09,272929,873,0,471040,63211715,1139007
23-6-2021 14:1:12,1624471272.8602598,1000.0,94.2,8631.58,3418.83,2856.09,20.9,667252693,205823652,0.0007277560722224069,0.0003862993206143498,66.705,0,0,6.431736855749544,1590.0,750.29,0.01,0.09,273946,876,0,471040,63290114,1142316
23-6-2021 14:1:17,1624471277.8615966,1000.0,98.5,8645.09,3424.16,2856.97,20.8,667671567,206008757,0.0008375240773896254,0.00037011104615040946,67.679,0,0,6.559010065504367,1596.01,753.54,0.01,0.09,274963,879,0,471040,63368470,1145623
23-6-2021 14:1:22,1624471282.865749,1000.0,94.5,8658.0,3430.13,2857.96,20.7,668153279,206204374,0.0009626245791820986,0.00039090936556669665,67.192,0,0,6.553498635410734,1602.57,757.23,0.01,0.09,275978,881,0,471040,63445737,1147829
23-6-2021 14:1:27,1624471287.871846,1000.0,94.1,8670.89,3436.1,2858.87,20.8,668533060,206402675,0.0007586369062726921,0.00039611896632738637,67.192,0,0,6.437554476403935,1609.12,759.86,0.01,0.09,276995,884,0,471040,63524108,1151136
23-6-2021 14:1:32,1624471292.8723702,1000.0,98.5,8683.9,3441.74,2859.93,20.7,668875326,206588080,0.0006844602299020026,0.0003707711222411247,67.192,0,0,6.454803211326602,1615.85,762.95,0.01,0.09,278014,888,0,471040,63603609,1155548
23-6-2021 14:1:37,1624471297.8780956,1000.0,88.5,8697.06,3447.38,2861.07,20.7,669202168,206771763,0.000652936337779263,0.00036694581887367094,68.166,0,0,6.544006728027255,1622.24,766.49,0.01,0.09,279029,890,0,471040,63680858,1157754
23-6-2021 14:1:42,1624471302.88095,1000.0,78.2,8708.98,3452.8,2863.55,20.8,669437587,206925975,0.0004705693663266343,0.00030824803061759213,66.705,0,0,6.532779740799484,1626.5,768.61,0.01,0.09,280044,892,0,471040,63758128,1159958
23-6-2021 14:1:47,1624471307.8816063,1000.0,91.6,8721.81,3458.1,2865.43,20.7,669786584,207107298,0.000697902384072144,0.0003625984005223924,67.192,0,0,6.488075918928906,1632.95,771.3,0.01,0.09,281059,894,0,471040,63835416,1162164
23-6-2021 14:1:52,1624471312.884878,1000.0,93.6,8734.45,3464.44,2866.55,20.8,670169583,207298517,0.0007654971230238851,0.0003821879283431661,67.192,0,0,6.579116578994102,1638.82,774.3,0.01,0.09,282076,897,0,471040,63913796,1165473
23-6-2021 14:1:57,1624471317.8882413,1000.0,98.0,8747.84,3470.49,2867.11,20.7,670604713,207481746,0.0008696749920886329,0.00036621165887299915,67.192,0,0,6.5377808532918555,1646.24,777.87,0.01,0.09,283086,899,0,471040,63990823,1167679
23-6-2021 14:2:2,1624471322.8916025,1000.0,89.7,8760.8,3476.23,2868.58,20.7,670909362,207666245,0.0006088886776153078,0.0003687501095731372,65.731,0,0,6.520430054848935,1652.45,780.23,0.01,0.09,284093,902,0,471040,64068615,1170988
23-6-2021 14:2:7,1624471327.8939822,1000.0,98.7,8773.98,3482.15,2869.54,20.7,671196384,207833853,0.0005737709245339502,0.00033505653615153655,67.192,0,0,6.555335778775278,1659.31,783.64,0.01,0.09,285098,904,0,471040,64145276,1173194
23-6-2021 14:2:12,1624471332.9057527,1000.0,89.1,8786.56,3488.44,2870.63,20.7,671527674,208014482,0.0006610238854122678,0.0003604095608021145,67.679,0,0,6.452966067962057,1665.68,786.87,0.01,0.09,286103,906,0,471040,64221950,1175400
23-6-2021 14:2:17,1624471337.9061835,1000.0,96.0,8799.79,3494.39,2871.52,20.8,671864140,208201872,0.0006728740221634841,0.0003747477100604973,68.166,0,0,6.46674464319614,1672.35,789.98,0.01,0.09,287116,909,0,471040,64300092,1178709
23-6-2021 14:2:22,1624471342.911516,1000.0,99.0,8813.28,3500.24,2872.29,20.7,672177984,208377772,0.0006270192876992854,0.00035142520712935186,68.166,0,0,6.545333553790537,1678.54,793.0,0.01,0.09,288129,912,0,471040,64378203,1182018
23-6-2021 14:2:27,1624471347.918261,1000.0,93.3,8826.45,3506.24,2873.09,20.7,672450496,208559329,0.000544289742249585,0.00036262481187473544,66.705,0,0,6.421326376683793,1685.03,796.11,0.01,0.09,289134,914,0,471040,64454944,1184222
23-6-2021 14:2:32,1624471352.930746,1000.0,89.7,8839.48,3512.09,2874.33,20.9,672753923,208757597,0.0006053424565791501,0.00039554831369995063,67.679,0,0,6.415202565468644,1691.86,798.86,0.01,0.09,290147,917,0,471040,64533049,1187529
23-6-2021 14:2:37,1624471357.9352908,1000.0,99.3,8852.83,3518.28,2874.86,20.8,673108149,208942764,0.0007078086394669762,0.00036999769171145423,67.679,0,0,6.540536568338672,1697.61,802.19,0.01,0.09,291162,921,0,471040,64612257,1191941
23-6-2021 14:2:42,1624471362.938744,1000.0,86.6,8864.51,3524.26,2877.55,20.8,673329353,209100980,0.0004421026613813664,0.00031621360677525843,67.679,0,0,6.541761330581701,1702.87,805.18,0.01,0.09,292171,922,0,471040,64688159,1193044
23-6-2021 14:2:47,1624471367.9418228,1000.0,90.2,8877.02,3530.03,2879.4,20.8,673684439,209292601,0.0007097349879046053,0.0003830061678502345,65.731,0,0,6.477767503383405,1709.1,807.84,0.01,0.09,293184,925,0,471040,64766264,1196351
23-6-2021 14:2:52,1624471372.945119,1000.0,98.8,8889.66,3536.57,2880.43,20.8,673926978,209480670,0.00048475843397189803,0.0003758902028896833,67.192,0,0,6.437248285843178,1715.71,811.09,0.01,0.09,294197,928,0,471040,64844382,1199660
23-6-2021 14:2:57,1624471377.951568,1000.0,99.5,8903.39,3541.73,2881.42,20.7,674252334,209673969,0.0006498737948400198,0.0003861000094320713,66.218,0,0,6.548497522918363,1721.75,813.65,0.01,0.09,295210,931,0,471040,64922491,1202967
23-6-2021 14:3:2,1624471382.9534621,1000.0,95.9,8916.25,3547.64,2882.61,20.8,674604818,209871616,0.0007047010260442772,0.00039514430071882197,66.218,0,0,6.44316797001782,1729.1,817.33,0.01,0.09,296223,934,0,471040,65000672,1206274
23-6-2021 14:3:7,1624471387.956935,1000.0,97.0,8929.2,3553.85,2883.38,20.9,675168777,210250687,0.0011271351358876542,0.0007576157896160341,67.192,0,0,6.430205902945757,1735.58,820.44,0.01,0.09,297241,937,0,471040,65079128,1209581
23-6-2021 14:3:12,1624471392.9612985,1000.0,99.0,8942.28,3560.04,2884.21,20.8,675546429,210426318,0.0007546454153865621,0.0003509557183591171,67.192,0,0,6.532371486718475,1741.74,823.73,0.01,0.09,298259,940,0,471040,65157546,1212890
23-6-2021 14:3:17,1624471397.9619877,1000.0,92.6,8955.43,3566.03,2885.11,20.7,675852319,210609519,0.0006116956755352987,0.0003663514971190371,67.192,0,0,6.549007840519626,1748.62,826.8,0.01,0.09,299275,942,0,471040,65234895,1215096
23-6-2021 14:3:22,1624471402.9634655,1000.0,95.3,8968.1,3572.53,2886.01,20.9,676179822,210795419,0.00065481247431775,0.0003716901493289213,66.218,0,0,6.423469710609095,1755.71,829.87,0.01,0.09,300293,945,0,471040,65313326,1218405
23-6-2021 14:3:27,1624471407.970114,1000.0,99.0,8981.17,3578.87,2886.65,20.8,676483869,210974839,0.0006072864862406108,0.0003583634811765628,66.705,0,0,6.55911212902462,1761.87,833.17,0.01,0.09,301311,948,0,471040,65391777,1221714
23-6-2021 14:3:32,1624471412.9739757,1000.0,98.8,8994.25,3585.06,2887.45,20.7,676830411,211173839,0.0006925491213589358,0.00039769284863141617,66.705,0,0,6.524818786219792,1768.75,836.41,0.01,0.09,302329,951,0,471040,65470195,1225023
23-6-2021 14:3:38,1624471418.0158026,1000.0,95.9,9007.78,3590.76,2888.43,20.7,677147569,211352008,0.0006290537186237924,0.00035338182228883544,67.679,0,0,6.505018463290814,1775.3,839.48,0.01,0.09,303345,953,0,471040,65547550,1227229
23-6-2021 14:3:43,1624471423.0196352,1000.0,61.0,9018.99,3596.36,2891.8,20.8,677375459,211517737,0.00045543090504652866,0.0003312041268263467,66.218,0,0,6.424592409331872,1780.63,842.23,0.01,0.09,304361,955,0,471040,65624925,1229435
23-6-2021 14:3:48,1624471428.0224862,1000.0,94.3,9032.0,3602.63,2892.62,20.7,677744981,211689178,0.000738622835874968,0.0003426865994588695,66.218,0,0,6.546762443074071,1786.59,845.91,0.01,0.09,305379,958,0,471040,65703337,1232744
23-6-2021 14:3:53,1624471433.0249982,1000.0,92.1,9045.13,3608.34,2893.88,20.6,678022812,211875195,0.000555382978018932,0.00037184718559897084,66.705,0,0,6.544721172669023,1793.03,848.95,0.01,0.09,306397,961,0,471040,65781769,1236051
23-6-2021 14:3:58,1624471438.026134,1000.0,92.4,9058.19,3614.02,2895.2,20.8,678380362,212066600,0.0007149375910432944,0.0003827230586313572,65.731,0,0,6.450312416435493,1799.22,851.38,0.01,0.09,307413,963,0,471040,65859086,1238257
23-6-2021 14:4:3,1624471443.0294716,1000.0,99.5,9071.46,3620.39,2895.67,20.8,678742503,212258846,0.0007237988466542095,0.0003842355134433416,66.218,0,0,6.561663717030932,1805.32,854.59,0.01,0.09,308431,966,0,471040,65937512,1241566
23-6-2021 14:4:8,1624471448.036812,1000.0,99.0,9084.56,3626.2,2896.74,20.8,679072945,212446998,0.0006599151875917637,0.0003757523631250432,66.705,0,0,6.552171809647452,1812.25,858.08,0.01,0.09,309449,969,0,471040,66015953,1244875
23-6-2021 14:4:13,1624471453.045885,1000.0,96.8,9097.5,3632.34,2897.75,20.8,679441831,212632157,0.0007364356610469274,0.00036964723671754424,67.192,0,0,6.5548254611740155,1819.09,861.37,0.01,0.09,310465,971,0,471040,66093317,1247081
23-6-2021 14:4:18,1624471458.048982,1000.0,99.0,9110.43,3638.3,2898.83,20.7,679821532,212803937,0.0007589319450381231,0.0003433473430900861,67.192,0,0,6.549007840519626,1825.82,864.28,0.01,0.09,311481,973,0,471040,66170679,1249287
23-6-2021 14:4:23,1624471463.053445,1000.0,95.3,9123.12,3644.5,2900.0,20.9,680069009,212984804,0.0004945125787070562,0.0003614113900403235,65.731,0,0,6.463070356467051,1832.09,867.02,0.01,0.09,312499,976,0,471040,66249088,1252596
23-6-2021 14:4:28,1624471468.0615394,1000.0,98.8,9136.25,3650.65,2900.74,20.8,680412783,213180081,0.0006864367535199165,0.00038992276878736825,66.218,0,0,6.539107679055137,1838.47,870.42,0.01,0.09,313517,979,0,471040,66327554,1255905
23-6-2021 14:4:33,1624471473.0925205,1000.0,95.5,9149.54,3656.74,2901.43,20.8,680743297,213353556,0.000656957352464265,0.00034481346242137514,66.705,0,0,6.559724510146135,1845.83,873.97,0.01,0.09,314535,982,0,471040,66406000,1259214
23-6-2021 14:4:38,1624471478.098987,1000.0,93.5,9162.22,3663.13,2902.52,20.9,681150099,213545029,0.0008125531044115565,0.00038245136592493143,67.192,0,0,6.439697810329237,1852.45,876.61,0.01,0.09,315551,984,0,471040,66483363,1261420
23-6-2021 14:4:43,1624471483.101771,1000.0,84.5,9173.73,3669.48,2904.66,20.8,681402170,213695755,0.0005038614485600074,0.0003012842441044613,66.705,0,0,6.558397684382852,1857.36,879.4,0.01,0.09,316567,986,0,471040,66560688,1263626
23-6-2021 14:4:48,1624471488.105347,1000.0,91.8,9186.09,3675.59,2906.19,20.8,681714058,213877460,0.0006233302189300769,0.00036315028930478127,66.218,0,0,6.448883527151958,1864.63,882.29,0.01,0.09,317583,988,0,471040,66638033,1265830
23-6-2021 14:4:53,1624471493.1136558,1000.0,99.5,9198.63,3682.1,2907.1,20.8,682056273,214060327,0.0006832945165490277,0.00036512723976965083,66.705,0,0,6.585954834851019,1870.64,885.2,0.01,0.09,318599,990,0,471040,66715366,1268036
23-6-2021 14:4:58,1624471498.1222057,1000.0,99.3,9210.72,3689.28,2907.81,20.8,682396682,214273696,0.0006796557982815659,0.0004260095297819371,67.192,0,0,6.579933087156123,1877.04,888.73,0.01,0.09,319619,994,0,471040,66794906,1272448
23-6-2021 14:5:3,1624471503.1255848,1000.0,95.5,9222.89,3696.09,2908.75,20.7,682717276,214457512,0.0006407549641443816,0.00036738371425904307,66.705,0,0,6.55911212902462,1883.44,891.96,0.01,0.09,320637,997,0,471040,66873354,1275755
23-6-2021 14:5:8,1624471508.1288612,1000.0,86.2,9233.83,3703.32,2910.62,20.9,683218081,214822817,0.0010009541051810551,0.0007301315669635194,67.679,0,0,6.5719721325764295,1888.08,894.68,0.01,0.09,321658,999,0,471040,66950989,1277961
23-6-2021 14:5:13,1624471513.1319396,1000.0,99.5,9245.95,3710.3,2911.56,20.9,683527326,215012806,0.0006181094348801054,0.00037974419448474943,66.705,0,0,6.547783078276597,1895.1,897.87,0.01,0.09,322681,1002,0,471040,67029725,1281270
23-6-2021 14:5:18,1624471518.1515105,1000.0,89.9,9258.4,3716.86,2912.64,20.6,683877210,215192511,0.0006970396713684107,0.0003580086947195649,65.731,0,0,6.516041323478079,1901.74,901.06,0.01,0.09,323696,1004,0,471040,67107044,1283474
23-6-2021 14:5:23,1624471523.171596,1000.0,96.0,9270.68,3724.01,2913.34,20.8,684170236,215381352,0.0005837071813367978,0.0003761708784572776,66.705,0,0,6.444188605220345,1908.01,904.49,0.01,0.09,324713,1007,0,471040,67185460,1286783
23-6-2021 14:5:28,1624471528.182593,1000.0,93.6,9283.38,3730.63,2914.1,20.8,684475207,215566323,0.0006086034306812205,0.00036913013098470356,67.192,0,0,6.4314306651887865,1915.06,908.25,0.01,0.09,325736,1010,0,471040,67264201,1290092
23-6-2021 14:5:33,1624471533.1857057,1000.0,99.3,9296.11,3737.22,2914.72,20.8,684781548,215742557,0.0006123008360493363,0.0003522487213279278,66.218,0,0,6.555029588214521,1920.77,911.48,0.01,0.09,326759,1013,0,471040,67342962,1293401
23-6-2021 14:5:38,1624471538.2217324,1000.0,96.5,9308.84,3743.74,2915.79,20.9,685063911,215930342,0.0005606860644521158,0.0003728832482058221,68.166,0,0,6.556866731579065,1927.57,914.91,0.01,0.09,327782,1016,0,471040,67421720,1296708
23-6-2021 14:5:43,1624471543.2248914,1000.0,82.2,9320.24,3749.57,2918.86,20.8,685276858,216086586,0.0004256250861400911,0.00031229069185699916,66.705,0,0,6.507467987776873,1932.42,917.31,0.01,0.09,328801,1017,0,471040,67498273,1297811
23-6-2021 14:5:48,1624471548.231108,1000.0,98.0,9332.7,3756.34,2919.82,20.8,685578904,216271577,0.0006033418619218945,0.00036952257066404846,66.705,0,0,6.529615771671658,1938.89,920.28,0.01,0.09,329824,1020,0,471040,67577024,1301120
23-6-2021 14:5:53,1624471553.2317495,1000.0,99.5,9344.78,3763.33,2920.86,20.8,685878137,216460250,0.0005983892165631403,0.0003772975863511624,67.192,0,0,6.541455140020943,1944.98,923.61,0.01,0.09,330847,1023,0,471040,67655801,1304429
23-6-2021 14:5:58,1624471558.2348266,1000.0,94.4,9357.43,3769.71,2922.12,20.7,686192916,216639026,0.0006291708044890053,0.00035733209567133265,66.705,0,0,6.556356413977802,1951.97,927.02,0.01,0.09,331868,1025,0,471040,67733442,1306635
23-6-2021 14:6:3,1624471563.240416,1000.0,95.4,9369.73,3775.65,2923.36,20.8,686522093,216823376,0.000657618849838466,0.00036828829161126447,66.705,0,0,6.448781463631706,1958.62,929.72,0.01,0.09,332896,1028,0,471040,67812509,1309944
23-6-2021 14:6:8,1624471568.2428188,1000.0,94.5,9382.92,3781.23,2924.4,20.8,686837567,217011282,0.0006306449394826838,0.000375631487851402,67.192,0,0,6.5028751293655125,1965.2,933.5,0.01,0.09,333924,1031,0,471040,67891560,1313253
23-6-2021 14:6:13,1624471573.2436795,1000.0,99.0,9395.53,3787.26,2925.39,20.9,687179754,217190694,0.0006842562133574381,0.00035876224330814635,67.679,0,0,6.58605689837127,1970.74,936.75,0.01,0.09,334952,1034,0,471040,67970609,1316562
23-6-2021 14:6:18,1624471578.2623153,1000.0,96.0,9408.69,3793.09,2926.31,20.7,687534731,217365067,0.0007073177207828868,0.0003474509980254335,66.218,0,0,6.552784190768966,1977.58,940.65,0.01,0.09,335976,1035,0,471040,68047458,1317665
23-6-2021 14:6:23,1624471583.2724314,1000.0,94.7,9421.74,3798.87,2927.19,20.8,687925760,217552770,0.0007804789193921181,0.00037464800464072676,67.679,0,0,6.5549275246942695,1983.28,943.31,0.01,0.09,337004,1038,0,471040,68126497,1320974
23-6-2021 14:6:28,1624471588.2815056,1000.0,98.0,9436.09,3804.08,2927.65,20.8,688146975,217720531,0.0004416285139255521,0.000334914183598149,66.705,0,0,6.549620221641141,1991.42,946.67,0.01,0.09,338030,1040,0,471040,68204458,1323180
23-6-2021 14:6:33,1624471593.2937744,1000.0,99.3,9449.61,3809.62,2928.45,20.7,688346409,217892423,0.00039789167079318303,0.0003429425026624438,67.192,0,0,6.589527058059855,1997.13,949.32,0.01,0.09,339056,1042,0,471040,68282402,1325386
23-6-2021 14:6:38,1624471598.2970495,1000.0,99.0,9462.43,3815.63,2929.35,20.8,688624880,218069860,0.0005565774244194389,0.0003546416986210843,67.192,0,0,6.556356413977802,2003.7,953.08,0.01,0.09,340084,1045,0,471040,68361457,1328695
23-6-2021 14:6:43,1624471603.300256,1000.0,92.0,9474.95,3820.49,2931.67,20.8,688819241,218225925,0.00038847287300924774,0.0003119299598488804,66.705,0,0,6.562786415753709,2009.58,956.04,0.01,0.09,341108,1046,0,471040,68438310,1329796
23-6-2021 14:6:48,1624471608.304053,1000.0,94.5,9488.27,3826.03,2932.63,20.7,689086370,218410593,0.0005338525865491208,0.0003690557350675256,67.192,0,0,6.467254960797401,2015.82,958.42,0.01,0.09,342136,1049,0,471040,68517371,1333105
23-6-2021 14:6:53,1624471613.3118563,1000.0,97.0,9501.56,3831.74,2933.49,20.8,689337056,218601373,0.0005005907578718953,0.00038096544995253105,66.705,0,0,6.535943709927311,2022.42,961.67,0.01,0.09,343164,1052,0,471040,68596410,1336414
23-6-2021 14:6:58,1624471618.313413,1000.0,98.0,9514.69,3837.18,2934.64,20.8,689641791,218778234,0.0006092803145993224,0.00035361191107142516,67.679,0,0,6.557377049180328,2028.89,965.06,0.01,0.09,344196,1057,0,471040,68677681,1341929
23-6-2021 14:7:3,1624471623.3266668,1000.0,88.2,9527.93,3842.54,2935.83,20.8,689939907,218963883,0.0005946556953373195,0.0003703163707539281,66.705,0,0,6.461029086062002,2035.22,967.76,0.01,0.09,345224,1060,0,471040,68756735,1345238
23-6-2021 14:7:8,1624471628.335879,1000.0,99.5,9541.21,3848.54,2936.44,20.9,690403211,219349556,0.0009249039097781221,0.0007699274463329859,68.166,0,0,6.612593413636911,2041.09,970.87,0.01,0.09,346250,1062,0,471040,68834660,1347442
23-6-2021 14:7:13,1624471633.339173,1000.0,99.5,9554.37,3854.36,2937.18,20.9,690656741,219537787,0.0005067261697025008,0.00037621415078795974,65.731,0,0,6.565235940239768,2047.71,974.35,0.01,0.09,347278,1065,0,471040,68913739,1350751
23-6-2021 14:7:18,1624471638.3504074,1000.0,90.9,9567.45,3859.77,2938.41,20.8,690961844,219724187,0.0006088380282035374,0.00037196424963746464,67.679,0,0,6.5543151435727545,2054.46,977.72,0.01,0.09,348298,1067,0,471040,68991353,1352957
23-6-2021 14:7:23,1624471643.3517625,1000.0,89.6,9580.57,3865.33,2939.52,20.8,691313779,219916693,0.0007036792788209525,0.00038490767684005935,67.679,0,0,6.4723581368100245,2060.52,980.27,0.01,0.09,349320,1070,0,471040,69070048,1356266
23-6-2021 14:7:28,1624471648.3554242,1000.0,99.3,9593.79,3871.34,2940.17,20.9,691666278,220097969,0.0007044820890920508,0.00036228668785514455,67.192,0,0,6.573401021859965,2067.48,983.79,0.01,0.09,350347,1073,0,471040,69149097,1359575
23-6-2021 14:7:33,1624471653.3585727,1000.0,95.0,9606.55,3877.18,2941.35,20.8,691993716,220285807,0.0006544638767987726,0.00037543958150895084,67.192,0,0,6.560234827747396,2073.59,987.18,0.01,0.09,351366,1075,0,471040,69226697,1361781
23-6-2021 14:7:38,1624471658.362803,1000.0,95.9,9619.74,3882.78,2942.32,20.9,692317735,220471709,0.0006474901895202323,0.000371489700332975,67.192,0,0,6.483891314598554,2080.57,989.78,0.01,0.09,352393,1078,0,471040,69305688,1365090
23-6-2021 14:7:43,1624471663.3630247,1000.0,86.4,9631.7,3888.31,2944.54,20.8,692560930,220629573,0.00048636843157571005,0.0003157139993925364,66.705,0,0,6.5680937188068365,2085.72,992.68,0.01,0.09,353418,1080,0,471040,69383593,1367296
23-6-2021 14:7:48,1624471668.3734543,1000.0,90.8,9644.07,3893.76,2946.34,20.7,692870680,220813015,0.0006182104598728591,0.0003661203008232349,67.679,0,0,6.576462927467539,2092.16,995.96,0.01,0.09,354449,1082,0,471040,69461828,1369500
23-6-2021 14:7:53,1624471673.3964336,1000.0,97.5,9657.05,3899.82,2947.28,20.8,693227314,221008766,0.0007100049225290682,0.0003897109462081227,67.679,0,0,6.538087043852612,2098.6,999.07,0.01,0.09,355482,1085,0,471040,69541143,1372809
23-6-2021 14:7:58,1624471678.3996048,1000.0,99.3,9670.23,3905.86,2947.86,20.8,693551398,221186502,0.0006477571657799702,0.00035524668794839853,66.705,0,0,6.552273873167705,2104.72,1002.69,0.01,0.09,356515,1088,0,471040,69620520,1376118
23-6-2021 14:8:3,1624471683.4201026,1000.0,89.3,9682.53,3911.92,2949.26,20.8,693916903,221368086,0.0007280254162817285,0.00036168524969590397,66.218,0,0,6.523696087497015,2110.93,1006.14,0.01,0.09,357546,1090,0,471040,69698761,1378324
23-6-2021 14:8:8,1624471688.421921,1000.0,96.7,9695.44,3917.84,2950.18,20.9,694288006,221562528,0.0007419361699081473,0.0003887426206451578,65.731,0,0,6.460518768460739,2117.43,1009.32,0.01,0.09,358574,1093,0,471040,69777799,1381633
23-6-2021 14:8:13,1624471693.4282708,1000.0,99.2,9708.61,3923.88,2950.94,20.8,694605472,221746000,0.000634126684220274,0.00036647858670617366,67.192,0,0,6.575136101704257,2123.36,1012.6,0.01,0.09,359602,1096,0,471040,69856849,1384942
23-6-2021 14:8:18,1624471698.4316235,1000.0,99.5,9721.57,3929.74,2952.01,20.8,694938226,221938038,0.0006650620569951313,0.0003838186386977497,68.166,0,0,6.604734522577472,2130.2,1015.9,0.01,0.09,360630,1099,0,471040,69935894,1388251
23-6-2021 14:8:23,1624471703.4345782,1000.0,91.6,9735.06,3935.01,2952.94,20.8,695283897,222131845,0.0006909336966770688,0.00038738507700065283,68.166,0,0,6.563909114476485,2136.67,1018.62,0.01,0.09,361656,1101,0,471040,70013881,1390457
23-6-2021 14:8:28,1624471708.437913,1000.0,92.1,9747.7,3940.73,2954.35,20.8,695689167,222322102,0.0008099997689262403,0.00038026038452537746,66.705,0,0,6.477053058741639,2142.52,1021.29,0.01,0.09,362684,1104,0,471040,70092953,1393766
23-6-2021 14:8:33,1624471713.4402575,1000.0,94.6,9760.88,3946.59,2955.17,20.9,696068207,222515807,0.0007577246864811489,0.0003872284202058647,67.679,0,0,6.458171307494933,2149.04,1024.51,0.01,0.09,363712,1107,0,471040,70172006,1397075
23-6-2021 14:8:38,1624471718.4415596,1000.0,96.0,9774.84,3951.92,2955.74,20.8,696475977,222693466,0.000815327688040524,0.00035522549900579114,67.679,0,0,6.559724510146135,2156.11,1027.72,0.01,0.09,364740,1110,0,471040,70251037,1400384
23-6-2021 14:8:43,1624471723.4435754,1000.0,63.4,9785.53,3956.91,2959.58,20.9,696683453,222851239,0.00041478477295802307,0.000315418833908048,66.705,0,0,6.446740193226656,2160.31,1029.78,0.01,0.09,365764,1111,0,471040,70327893,1401485
23-6-2021 14:8:48,1624471728.4579651,1000.0,98.8,9799.13,3962.41,2960.39,20.9,697017205,223029129,0.0006655884692201718,0.00035475902103830495,67.679,0,0,6.5747278476232465,2166.93,1032.93,0.01,0.09,366792,1114,0,471040,70406977,1404794
23-6-2021 14:8:53,1624471733.4588802,1000.0,94.2,9812.04,3967.94,2961.6,20.7,697381835,223223590,0.0007291265624739278,0.00038885083636903836,67.679,0,0,6.556356413977802,2173.25,1035.96,0.01,0.09,367818,1116,0,471040,70484912,1407000
23-6-2021 14:8:58,1624471738.461625,1000.0,89.5,9824.87,3973.63,2962.79,20.8,697747724,223412651,0.0007313764870197745,0.00037791453149027597,66.705,0,0,6.5748299111435,2179.61,1039.54,0.01,0.09,368851,1119,0,471040,70564269,1410309
23-6-2021 14:9:3,1624471743.4647934,1000.0,99.5,9838.53,3979.12,2963.58,20.8,698041028,223584754,0.0005862365201494091,0.0003439880254864364,66.705,0,0,6.56574625784103,2186.27,1042.45,0.01,0.09,369882,1121,0,471040,70642539,1412515
23-6-2021 14:9:8,1624471748.4687514,1000.0,95.8,9850.99,3984.43,2965.45,21.0,698613378,223976162,0.0011437945752266246,0.0007821968150612434,66.218,0,0,6.568501972887847,2191.24,1044.82,0.01,0.09,370915,1124,0,471040,70721903,1415824
23-6-2021 14:9:13,1624471753.4716606,1000.0,89.0,9863.69,3990.02,2966.78,20.8,698944477,224164912,0.0006618129329467861,0.0003772804843678352,67.192,0,0,6.551253237965179,2197.6,1048.4,0.01,0.09,371948,1127,0,471040,70801237,1419129
23-6-2021 14:9:18,1624471758.4737577,1000.0,93.7,9876.84,3995.67,2967.73,20.9,699344290,224349055,0.0007992907567035692,0.00036813159605031685,68.166,0,0,6.506345289054096,2203.71,1051.26,0.01,0.09,372979,1129,0,471040,70879528,1421335
23-6-2021 14:9:23,1624471763.4907806,1000.0,96.0,9890.25,4001.33,2968.52,20.8,699658556,224540097,0.0006263993796982254,0.00038078758216386236,66.705,0,0,6.457763053413923,2210.71,1053.84,0.01,0.09,374012,1132,0,471040,70958875,1424644
23-6-2021 14:9:28,1624471768.5150647,1000.0,95.1,9903.54,4007.08,2969.47,20.9,699984457,224731866,0.0006486516127122495,0.0003816842265541234,67.192,0,0,6.480217027869465,2217.32,1057.29,0.01,0.09,375045,1135,0,471040,71038241,1427953
23-6-2021 14:9:33,1624471773.522902,1000.0,95.7,9916.61,4012.91,2970.35,20.9,700342600,224922368,0.0007151650080954498,0.0003804077264450216,67.192,0,0,6.5543151435727545,2223.31,1060.39,0.01,0.09,376078,1138,0,471040,71117625,1431260
23-6-2021 14:9:38,1624471778.5272794,1000.0,95.4,9929.51,4018.42,2971.75,20.8,700723682,225102636,0.0007614973296312318,0.0003602206365505663,66.705,0,0,6.562378161672698,2229.37,1064.03,0.01,0.09,377109,1140,0,471040,71195903,1433466
23-6-2021 14:9:43,1624471783.530307,1000.0,82.0,9940.88,4023.88,2974.61,20.8,700946991,225258923,0.00044634772060661397,0.00031238483988753644,66.218,0,0,6.559010065504367,2233.46,1066.45,0.01,0.09,378140,1142,0,471040,71274149,1435672
23-6-2021 14:9:48,1624471788.5391037,1000.0,99.3,9954.14,4029.53,2975.57,20.7,701245651,225440038,0.0005962709576200319,0.00036159383409010943,67.679,0,0,6.555641969336036,2240.86,1069.93,0.01,0.09,379173,1145,0,471040,71353527,1438979
23-6-2021 14:9:53,1624471793.5433986,1000.0,96.2,9967.15,4035.28,2976.49,20.8,701614528,225627358,0.0007371208320337174,0.0003743184699955702,68.166,0,0,6.531554978556454,2247.09,1072.95,0.01,0.09,380204,1147,0,471040,71431814,1441185
23-6-2021 14:9:58,1624471798.546269,1000.0,93.7,9980.16,4041.24,2977.42,20.8,701981164,225821912,0.0007328512962667582,0.00038888475516283964,66.218,0,0,6.51359179899202,2253.4,1076.6,0.01,0.09,381237,1150,0,471040,71511160,1444494
23-6-2021 14:10:3,1624471803.568647,1000.0,99.3,9993.18,4047.38,2978.22,20.9,702350378,226014484,0.0007351378218935523,0.0003834279324123277,67.192,0,0,6.554008953011997,2259.35,1080.15,0.01,0.09,382270,1153,0,471040,71590511,1447803
23-6-2021 14:10:8,1624471808.596053,1000.0,88.2,10006.49,4052.69,2979.65,20.8,702715621,226205682,0.0007265038901828467,0.0003803114386728285,67.192,0,0,6.566664829523303,2265.89,1083.2,0.01,0.09,383296,1155,0,471040,71668483,1450009
23-6-2021 14:10:13,1624471813.5998573,1000.0,92.5,10019.37,4058.24,2980.8,20.9,703157597,226404306,0.000883279921976329,0.0003969459681580592,67.679,0,0,6.462866229426546,2272.48,1085.73,0.01,0.09,384324,1158,0,471040,71747523,1453318
23-6-2021 14:10:18,1624471818.6086617,1000.0,99.0,10033.03,4063.84,2981.52,20.7,703592312,226584653,0.0008679017428417368,0.0003600599832448356,66.705,0,0,6.559214192544872,2278.98,1089.11,0.01,0.09,385350,1160,0,471040,71825458,1455524
23-6-2021 14:10:23,1624471823.6152782,1000.0,94.0,10045.72,4069.77,2982.67,21.0,703825316,226770715,0.0004653921379826882,0.0003716322122252619,67.679,0,0,6.5559481598967935,2285.34,1092.26,0.01,0.09,386378,1163,0,471040,71904504,1458831
23-6-2021 14:10:28,1624471828.6183221,1000.0,99.0,10059.08,4075.47,2983.55,20.9,704137387,226952880,0.0006237622672545415,0.00036410833885373373,66.218,0,0,6.618615161331806,2291.85,1095.27,0.01,0.09,387400,1166,0,471040,71983237,1462140
23-6-2021 14:10:33,1624471833.6210735,1000.0,98.3,10072.69,4081.07,2984.33,20.9,704379227,227124056,0.0004834139917438162,0.0003421637175435804,66.705,0,0,6.607796428185045,2297.78,1097.86,0.01,0.09,388426,1168,0,471040,72061189,1464344
23-6-2021 14:10:38,1624471838.62152,1000.0,99.0,10085.96,4086.47,2985.47,20.8,704692949,227300674,0.000627387966977017,0.0003532044547451144,66.705,0,0,6.572482450177692,2304.59,1101.09,0.01,0.09,389454,1171,0,471040,72140224,1467653
23-6-2021 14:10:43,1624471843.62188,1000.0,55.8,10096.49,4091.03,2989.8,20.9,704920303,227453138,0.00045467526228494407,0.00030490604602959135,65.731,0,0,6.5454356173107895,2308.54,1102.95,0.01,0.09,390478,1172,0,471040,72217074,1468756
23-6-2021 14:10:48,1624471848.6305583,1000.0,93.6,10110.1,4096.55,2990.59,20.8,705195970,227628668,0.0005503787408776662,0.00035045174208830486,66.705,0,0,6.571563878495421,2315.34,1106.18,0.01,0.09,391504,1174,0,471040,72295033,1470962
23-6-2021 14:10:53,1624471853.6367254,1000.0,94.7,10123.65,4102.12,2991.4,20.8,705521721,227809228,0.0006506994047897484,0.0003606751307865117,66.705,0,0,6.472664327370782,2322.35,1108.98,0.01,0.09,392532,1177,0,471040,72374120,1474271
23-6-2021 14:10:58,1624471858.6399877,1000.0,90.0,10136.31,4108.07,2992.49,20.9,705791362,228003902,0.0005389303714927132,0.0003890941330879668,66.218,0,0,6.474195280174569,2328.7,1112.24,0.01,0.09,393560,1180,0,471040,72453171,1477580
23-6-2021 14:11:3,1624471863.6424842,1000.0,98.8,10149.59,4113.83,2993.42,20.8,706111389,228177460,0.0006397345829611689,0.0003469427727959658,66.705,0,0,6.571870069056178,2335.19,1115.67,0.01,0.09,394581,1182,0,471040,72530820,1479786
23-6-2021 14:11:8,1624471868.650707,1000.0,91.7,10162.65,4119.75,2994.54,20.8,706599515,228587340,0.000974649127449198,0.0008184140659560795,66.218,0,0,6.5664607024827975,2341.33,1118.43,0.01,0.09,395604,1185,0,471040,72609563,1483095
23-6-2021 14:11:13,1624471873.652279,1000.0,91.4,10174.49,4126.76,2995.87,20.9,706926082,228781694,0.0006529287330886243,0.0003885858368748419,66.218,0,0,6.468377659520179,2347.66,1121.33,0.01,0.09,396627,1188,0,471040,72688305,1486404
23-6-2021 14:11:18,1624471878.6555097,1000.0,77.5,10187.1,4132.43,2997.35,20.8,707213720,228957987,0.0005749045185274808,0.00035235831943194285,66.705,0,0,6.466846706716392,2353.24,1123.8,0.01,0.09,397648,1190,0,471040,72765924,1488610
23-6-2021 14:11:23,1624471883.6582224,1000.0,62.0,10195.63,4135.6,3004.88,20.8,707539598,229088694,0.0006514025845772114,0.00026127224796498557,66.705,0,0,6.466846706716392,2354.11,1123.97,0.01,0.09,398665,1190,0,471040,72841325,1488610
23-6-2021 14:11:28,1624471888.661614,1000.0,99.0,10208.38,4141.34,3006.2,20.9,707865638,229279261,0.0006516379933902751,0.0003808756517188215,66.705,0,0,6.6162677003659995,2360.82,1127.12,0.01,0.09,399691,1192,0,471040,72919270,1490816
23-6-2021 14:11:33,1624471893.6648483,1000.0,93.7,10221.74,4146.68,3007.24,20.8,708120601,229448500,0.0005095963536923318,0.0003382591878136692,66.705,0,0,6.561459589990426,2367.52,1130.77,0.01,0.09,400717,1194,0,471040,72997244,1493022
23-6-2021 14:11:38,1624471898.6679173,1000.0,99.5,10235.31,4152.33,3007.89,20.9,708437539,229620539,0.0006334871752071731,0.00034386693970261327,66.705,0,0,6.564521495598,2374.43,1133.38,0.01,0.09,401745,1197,0,471040,73076309,1496331
23-6-2021 14:11:43,1624471903.6900835,1000.0,73.0,10247.32,4157.05,3010.88,20.9,708713645,229771508,0.0005497747110274485,0.0003006053412425042,66.705,0,0,6.533494185441251,2378.98,1135.83,0.01,0.09,402769,1198,0,471040,73153168,1497434
23-6-2021 14:11:48,1624471908.6919186,1000.0,61.7,10257.4,4161.2,3016.02,20.9,708905444,229927002,0.0003834572629169144,0.0003108739025751056,65.731,0,0,6.573911339461228,2380.73,1136.65,0.01,0.09,403793,1199,0,471040,73229974,1498537
23-6-2021 14:11:53,1624471913.6956134,1000.0,98.5,10268.62,4165.82,3019.8,20.9,709118814,230073010,0.0004264248913888048,0.0002918003727885673,65.731,0,0,6.476542741140376,2385.57,1138.37,0.01,0.09,404811,1200,0,471040,73306510,1499640
23-6-2021 14:11:58,1624471918.6965744,1000.0,93.4,10281.92,4171.3,3020.71,20.8,709406368,230239768,0.0005749974779761447,0.00033345190618925814,66.705,0,0,6.477665439863153,2391.03,1141.48,0.01,0.09,405837,1202,0,471040,73384477,1501846
23-6-2021 14:12:3,1624471923.7020726,1000.0,98.2,10294.82,4177.26,3021.67,20.8,709704937,230413162,0.0005964820879140193,0.00034640707893908435,66.218,0,0,6.570237052732137,2397.0,1145.24,0.01,0.09,406863,1204,0,471040,73462419,1504052
23-6-2021 14:12:8,1624471928.7198377,1000.0,94.7,10308.4,4182.59,3022.58,20.9,710043898,230589716,0.00067552186471255,0.0003518578458951312,66.218,0,0,6.501854494162987,2403.89,1148.16,0.01,0.09,407889,1206,0,471040,73540357,1506258
23-6-2021 14:12:13,1624471933.7221837,1000.0,99.0,10322.03,4187.94,3023.44,20.9,710416242,230761046,0.0007443387504794733,0.0003424992966709498,67.192,0,0,6.577687689710568,2409.85,1150.96,0.01,0.09,408915,1208,0,471040,73618328,1508464
23-6-2021 14:12:18,1624471938.7415307,1000.0,88.7,10335.39,4193.23,3024.59,20.9,710801817,230941750,0.0007681776208211529,0.0003600149615324272,67.192,0,0,6.4729705179315395,2416.42,1153.92,0.01,0.09,409941,1210,0,471040,73696285,1510668
23-6-2021 14:12:23,1624471943.7451253,1000.0,96.0,10348.66,4199.01,3025.47,21.0,711083135,231123467,0.0005622317961659053,0.0003631729050536397,67.679,0,0,6.612797540677416,2422.52,1156.95,0.01,0.09,410969,1213,0,471040,73775294,1513977
23-6-2021 14:12:28,1624471948.7574697,1000.0,90.0,10361.77,4204.48,3026.65,20.9,711361880,231312431,0.0005561170182258767,0.00037699724203854617,66.705,0,0,6.578402134352336,2429.33,1160.21,0.01,0.09,411990,1215,0,471040,73852921,1516183
23-6-2021 14:12:33,1624471953.7602339,1000.0,92.7,10374.84,4210.49,3027.33,21.0,711597436,231505828,0.00047085169199576385,0.0003865802810240654,67.192,0,0,6.6146346840419605,2434.96,1162.93,0.01,0.09,413017,1220,0,471040,73933870,1521698
23-6-2021 14:12:38,1624471958.7625127,1000.0,93.1,10388.84,4215.65,3028.13,20.9,711898460,231672675,0.0006017737350273423,0.000333541984586302,67.679,0,0,6.577891816751073,2442.75,1166.07,0.01,0.09,414032,1222,0,471040,74011185,1523904
23-6-2021 14:12:43,1624471963.7631729,1000.0,71.4,10400.54,4220.96,3030.67,20.9,712144598,231831910,0.0004922110103241163,0.0003184279559798189,66.705,0,0,6.47256226385053,2448.61,1168.65,0.01,0.09,415053,1224,0,471040,74088816,1526110
23-6-2021 14:12:48,1624471968.7753289,1000.0,89.0,10414.45,4226.22,3031.52,20.9,712349867,231994740,0.0004095423199194235,0.0003248701750019717,66.218,0,0,6.541353076500692,2455.76,1171.59,0.01,0.09,416068,1226,0,471040,74166124,1528316
23-6-2021 14:12:53,1624471973.7778983,1000.0,99.3,10427.75,4231.85,3032.31,20.8,712629926,232169464,0.0005598303102544016,0.0003492685153088816,66.218,0,0,6.571257687934663,2461.48,1174.53,0.01,0.09,417085,1229,0,471040,74244494,1531625
23-6-2021 14:12:58,1624471978.7912588,1000.0,89.4,10440.64,4237.73,3033.49,20.8,712889236,232358740,0.0005172378886031369,0.0003775431668784364,67.192,0,0,6.588302295816825,2467.93,1177.93,0.01,0.09,418100,1231,0,471040,74321805,1533831
23-6-2021 14:13:3,1624471983.804447,1000.0,98.0,10453.36,4243.74,3034.5,20.9,713127250,232547049,0.000474775719815179,0.0003756272363082699,66.705,0,0,6.495628619427587,2474.37,1180.84,0.01,0.09,419117,1234,0,471040,74400202,1537138
23-6-2021 14:13:8,1624471988.8015783,1000.0,99.5,10466.96,4249.52,3035.02,21.1,713678876,232960488,0.001103885332649347,0.0008273526774394489,66.705,0,0,6.586975470053543,2480.22,1183.95,0.01,0.09,420134,1237,0,471040,74478659,1540447
23-6-2021 14:13:13,1624471993.8064559,1000.0,95.0,10480.54,4255.08,3035.73,20.9,713913562,233139214,0.00046891456752860545,0.00035710364059261113,67.192,0,0,6.5780959437915785,2487.76,1187.65,0.01,0.09,421155,1239,0,471040,74556296,1542653
23-6-2021 14:13:18,1624471998.8094792,1000.0,96.0,10493.14,4261.36,3036.59,21.0,714168407,233317989,0.0005093819883254072,0.0003573339283206447,67.192,0,0,6.544108791547508,2494.36,1190.7,0.01,0.09,422176,1241,0,471040,74633969,1544859
23-6-2021 14:13:23,1624472003.813601,1000.0,87.2,10505.98,4267.06,3037.75,21.0,714460046,233480493,0.000582797567282525,0.00032474029836091693,65.244,0,0,6.463172419987304,2500.79,1193.99,0.01,0.09,423197,1243,0,471040,74711610,1547065
23-6-2021 14:13:28,1624472008.816458,1000.0,94.1,10520.07,4272.07,3038.45,20.7,714685808,233651438,0.00045126614924495686,0.0003416947576770189,65.731,0,0,6.567889591766332,2506.9,1196.84,0.01,0.09,424218,1245,0,471040,74789287,1549271
23-6-2021 14:13:33,1624472013.833697,1000.0,88.8,10533.03,4277.77,3039.6,20.9,714965495,233840717,0.0005574520065163056,0.00037725728525601763,67.679,0,0,6.525431167341307,2513.35,1199.77,0.01,0.09,425248,1248,0,471040,74892533,1552578
23-6-2021 14:13:38,1624472018.8347828,1000.0,92.3,10546.26,4283.34,3040.58,20.9,715253534,234007990,0.0005759529308754346,0.0003344733685588638,66.218,0,0,6.5310446609551915,2519.01,1202.4,0.01,0.09,426271,1251,0,471040,74971283,1555887
23-6-2021 14:13:43,1624472023.8415442,1000.0,85.5,10558.2,4288.71,3043.01,21.0,715500281,234176299,0.0004928275677626524,0.00033616341881588936,65.244,0,0,6.490015125813701,2524.42,1205.34,0.01,0.09,427292,1253,0,471040,75048919,1558093
23-6-2021 14:13:48,1624472028.8458967,1000.0,98.2,10570.97,4294.87,3043.76,20.9,715791448,234359170,0.000581827511054906,0.00036542389341553716,66.705,0,0,6.6251472266279645,2530.44,1208.93,0.01,0.09,428315,1256,0,471040,75127655,1561402
23-6-2021 14:13:53,1624472033.8615062,1000.0,94.4,10584.36,4300.33,3044.75,20.8,716097553,234539464,0.0006103046894491707,0.00035946578356952285,66.218,0,0,6.455007338367107,2536.25,1211.61,0.01,0.09,429336,1258,0,471040,75205302,1563608
23-6-2021 14:13:58,1624472038.8644137,1000.0,61.7,10592.85,4303.17,3052.52,20.9,716476029,234677331,0.0007565120860171804,0.00027557375305945587,64.757,0,0,6.455007338367107,2537.23,1211.75,0.01,0.09,430355,1259,0,471040,75281870,1564711
23-6-2021 14:14:3,1624472043.865229,1000.0,57.2,10601.62,4305.96,3060.07,20.8,716840573,234810107,0.0007289691557033849,0.0002655087139485841,66.218,0,0,6.455007338367107,2538.05,1211.96,0.01,0.09,431367,1259,0,471040,75357001,1564711
23-6-2021 14:14:8,1624472048.8681147,1000.0,58.7,10610.02,4308.92,3067.82,20.8,717217625,234942079,0.0007536690096086357,0.00026379174897910864,65.731,0,0,6.455007338367107,2538.98,1212.1,0.01,0.09,432379,1259,0,471040,75432112,1564711
23-6-2021 14:14:13,1624472053.8715112,1000.0,56.1,10618.51,4311.91,3075.64,20.4,717519721,235083451,0.0006037818496518069,0.0002825520617584319,63.783,0,0,6.455007338367107,2539.74,1212.24,0.01,0.09,433385,1259,0,471040,75506669,1564711
23-6-2021 14:14:18,1624472058.8759186,1000.0,54.9,10627.92,4313.55,3084.69,20.6,717971247,235231745,0.0009022566777274862,0.0002963267935111595,64.27,0,0,6.455007338367107,2546.09,1212.58,0.01,0.09,434393,1273,0,503808,75581235,1589835
